seed,theta,F_wc,fidelity_loss,rms_eigenvalue,spectral_width,bath_rank
0,0.001,0.9999996798538655,3.2014613449149465e-07,0.6638285743689455,1.91159836185149,3
0,0.002,0.9999987194161093,1.2805838907059552e-06,0.6638285743689455,1.91159836185149,3
0,0.003,0.9999971172603882,2.8827396117980797e-06,0.6638285743689455,1.91159836185149,3
0,0.004,0.9999948749143079,5.1250856920592724e-06,0.6638285743689455,1.91159836185149,3
0,0.005,0.9999919920661922,8.007933807840928e-06,0.6638285743689455,1.91159836185149,3
0,0.006,0.9999884685975285,1.1531402471454122e-05,0.6638285743689455,1.91159836185149,3
0,0.007,0.9999843045100623,1.5695489937739282e-05,0.6638285743689455,1.91159836185149,3
0,0.008,0.9999794998194177,2.0500180582305738e-05,0.6638285743689455,1.91159836185149,3
0,0.009,0.999974054533432,2.5945466567978137e-05,0.6638285743689455,1.91159836185149,3
0,0.01,0.9999679686605416,3.203133945839376e-05,0.6638285743689455,1.91159836185149,3
0,0.011,0.9999612422145998,3.8757785400189704e-05,0.6638285743689455,1.91159836185149,3
0,0.012,0.9999538752090149,4.612479098509148e-05,0.6638285743689455,1.91159836185149,3
0,0.013,0.9999458676581868,5.413234181317339e-05,0.6638285743689455,1.91159836185149,3
0,0.014,0.9999372195785625,6.278042143748053e-05,0.6638285743689455,1.91159836185149,3
0,0.015,0.9999279309874235,7.206901257650333e-05,0.6638285743689455,1.91159836185149,3
0,0.016,0.9999180019022632,8.199809773679068e-05,0.6638285743689455,1.91159836185149,3
0,0.017,0.999907432344256,9.256765574394699e-05,0.6638285743689455,1.91159836185149,3
0,0.018,0.999896222333936,0.00010377766606395333,0.6638285743689455,1.91159836185149,3
0,0.019,0.9998843718940573,0.0001156281059426778,0.6638285743689455,1.91159836185149,3
0,0.02,0.9998718810479176,0.0001281189520824233,0.6638285743689455,1.91159836185149,3
0,0.021,0.9998587498206125,0.00014125017938748652,0.6638285743689455,1.91159836185149,3
0,0.022,0.9998449782386248,0.00015502176137516255,0.6638285743689455,1.91159836185149,3
0,0.023,0.9998305663293553,0.00016943367064470305,0.6638285743689455,1.91159836185149,3
0,0.024,0.9998155141218192,0.00018448587818076234,0.6638285743689455,1.91159836185149,3
0,0.025,0.9997998216460758,0.00020017835392416305,0.6638285743689455,1.91159836185149,3
0,0.026,0.9997834889326209,0.0002165110673790771,0.6638285743689455,1.91159836185149,3
0,0.027,0.9997665160155025,0.00023348398449751784,0.6638285743689455,1.91159836185149,3
0,0.028,0.999748902927822,0.00025109707217796373,0.6638285743689455,1.91159836185149,3
0,0.029,0.9997306497051431,0.0002693502948568627,0.6638285743689455,1.91159836185149,3
0,0.03,0.9997117563840361,0.00028824361596391235,0.6638285743689455,1.91159836185149,3
0,0.031,0.9996922230019283,0.0003077769980717182,0.6638285743689455,1.91159836185149,3
0,0.032,0.9996720495981213,0.00032795040187871827,0.6638285743689455,1.91159836185149,3
0,0.033,0.9996512362130124,0.0003487637869875604,0.6638285743689455,1.91159836185149,3
0,0.034,0.999629782888164,0.00037021711183604644,0.6638285743689455,1.91159836185149,3
0,0.035,0.9996076896664791,0.0003923103335209399,0.6638285743689455,1.91159836185149,3
0,0.036,0.999584956592171,0.00041504340782905214,0.6638285743689455,1.91159836185149,3
0,0.037,0.9995615837106873,0.00043841628931273746,0.6638285743689455,1.91159836185149,3
0,0.038,0.9995375710687728,0.00046242893122716566,0.6638285743689455,1.91159836185149,3
0,0.039,0.9995129187144852,0.0004870812855147788,0.6638285743689455,1.91159836185149,3
0,0.04,0.9994876266971285,0.0005123733028714605,0.6638285743689455,1.91159836185149,3
0,0.041,0.9994616950672263,0.0005383049327737366,0.6638285743689455,1.91159836185149,3
0,0.042,0.9994351238767026,0.0005648761232973643,0.6638285743689455,1.91159836185149,3
0,0.043,0.9994079131786979,0.0005920868213020736,0.6638285743689455,1.91159836185149,3
0,0.044,0.9993800630277988,0.000619936972201196,0.6638285743689455,1.91159836185149,3
0,0.045,0.9993515734791557,0.0006484265208442919,0.6638285743689455,1.91159836185149,3
0,0.046,0.9993224445903053,0.000677555409694719,0.6638285743689455,1.91159836185149,3
0,0.047,0.9992926764193247,0.0007073235806752676,0.6638285743689455,1.91159836185149,3
0,0.048,0.9992622690257197,0.0007377309742803151,0.6638285743689455,1.91159836185149,3
0,0.049,0.9992312224703481,0.0007687775296518762,0.6638285743689455,1.91159836185149,3
0,0.05,0.9991995368152242,0.0008004631847757793,0.6638285743689455,1.91159836185149,3
0,0.051,0.9991672121237887,0.0008327878762113272,0.6638285743689455,1.91159836185149,3
0,0.052,0.9991342484606467,0.00086575153935331,0.6638285743689455,1.91159836185149,3
0,0.053,0.9991006458917248,0.000899354108275241,0.6638285743689455,1.91159836185149,3
0,0.054,0.9990664044842448,0.0009335955157552256,0.6638285743689455,1.91159836185149,3
0,0.055,0.9990315243066148,0.0009684756933852068,0.6638285743689455,1.91159836185149,3
0,0.056,0.9989960054286491,0.001003994571350919,0.6638285743689455,1.91159836185149,3
0,0.057,0.9989598479213487,0.0010401520786512686,0.6638285743689455,1.91159836185149,3
0,0.058,0.998923051857022,0.0010769481429779848,0.6638285743689455,1.91159836185149,3
0,0.059,0.9988856173092432,0.00111438269075681,0.6638285743689455,1.91159836185149,3
0,0.06,0.9988475443528547,0.0011524556471452785,0.6638285743689455,1.91159836185149,3
0,0.061,0.9988088330640313,0.0011911669359686572,0.6638285743689455,1.91159836185149,3
0,0.062,0.9987694835201317,0.001230516479868271,0.6638285743689455,1.91159836185149,3
0,0.063,0.9987294957997691,0.001270504200230893,0.6638285743689455,1.91159836185149,3
0,0.064,0.9986888699830372,0.0013111300169628137,0.6638285743689455,1.91159836185149,3
0,0.065,0.9986476061510823,0.0013523938489177212,0.6638285743689455,1.91159836185149,3
0,0.066,0.9986057043864445,0.0013942956135555296,0.6638285743689455,1.91159836185149,3
0,0.067,0.99856316477286,0.0014368352271399987,0.6638285743689455,1.91159836185149,3
0,0.068,0.9985199873954111,0.001480012604588854,0.6638285743689455,1.91159836185149,3
0,0.069,0.9984761723404114,0.0015238276595885836,0.6638285743689455,1.91159836185149,3
0,0.07,0.9984317196954607,0.0015682803045392602,0.6638285743689455,1.91159836185149,3
0,0.071,0.9983866295494229,0.0016133704505770785,0.6638285743689455,1.91159836185149,3
0,0.072,0.998340901992549,0.0016590980074510098,0.6638285743689455,1.91159836185149,3
0,0.073,0.9982945371159591,0.0017054628840409425,0.6638285743689455,1.91159836185149,3
0,0.074,0.9982475350126264,0.001752464987373581,0.6638285743689455,1.91159836185149,3
0,0.075,0.9981998957764211,0.0018001042235789022,0.6638285743689455,1.91159836185149,3
0,0.076,0.9981516195025902,0.0018483804974097628,0.6638285743689455,1.91159836185149,3
0,0.077,0.9981027062876191,0.0018972937123808986,0.6638285743689455,1.91159836185149,3
0,0.078,0.9980531562292798,0.0019468437707201858,0.6638285743689455,1.91159836185149,3
0,0.079,0.9980029694266608,0.00199703057333922,0.6638285743689455,1.91159836185149,3
0,0.08,0.9979521459800343,0.002047854019965656,0.6638285743689455,1.91159836185149,3
0,0.081,0.9979006859909682,0.0020993140090318496,0.6638285743689455,1.91159836185149,3
0,0.082,0.997848589562383,0.0021514104376170184,0.6638285743689455,1.91159836185149,3
0,0.083,0.9977958567983822,0.0022041432016177698,0.6638285743689455,1.91159836185149,3
0,0.084,0.9977424878043631,0.002257512195636857,0.6638285743689455,1.91159836185149,3
0,0.085,0.9976884826869991,0.0023115173130009437,0.6638285743689455,1.91159836185149,3
0,0.086,0.9976338415542078,0.0023661584457922435,0.6638285743689455,1.91159836185149,3
0,0.087,0.9975785645152181,0.0024214354847819086,0.6638285743689455,1.91159836185149,3
0,0.088,0.9975226516804971,0.002477348319502859,0.6638285743689455,1.91159836185149,3
0,0.089,0.9974661031617793,0.002533896838220695,0.6638285743689455,1.91159836185149,3
0,0.09,0.9974089190720983,0.0025910809279017233,0.6638285743689455,1.91159836185149,3
0,0.091,0.9973510995256878,0.00264890047431221,0.6638285743689455,1.91159836185149,3
0,0.092,0.9972926446381362,0.002707355361863839,0.6638285743689455,1.91159836185149,3
0,0.093,0.9972335545262396,0.0027664454737603705,0.6638285743689455,1.91159836185149,3
0,0.094,0.997173829308105,0.002826170691894947,0.6638285743689455,1.91159836185149,3
0,0.095,0.997113469102996,0.0028865308970039694,0.6638285743689455,1.91159836185149,3
0,0.096,0.9970524740316083,0.002947525968391651,0.6638285743689455,1.91159836185149,3
0,0.097,0.9969908442157961,0.0030091557842039096,0.6638285743689455,1.91159836185149,3
0,0.098,0.996928579778684,0.0030714202213160124,0.6638285743689455,1.91159836185149,3
0,0.099,0.9968656808446842,0.0031343191553158123,0.6638285743689455,1.91159836185149,3
0,0.1,0.9968021475394848,0.0031978524605151826,0.6638285743689455,1.91159836185149,3
0,0.101,0.9967379799900117,0.00326202000998832,0.6638285743689455,1.91159836185149,3
0,0.102,0.996673178324475,0.0033268216755250046,0.6638285743689455,1.91159836185149,3
0,0.103,0.9966077426723112,0.0033922573276887746,0.6638285743689455,1.91159836185149,3
0,0.104,0.9965416731642815,0.0034583268357184505,0.6638285743689455,1.91159836185149,3
0,0.105,0.9964749699323576,0.0035250300676423763,0.6638285743689455,1.91159836185149,3
0,0.106,0.9964076331097799,0.0035923668902201333,0.6638285743689455,1.91159836185149,3
0,0.107,0.9963396628310918,0.0036603371689082342,0.6638285743689455,1.91159836185149,3
0,0.108,0.9962710592320494,0.003728940767950606,0.6638285743689455,1.91159836185149,3
0,0.109,0.9962018224497027,0.0037981775502973214,0.6638285743689455,1.91159836185149,3
0,0.11,0.9961319526223572,0.0038680473776427915,0.6638285743689455,1.91159836185149,3
0,0.111,0.9960614498895292,0.00393855011047084,0.6638285743689455,1.91159836185149,3
0,0.112,0.9959903143920863,0.004009685607913704,0.6638285743689455,1.91159836185149,3
0,0.113,0.9959185462720963,0.004081453727903694,0.6638285743689455,1.91159836185149,3
0,0.114,0.9958461456728863,0.004153854327113682,0.6638285743689455,1.91159836185149,3
0,0.115,0.9957731127390663,0.004226887260933676,0.6638285743689455,1.91159836185149,3
0,0.116,0.9956994476164883,0.00430055238351168,0.6638285743689455,1.91159836185149,3
0,0.117,0.9956251504522676,0.0043748495477323734,0.6638285743689455,1.91159836185149,3
0,0.118,0.9955502213947821,0.004449778605217891,0.6638285743689455,1.91159836185149,3
0,0.119,0.9954746605936572,0.00452533940634281,0.6638285743689455,1.91159836185149,3
0,0.12,0.9953984681997899,0.004601531800210057,0.6638285743689455,1.91159836185149,3
0,0.121,0.9953216443653066,0.004678355634693432,0.6638285743689455,1.91159836185149,3
0,0.122,0.995244189243622,0.004755810756377987,0.6638285743689455,1.91159836185149,3
0,0.123,0.9951661029893908,0.004833897010609212,0.6638285743689455,1.91159836185149,3
0,0.124,0.995087385758534,0.004912614241466051,0.6638285743689455,1.91159836185149,3
0,0.125,0.9950080377081906,0.004991962291809426,0.6638285743689455,1.91159836185149,3
0,0.126,0.9949280589968144,0.005071941003185643,0.6638285743689455,1.91159836185149,3
0,0.127,0.9948474497840721,0.005152550215927865,0.6638285743689455,1.91159836185149,3
0,0.128,0.994766210230871,0.005233789769129027,0.6638285743689455,1.91159836185149,3
0,0.129,0.9946843404994115,0.005315659500588543,0.6638285743689455,1.91159836185149,3
0,0.13,0.9946018407531345,0.005398159246865486,0.6638285743689455,1.91159836185149,3
0,0.131,0.9945187111567375,0.0054812888432624884,0.6638285743689455,1.91159836185149,3
0,0.132,0.9944349518761183,0.0055650481238816996,0.6638285743689455,1.91159836185149,3
0,0.133,0.9943505630784976,0.005649436921502438,0.6638285743689455,1.91159836185149,3
0,0.134,0.9942655449323273,0.0057344550676726724,0.6638285743689455,1.91159836185149,3
0,0.135,0.9941798976072728,0.005820102392727233,0.6638285743689455,1.91159836185149,3
0,0.136,0.9940936212743046,0.005906378725695438,0.6638285743689455,1.91159836185149,3
0,0.137,0.9940067161055788,0.00599328389442122,0.6638285743689455,1.91159836185149,3
0,0.138,0.9939191822745694,0.006080817725430565,0.6638285743689455,1.91159836185149,3
0,0.139,0.9938310199559545,0.006168980044045536,0.6638285743689455,1.91159836185149,3
0,0.14,0.9937422293256736,0.006257770674326424,0.6638285743689455,1.91159836185149,3
0,0.141,0.993652810560912,0.0063471894390879635,0.6638285743689455,1.91159836185149,3
0,0.142,0.9935627638400969,0.006437236159903104,0.6638285743689455,1.91159836185149,3
0,0.143,0.9934720893429205,0.006527910657079472,0.6638285743689455,1.91159836185149,3
0,0.144,0.9933807872502897,0.006619212749710335,0.6638285743689455,1.91159836185149,3
0,0.145,0.9932888577443933,0.00671114225560665,0.6638285743689455,1.91159836185149,3
0,0.146,0.9931963010086393,0.006803698991360685,0.6638285743689455,1.91159836185149,3
0,0.147,0.993103117227692,0.006896882772308044,0.6638285743689455,1.91159836185149,3
0,0.148,0.9930093065874658,0.006990693412534221,0.6638285743689455,1.91159836185149,3
0,0.149,0.9929148692750818,0.007085130724918232,0.6638285743689455,1.91159836185149,3
0,0.15,0.9928198054789656,0.007180194521034355,0.6638285743689455,1.91159836185149,3
0,0.151,0.9927241153887243,0.007275884611275707,0.6638285743689455,1.91159836185149,3
0,0.152,0.9926277991952523,0.007372200804747653,0.6638285743689455,1.91159836185149,3
0,0.153,0.9925308570906697,0.0074691429093303174,0.6638285743689455,1.91159836185149,3
0,0.154,0.9924332892683213,0.007566710731678694,0.6638285743689455,1.91159836185149,3
0,0.155,0.9923350959228253,0.0076649040771746835,0.6638285743689455,1.91159836185149,3
0,0.156,0.9922362772500064,0.007763722749993596,0.6638285743689455,1.91159836185149,3
0,0.157,0.9921368334469539,0.007863166553046086,0.6638285743689455,1.91159836185149,3
0,0.158,0.9920367647119855,0.007963235288014459,0.6638285743689455,1.91159836185149,3
0,0.159,0.9919360712446564,0.008063928755343563,0.6638285743689455,1.91159836185149,3
0,0.16,0.9918347532457642,0.0081652467542358,0.6638285743689455,1.91159836185149,3
0,0.161,0.9917328109173373,0.008267189082662663,0.6638285743689455,1.91159836185149,3
0,0.162,0.9916302444626477,0.008369755537352308,0.6638285743689455,1.91159836185149,3
0,0.163,0.9915270540862019,0.008472945913798102,0.6638285743689455,1.91159836185149,3
0,0.164,0.9914232399937378,0.008576760006262174,0.6638285743689455,1.91159836185149,3
0,0.165,0.9913188023922311,0.008681197607768865,0.6638285743689455,1.91159836185149,3
0,0.166,0.9912137414898936,0.008786258510106393,0.6638285743689455,1.91159836185149,3
0,0.167,0.9911080574961728,0.008891942503827188,0.6638285743689455,1.91159836185149,3
0,0.168,0.9910017506217409,0.008998249378259104,0.6638285743689455,1.91159836185149,3
0,0.169,0.9908948210785128,0.009105178921487211,0.6638285743689455,1.91159836185149,3
0,0.17,0.9907872690796301,0.009212730920369894,0.6638285743689455,1.91159836185149,3
0,0.171,0.990679094839464,0.009320905160535964,0.6638285743689455,1.91159836185149,3
0,0.172,0.9905702985736287,0.00942970142637134,0.6638285743689455,1.91159836185149,3
0,0.173,0.9904608804989453,0.009539119501054683,0.6638285743689455,1.91159836185149,3
0,0.174,0.9903508408335008,0.009649159166499222,0.6638285743689455,1.91159836185149,3
0,0.175,0.9902401797965635,0.009759820203436465,0.6638285743689455,1.91159836185149,3
0,0.176,0.9901288976086828,0.009871102391317166,0.6638285743689455,1.91159836185149,3
0,0.177,0.9900169944915881,0.009983005508411913,0.6638285743689455,1.91159836185149,3
0,0.178,0.9899044706682767,0.010095529331723307,0.6638285743689455,1.91159836185149,3
0,0.179,0.9897913263629465,0.010208673637053467,0.6638285743689455,1.91159836185149,3
0,0.18,0.9896775618010276,0.010322438198972383,0.6638285743689455,1.91159836185149,3
0,0.181,0.9895631772091825,0.01043682279081748,0.6638285743689455,1.91159836185149,3
0,0.182,0.9894481728152933,0.010551827184706708,0.6638285743689455,1.91159836185149,3
0,0.183,0.9893325488484643,0.010667451151535667,0.6638285743689455,1.91159836185149,3
0,0.184,0.9892163055390334,0.010783694460966609,0.6638285743689455,1.91159836185149,3
0,0.185,0.9890994431185441,0.010900556881455858,0.6638285743689455,1.91159836185149,3
0,0.186,0.9889819618197775,0.011018038180222511,0.6638285743689455,1.91159836185149,3
0,0.187,0.9888638618767333,0.011136138123266748,0.6638285743689455,1.91159836185149,3
0,0.188,0.98874514352463,0.011254856475369945,0.6638285743689455,1.91159836185149,3
0,0.189,0.9886258069999082,0.011374193000091792,0.6638285743689455,1.91159836185149,3
0,0.19,0.9885058525402282,0.011494147459771842,0.6638285743689455,1.91159836185149,3
0,0.191,0.9883852803844687,0.011614719615531288,0.6638285743689455,1.91159836185149,3
0,0.192,0.9882640907727278,0.01173590922727219,0.6638285743689455,1.91159836185149,3
0,0.193,0.9881422839463261,0.011857716053673917,0.6638285743689455,1.91159836185149,3
0,0.194,0.9880198601477785,0.01198013985222146,0.6638285743689455,1.91159836185149,3
0,0.195,0.9878968196208548,0.012103180379145151,0.6638285743689455,1.91159836185149,3
0,0.196,0.9877731626105163,0.012226837389483713,0.6638285743689455,1.91159836185149,3
0,0.197,0.9876488893629365,0.012351110637063512,0.6638285743689455,1.91159836185149,3
0,0.198,0.9875240001255178,0.012475999874482224,0.6638285743689455,1.91159836185149,3
0,0.199,0.9873984951468704,0.012601504853129608,0.6638285743689455,1.91159836185149,3
0,0.2,0.9872723746768101,0.01272762532318994,0.6638285743689455,1.91159836185149,3
0,0.201,0.9871456389663791,0.01285436103362092,0.6638285743689455,1.91159836185149,3
0,0.202,0.9870182882678218,0.012981711732178214,0.6638285743689455,1.91159836185149,3
0,0.203,0.9868903228346027,0.013109677165397349,0.6638285743689455,1.91159836185149,3
0,0.204,0.9867617429213761,0.013238257078623916,0.6638285743689455,1.91159836185149,3
0,0.205,0.9866325487840356,0.013367451215964388,0.6638285743689455,1.91159836185149,3
0,0.206,0.986502740679663,0.013497259320336963,0.6638285743689455,1.91159836185149,3
0,0.207,0.9863723188665567,0.013627681133443259,0.6638285743689455,1.91159836185149,3
0,0.208,0.9862412836042195,0.013758716395780524,0.6638285743689455,1.91159836185149,3
0,0.209,0.9861096351533644,0.013890364846635639,0.6638285743689455,1.91159836185149,3
0,0.21,0.9859773737759069,0.014022626224093115,0.6638285743689455,1.91159836185149,3
0,0.211,0.9858444997349701,0.014155500265029874,0.6638285743689455,1.91159836185149,3
0,0.212,0.9857110132948858,0.014288986705114248,0.6638285743689455,1.91159836185149,3
0,0.213,0.9855769147211806,0.014423085278819414,0.6638285743689455,1.91159836185149,3
0,0.214,0.9854422042805936,0.014557795719406408,0.6638285743689455,1.91159836185149,3
0,0.215,0.985306882241062,0.014693117758938001,0.6638285743689455,1.91159836185149,3
0,0.216,0.9851709488717277,0.014829051128272264,0.6638285743689455,1.91159836185149,3
0,0.217,0.9850344044429302,0.014965595557069777,0.6638285743689455,1.91159836185149,3
0,0.218,0.9848972492262129,0.015102750773787088,0.6638285743689455,1.91159836185149,3
0,0.219,0.9847594834943167,0.015240516505683255,0.6638285743689455,1.91159836185149,3
0,0.22,0.9846211075211841,0.015378892478815853,0.6638285743689455,1.91159836185149,3
0,0.221,0.9844821215819545,0.015517878418045528,0.6638285743689455,1.91159836185149,3
0,0.222,0.9843425259529596,0.01565747404704043,0.6638285743689455,1.91159836185149,3
0,0.223,0.9842023209117384,0.015797679088261574,0.6638285743689455,1.91159836185149,3
0,0.224,0.9840615067370184,0.01593849326298158,0.6638285743689455,1.91159836185149,3
0,0.225,0.9839200837087311,0.016079916291268925,0.6638285743689455,1.91159836185149,3
0,0.226,0.9837780521079769,0.016221947892023136,0.6638285743689455,1.91159836185149,3
0,0.227,0.9836354122170873,0.01636458778291272,0.6638285743689455,1.91159836185149,3
0,0.228,0.9834921643195611,0.016507835680438898,0.6638285743689455,1.91159836185149,3
0,0.229,0.9833483087000978,0.016651691299902183,0.6638285743689455,1.91159836185149,3
0,0.23,0.9832038456445881,0.01679615435541193,0.6638285743689455,1.91159836185149,3
0,0.231,0.9830587754401088,0.01694122455989122,0.6638285743689455,1.91159836185149,3
0,0.232,0.982913098374934,0.017086901625065987,0.6638285743689455,1.91159836185149,3
0,0.233,0.9827668147385201,0.017233185261479878,0.6638285743689455,1.91159836185149,3
0,0.234,0.9826199248215167,0.01738007517848328,0.6638285743689455,1.91159836185149,3
0,0.235,0.9824724289157579,0.017527571084242077,0.6638285743689455,1.91159836185149,3
0,0.236,0.9823243273142633,0.017675672685736665,0.6638285743689455,1.91159836185149,3
0,0.237,0.9821756203112444,0.01782437968875561,0.6638285743689455,1.91159836185149,3
0,0.238,0.9820263082020931,0.017973691797906866,0.6638285743689455,1.91159836185149,3
0,0.239,0.9818763912833827,0.018123608716617334,0.6638285743689455,1.91159836185149,3
0,0.24,0.9817258698528801,0.01827413014711987,0.6638285743689455,1.91159836185149,3
0,0.241,0.9815747442095238,0.018425255790476158,0.6638285743689455,1.91159836185149,3
0,0.242,0.9814230146534388,0.01857698534656116,0.6638285743689455,1.91159836185149,3
0,0.243,0.9812706814859352,0.018729318514064786,0.6638285743689455,1.91159836185149,3
0,0.244,0.9811177450094973,0.018882254990502667,0.6638285743689455,1.91159836185149,3
0,0.245,0.9809642055277917,0.019035794472208267,0.6638285743689455,1.91159836185149,3
0,0.246,0.9808100633456635,0.019189936654336548,0.6638285743689455,1.91159836185149,3
0,0.247,0.9806553187691355,0.019344681230864524,0.6638285743689455,1.91159836185149,3
0,0.248,0.9804999721054034,0.019500027894596594,0.6638285743689455,1.91159836185149,3
0,0.249,0.9803440236628486,0.019655976337151437,0.6638285743689455,1.91159836185149,3
0,0.25,0.9801874737510106,0.019812526248989437,0.6638285743689455,1.91159836185149,3
0,0.251,0.9800303226806284,0.019969677319371604,0.6638285743689455,1.91159836185149,3
0,0.252,0.9798725707635946,0.020127429236405425,0.6638285743689455,1.91159836185149,3
0,0.253,0.9797142183129826,0.020285781687017446,0.6638285743689455,1.91159836185149,3
0,0.254,0.9795552656430303,0.020444734356969696,0.6638285743689455,1.91159836185149,3
0,0.255,0.9793957130691593,0.02060428693084071,0.6638285743689455,1.91159836185149,3
0,0.256,0.9792355609079534,0.020764439092046616,0.6638285743689455,1.91159836185149,3
0,0.257,0.9790748094771602,0.02092519052283981,0.6638285743689455,1.91159836185149,3
0,0.258,0.9789134590957107,0.021086540904289297,0.6638285743689455,1.91159836185149,3
0,0.259,0.9787515100836911,0.0212484899163089,0.6638285743689455,1.91159836185149,3
0,0.26,0.9785889627623577,0.02141103723764226,0.6638285743689455,1.91159836185149,3
0,0.261,0.978425817454135,0.02157418254586496,0.6638285743689455,1.91159836185149,3
0,0.262,0.9782620744826102,0.021737925517389844,0.6638285743689455,1.91159836185149,3
0,0.263,0.9780977341725348,0.02190226582746524,0.6638285743689455,1.91159836185149,3
0,0.264,0.977932796849823,0.02206720315017696,0.6638285743689455,1.91159836185149,3
0,0.265,0.9777672628415551,0.02223273715844487,0.6638285743689455,1.91159836185149,3
0,0.266,0.9776011324759869,0.0223988675240131,0.6638285743689455,1.91159836185149,3
0,0.267,0.9774344060824655,0.022565593917534543,0.6638285743689455,1.91159836185149,3
0,0.268,0.9772670839916034,0.022732916008396553,0.6638285743689455,1.91159836185149,3
0,0.269,0.9770991665350992,0.022900833464900794,0.6638285743689455,1.91159836185149,3
0,0.27,0.9769306540458322,0.023069345954167764,0.6638285743689455,1.91159836185149,3
0,0.271,0.9767615468578321,0.02323845314216788,0.6638285743689455,1.91159836185149,3
0,0.272,0.9765918453062907,0.02340815469370927,0.6638285743689455,1.91159836185149,3
0,0.273,0.9764215497275507,0.023578450272449314,0.6638285743689455,1.91159836185149,3
0,0.274,0.9762506604591152,0.023749339540884762,0.6638285743689455,1.91159836185149,3
0,0.275,0.9760791778396289,0.023920822160371058,0.6638285743689455,1.91159836185149,3
0,0.276,0.9759071022089042,0.024092897791095802,0.6638285743689455,1.91159836185149,3
0,0.277,0.9757344339078892,0.024265566092110835,0.6638285743689455,1.91159836185149,3
0,0.278,0.9755611732786993,0.02443882672130071,0.6638285743689455,1.91159836185149,3
0,0.279,0.9753873206645838,0.02461267933541622,0.6638285743689455,1.91159836185149,3
0,0.28,0.9752128764099524,0.024787123590047644,0.6638285743689455,1.91159836185149,3
0,0.281,0.9750378408603565,0.024962159139643503,0.6638285743689455,1.91159836185149,3
0,0.282,0.9748622143624983,0.025137785637501686,0.6638285743689455,1.91159836185149,3
0,0.283,0.9746859972642196,0.02531400273578044,0.6638285743689455,1.91159836185149,3
0,0.284,0.9745091899145153,0.025490810085484705,0.6638285743689455,1.91159836185149,3
0,0.285,0.9743317926635183,0.025668207336481674,0.6638285743689455,1.91159836185149,3
0,0.286,0.9741538058625082,0.025846194137491785,0.6638285743689455,1.91159836185149,3
0,0.287,0.9739752298639067,0.026024770136093278,0.6638285743689455,1.91159836185149,3
0,0.288,0.9737960650212701,0.02620393497872986,0.6638285743689455,1.91159836185149,3
0,0.289,0.9736163116893066,0.026383688310693376,0.6638285743689455,1.91159836185149,3
0,0.29,0.9734359702238556,0.02656402977614436,0.6638285743689455,1.91159836185149,3
0,0.291,0.9732550409818965,0.026744959018103476,0.6638285743689455,1.91159836185149,3
0,0.292,0.9730735243215457,0.026926475678454298,0.6638285743689455,1.91159836185149,3
0,0.293,0.972891420602058,0.02710857939794198,0.6638285743689455,1.91159836185149,3
0,0.294,0.9727087301838238,0.027291269816176245,0.6638285743689455,1.91159836185149,3
0,0.295,0.972525453428363,0.02747454657163695,0.6638285743689455,1.91159836185149,3
0,0.296,0.9723415906983365,0.027658409301663522,0.6638285743689455,1.91159836185149,3
0,0.297,0.9721571423575329,0.027842857642467078,0.6638285743689455,1.91159836185149,3
0,0.298,0.9719721087708704,0.02802789122912963,0.6638285743689455,1.91159836185149,3
0,0.299,0.9717864903044071,0.028213509695592887,0.6638285743689455,1.91159836185149,3
0,0.3,0.9716002873253186,0.028399712674681443,0.6638285743689455,1.91159836185149,3
0,0.301,0.9714135002019185,0.028586499798081477,0.6638285743689455,1.91159836185149,3
0,0.302,0.9712261293036446,0.028773870696355397,0.6638285743689455,1.91159836185149,3
0,0.303,0.9710381750010598,0.028961824998940178,0.6638285743689455,1.91159836185149,3
0,0.304,0.9708496376658544,0.029150362334145585,0.6638285743689455,1.91159836185149,3
0,0.305,0.9706605176708446,0.029339482329155397,0.6638285743689455,1.91159836185149,3
0,0.306,0.9704708153899673,0.029529184610032733,0.6638285743689455,1.91159836185149,3
0,0.307,0.9702805311982862,0.029719468801713833,0.6638285743689455,1.91159836185149,3
0,0.308,0.970089665471978,0.029910334528022053,0.6638285743689455,1.91159836185149,3
0,0.309,0.9698982185883521,0.030101781411647877,0.6638285743689455,1.91159836185149,3
0,0.31,0.9697061909258267,0.03029380907417334,0.6638285743689455,1.91159836185149,3
0,0.311,0.969513582863947,0.030486417136053046,0.6638285743689455,1.91159836185149,3
0,0.312,0.9693203947833707,0.03067960521662927,0.6638285743689455,1.91159836185149,3
0,0.313,0.9691266270658725,0.030873372934127508,0.6638285743689455,1.91159836185149,3
0,0.314,0.968932280094345,0.031067719905655045,0.6638285743689455,1.91159836185149,3
0,0.315,0.968737354252789,0.03126264574721105,0.6638285743689455,1.91159836185149,3
0,0.316,0.9685418499263297,0.031458150073670255,0.6638285743689455,1.91159836185149,3
0,0.317,0.9683457675011985,0.031654232498801504,0.6638285743689455,1.91159836185149,3
0,0.318,0.9681491073647295,0.03185089263527052,0.6638285743689455,1.91159836185149,3
0,0.319,0.9679518699053838,0.032048130094616156,0.6638285743689455,1.91159836185149,3
0,0.32,0.9677540555127216,0.032245944487278355,0.6638285743689455,1.91159836185149,3
0,0.321,0.9675556645774135,0.03244433542258651,0.6638285743689455,1.91159836185149,3
0,0.322,0.9673566974912379,0.03264330250876213,0.6638285743689455,1.91159836185149,3
0,0.323,0.9671571546470809,0.03284284535291915,0.6638285743689455,1.91159836185149,3
0,0.324,0.9669570364389228,0.033042963561077165,0.6638285743689455,1.91159836185149,3
0,0.325,0.9667563432618658,0.03324365673813423,0.6638285743689455,1.91159836185149,3
0,0.326,0.9665550755121035,0.03344492448789649,0.6638285743689455,1.91159836185149,3
0,0.327,0.9663532335869334,0.03364676641306663,0.6638285743689455,1.91159836185149,3
0,0.328,0.9661508178847537,0.033849182115246346,0.6638285743689455,1.91159836185149,3
0,0.329,0.9659478288050636,0.03405217119493642,0.6638285743689455,1.91159836185149,3
0,0.33,0.965744266748461,0.03425573325153897,0.6638285743689455,1.91159836185149,3
0,0.331,0.9655401321166449,0.03445986788335509,0.6638285743689455,1.91159836185149,3
0,0.332,0.9653354253123945,0.03466457468760553,0.6638285743689455,1.91159836185149,3
0,0.333,0.9651301467396063,0.03486985326039371,0.6638285743689455,1.91159836185149,3
0,0.334,0.9649242968032639,0.03507570319673614,0.6638285743689455,1.91159836185149,3
0,0.335,0.9647178759094345,0.035282124090565525,0.6638285743689455,1.91159836185149,3
0,0.336,0.9645108844652905,0.03548911553470946,0.6638285743689455,1.91159836185149,3
0,0.337,0.9643033228790886,0.0356966771209114,0.6638285743689455,1.91159836185149,3
0,0.338,0.9640951915601798,0.035904808439820246,0.6638285743689455,1.91159836185149,3
0,0.339,0.963886490918993,0.03611350908100697,0.6638285743689455,1.91159836185149,3
0,0.34,0.963677221367061,0.03632277863293898,0.6638285743689455,1.91159836185149,3
0,0.341,0.963467383316993,0.036532616683007,0.6638285743689455,1.91159836185149,3
0,0.342,0.9632569771824869,0.03674302281751307,0.6638285743689455,1.91159836185149,3
0,0.343,0.9630460033783252,0.036953996621674756,0.6638285743689455,1.91159836185149,3
0,0.344,0.9628344623203703,0.03716553767962971,0.6638285743689455,1.91159836185149,3
0,0.345,0.9626223544255732,0.0373776455744268,0.6638285743689455,1.91159836185149,3
0,0.346,0.9624096801119612,0.03759031988803885,0.6638285743689455,1.91159836185149,3
0,0.347,0.9621964397986439,0.03780356020135611,0.6638285743689455,1.91159836185149,3
0,0.348,0.9619826339058092,0.03801736609419082,0.6638285743689455,1.91159836185149,3
0,0.349,0.9617682628547228,0.03823173714527717,0.6638285743689455,1.91159836185149,3
0,0.35,0.961553327067728,0.038446672932272,0.6638285743689455,1.91159836185149,3
0,0.351,0.9613378269682427,0.03866217303175734,0.6638285743689455,1.91159836185149,3
0,0.352,0.9611217629807584,0.038878237019241646,0.6638285743689455,1.91159836185149,3
0,0.353,0.9609051355308424,0.03909486446915755,0.6638285743689455,1.91159836185149,3
0,0.354,0.9606879450451327,0.03931205495486734,0.6638285743689455,1.91159836185149,3
0,0.355,0.9604701919513406,0.039529808048659354,0.6638285743689455,1.91159836185149,3
0,0.356,0.960251876678238,0.03974812332176203,0.6638285743689455,1.91159836185149,3
0,0.357,0.9600329996556811,0.03996700034431888,0.6638285743689455,1.91159836185149,3
0,0.358,0.9598135613145815,0.04018643868541849,0.6638285743689455,1.91159836185149,3
0,0.359,0.9595935620869228,0.04040643791307719,0.6638285743689455,1.91159836185149,3
0,0.36,0.9593730024057506,0.04062699759424937,0.6638285743689455,1.91159836185149,3
0,0.361,0.9591518827051787,0.040848117294821296,0.6638285743689455,1.91159836185149,3
0,0.362,0.9589302034203808,0.04106979657961918,0.6638285743689455,1.91159836185149,3
0,0.363,0.9587079649875921,0.04129203501240786,0.6638285743689455,1.91159836185149,3
0,0.364,0.9584851678441115,0.04151483215588847,0.6638285743689455,1.91159836185149,3
0,0.365,0.9582618124282961,0.04173818757170389,0.6638285743689455,1.91159836185149,3
0,0.366,0.9580378991795593,0.04196210082044072,0.6638285743689455,1.91159836185149,3
0,0.367,0.9578134285383741,0.042186571461625855,0.6638285743689455,1.91159836185149,3
0,0.368,0.9575884009462696,0.042411599053730376,0.6638285743689455,1.91159836185149,3
0,0.369,0.9573628168458267,0.04263718315417331,0.6638285743689455,1.91159836185149,3
0,0.37,0.9571366766806844,0.04286332331931564,0.6638285743689455,1.91159836185149,3
0,0.371,0.9569099808955333,0.04309001910446675,0.6638285743689455,1.91159836185149,3
0,0.372,0.9566827299361093,0.043317270063890745,0.6638285743689455,1.91159836185149,3
0,0.373,0.9564549242492075,0.04354507575079247,0.6638285743689455,1.91159836185149,3
0,0.374,0.9562265642826658,0.043773435717334164,0.6638285743689455,1.91159836185149,3
0,0.375,0.9559976504853727,0.04400234951462734,0.6638285743689455,1.91159836185149,3
0,0.376,0.9557681833072605,0.044231816692739456,0.6638285743689455,1.91159836185149,3
0,0.377,0.9555381631993107,0.04446183680068927,0.6638285743689455,1.91159836185149,3
0,0.378,0.9553075906135458,0.044692409386454246,0.6638285743689455,1.91159836185149,3
0,0.379,0.9550764660030322,0.0449235339969678,0.6638285743689455,1.91159836185149,3
0,0.38,0.9548447898218787,0.0451552101781213,0.6638285743689455,1.91159836185149,3
0,0.381,0.9546125625252334,0.04538743747476659,0.6638285743689455,1.91159836185149,3
0,0.382,0.9543797845692855,0.045620215430714484,0.6638285743689455,1.91159836185149,3
0,0.383,0.9541464564112605,0.0458535435887395,0.6638285743689455,1.91159836185149,3
0,0.384,0.9539125785094208,0.046087421490579206,0.6638285743689455,1.91159836185149,3
0,0.385,0.9536781513230675,0.04632184867693245,0.6638285743689455,1.91159836185149,3
0,0.386,0.9534431753125331,0.04655682468746691,0.6638285743689455,1.91159836185149,3
0,0.387,0.9532076509391826,0.04679234906081742,0.6638285743689455,1.91159836185149,3
0,0.388,0.9529715786654177,0.04702842133458229,0.6638285743689455,1.91159836185149,3
0,0.389,0.9527349589546665,0.04726504104533347,0.6638285743689455,1.91159836185149,3
0,0.39,0.9524977922713883,0.04750220772861169,0.6638285743689455,1.91159836185149,3
0,0.391,0.952260079081071,0.04773992091892898,0.6638285743689455,1.91159836185149,3
0,0.392,0.952021819850228,0.047978180149771954,0.6638285743689455,1.91159836185149,3
0,0.393,0.9517830150464022,0.04821698495359783,0.6638285743689455,1.91159836185149,3
0,0.394,0.9515436651381559,0.048456334861844086,0.6638285743689455,1.91159836185149,3
0,0.395,0.951303770595084,0.048696229404916025,0.6638285743689455,1.91159836185149,3
0,0.396,0.9510633318877856,0.04893666811221442,0.6638285743689455,1.91159836185149,3
0,0.397,0.9508223494879007,0.049177650512099325,0.6638285743689455,1.91159836185149,3
0,0.398,0.950580823868081,0.04941917613191904,0.6638285743689455,1.91159836185149,3
0,0.399,0.9503387555019951,0.04966124449800491,0.6638285743689455,1.91159836185149,3
0,0.4,0.9500961448643287,0.049903855135671304,0.6638285743689455,1.91159836185149,3
0,0.401,0.9498529924307871,0.050147007569212865,0.6638285743689455,1.91159836185149,3
0,0.402,0.9496092986780857,0.050390701321914255,0.6638285743689455,1.91159836185149,3
0,0.403,0.949365064083956,0.050634935916043955,0.6638285743689455,1.91159836185149,3
0,0.404,0.949120289127144,0.05087971087285603,0.6638285743689455,1.91159836185149,3
0,0.405,0.9488749742873993,0.05112502571260069,0.6638285743689455,1.91159836185149,3
0,0.406,0.948629120045486,0.05137087995451395,0.6638285743689455,1.91159836185149,3
0,0.407,0.948382726883179,0.05161727311682096,0.6638285743689455,1.91159836185149,3
0,0.408,0.9481357952832564,0.05186420471674358,0.6638285743689455,1.91159836185149,3
0,0.409,0.9478883257295027,0.05211167427049734,0.6638285743689455,1.91159836185149,3
0,0.41,0.9476403187067082,0.052359681293291827,0.6638285743689455,1.91159836185149,3
0,0.411,0.9473917747006629,0.052608225299337064,0.6638285743689455,1.91159836185149,3
0,0.412,0.9471426941981633,0.052857305801836674,0.6638285743689455,1.91159836185149,3
0,0.413,0.9468930776870056,0.05310692231299441,0.6638285743689455,1.91159836185149,3
0,0.414,0.9466429256559825,0.053357074344017486,0.6638285743689455,1.91159836185149,3
0,0.415,0.9463922385948876,0.053607761405112364,0.6638285743689455,1.91159836185149,3
0,0.416,0.9461410169945113,0.05385898300548875,0.6638285743689455,1.91159836185149,3
0,0.417,0.9458892613466368,0.054110738653363244,0.6638285743689455,1.91159836185149,3
0,0.418,0.9456369721440457,0.05436302785595426,0.6638285743689455,1.91159836185149,3
0,0.419,0.9453841498805086,0.05461585011949144,0.6638285743689455,1.91159836185149,3
0,0.42,0.9451307950507906,0.05486920494920944,0.6638285743689455,1.91159836185149,3
0,0.421,0.9448769081506428,0.05512309184935715,0.6638285743689455,1.91159836185149,3
0,0.422,0.9446224896768118,0.05537751032318816,0.6638285743689455,1.91159836185149,3
0,0.423,0.9443675401270274,0.055632459872972606,0.6638285743689455,1.91159836185149,3
0,0.424,0.9441120600000071,0.055887939999992864,0.6638285743689455,1.91159836185149,3
0,0.425,0.9438560497954546,0.056143950204545434,0.6638285743689455,1.91159836185149,3
0,0.426,0.9435995100140518,0.056400489985948155,0.6638285743689455,1.91159836185149,3
0,0.427,0.9433424411574721,0.05665755884252788,0.6638285743689455,1.91159836185149,3
0,0.428,0.943084843728362,0.05691515627163801,0.6638285743689455,1.91159836185149,3
0,0.429,0.9428267182303544,0.057173281769645645,0.6638285743689455,1.91159836185149,3
0,0.43,0.9425680651680536,0.05743193483194642,0.6638285743689455,1.91159836185149,3
0,0.431,0.9423088850470465,0.05769111495295354,0.6638285743689455,1.91159836185149,3
0,0.432,0.9420491783738946,0.05795082162610543,0.6638285743689455,1.91159836185149,3
0,0.433,0.9417889456561354,0.05821105434386464,0.6638285743689455,1.91159836185149,3
0,0.434,0.9415281874022727,0.05847181259772727,0.6638285743689455,1.91159836185149,3
0,0.435,0.9412669041217926,0.05873309587820741,0.6638285743689455,1.91159836185149,3
0,0.436,0.9410050963251427,0.05899490367485727,0.6638285743689455,1.91159836185149,3
0,0.437,0.9407427645237447,0.05925723547625528,0.6638285743689455,1.91159836185149,3
0,0.438,0.9404799092299859,0.05952009077001408,0.6638285743689455,1.91159836185149,3
0,0.439,0.9402165309572217,0.059783469042778314,0.6638285743689455,1.91159836185149,3
0,0.44,0.9399526302197723,0.06004736978022773,0.6638285743689455,1.91159836185149,3
0,0.441,0.9396882075329209,0.06031179246707907,0.6638285743689455,1.91159836185149,3
0,0.442,0.9394232634129134,0.06057673658708662,0.6638285743689455,1.91159836185149,3
0,0.443,0.9391577983769561,0.06084220162304388,0.6638285743689455,1.91159836185149,3
0,0.444,0.9388918129432176,0.06110818705678245,0.6638285743689455,1.91159836185149,3
0,0.445,0.9386253076308222,0.06137469236917781,0.6638285743689455,1.91159836185149,3
0,0.446,0.9383582829598527,0.061641717040147315,0.6638285743689455,1.91159836185149,3
0,0.447,0.9380907394513456,0.06190926054865442,0.6638285743689455,1.91159836185149,3
0,0.448,0.9378226776272945,0.06217732237270546,0.6638285743689455,1.91159836185149,3
0,0.449,0.9375540980106444,0.06244590198935562,0.6638285743689455,1.91159836185149,3
0,0.45,0.9372850011252917,0.06271499887470833,0.6638285743689455,1.91159836185149,3
0,0.451,0.9370153874960837,0.06298461250391629,0.6638285743689455,1.91159836185149,3
0,0.452,0.9367452576488153,0.06325474235118467,0.6638285743689455,1.91159836185149,3
0,0.453,0.9364746121102304,0.06352538788976958,0.6638285743689455,1.91159836185149,3
0,0.454,0.9362034514080185,0.06379654859198147,0.6638285743689455,1.91159836185149,3
0,0.455,0.9359317760708139,0.0640682239291861,0.6638285743689455,1.91159836185149,3
0,0.456,0.935659586628193,0.06434041337180696,0.6638285743689455,1.91159836185149,3
0,0.457,0.9353868836106746,0.06461311638932543,0.6638285743689455,1.91159836185149,3
0,0.458,0.9351136675497189,0.06488633245028108,0.6638285743689455,1.91159836185149,3
0,0.459,0.9348399389777253,0.06516006102227467,0.6638285743689455,1.91159836185149,3
0,0.46,0.9345656984280303,0.06543430157196972,0.6638285743689455,1.91159836185149,3
0,0.461,0.9342909464349066,0.06570905356509338,0.6638285743689455,1.91159836185149,3
0,0.462,0.9340156835335629,0.0659843164664371,0.6638285743689455,1.91159836185149,3
0,0.463,0.9337399102601408,0.0662600897398592,0.6638285743689455,1.91159836185149,3
0,0.464,0.9334636271517127,0.06653637284828728,0.6638285743689455,1.91159836185149,3
0,0.465,0.9331868347462856,0.06681316525371439,0.6638285743689455,1.91159836185149,3
0,0.466,0.9329095335827917,0.06709046641720828,0.6638285743689455,1.91159836185149,3
0,0.467,0.9326317242010955,0.06736827579890448,0.6638285743689455,1.91159836185149,3
0,0.468,0.9323534071419803,0.06764659285801966,0.6638285743689455,1.91159836185149,3
0,0.469,0.9320745829471656,0.06792541705283439,0.6638285743689455,1.91159836185149,3
0,0.47,0.9317952521592856,0.0682047478407144,0.6638285743689455,1.91159836185149,3
0,0.471,0.9315154153219017,0.06848458467809826,0.6638285743689455,1.91159836185149,3
0,0.472,0.9312350729794958,0.06876492702050419,0.6638285743689455,1.91159836185149,3
0,0.473,0.9309542256774638,0.06904577432253622,0.6638285743689455,1.91159836185149,3
0,0.474,0.9306728739621285,0.0693271260378715,0.6638285743689455,1.91159836185149,3
0,0.475,0.930391018380724,0.06960898161927598,0.6638285743689455,1.91159836185149,3
0,0.476,0.9301086594814002,0.0698913405185998,0.6638285743689455,1.91159836185149,3
0,0.477,0.9298257978132217,0.07017420218677828,0.6638285743689455,1.91159836185149,3
0,0.478,0.9295424339261645,0.07045756607383546,0.6638285743689455,1.91159836185149,3
0,0.479,0.9292585683711175,0.07074143162888247,0.6638285743689455,1.91159836185149,3
0,0.48,0.9289742016998773,0.07102579830012268,0.6638285743689455,1.91159836185149,3
0,0.481,0.9286893344651485,0.07131066553485155,0.6638285743689455,1.91159836185149,3
0,0.482,0.9284039672205446,0.07159603277945537,0.6638285743689455,1.91159836185149,3
0,0.483,0.9281181005205811,0.07188189947941892,0.6638285743689455,1.91159836185149,3
0,0.484,0.9278317349206815,0.0721682650793185,0.6638285743689455,1.91159836185149,3
0,0.485,0.9275448709771664,0.07245512902283358,0.6638285743689455,1.91159836185149,3
0,0.486,0.9272575092472618,0.0727424907527382,0.6638285743689455,1.91159836185149,3
0,0.487,0.9269696502890923,0.07303034971090772,0.6638285743689455,1.91159836185149,3
0,0.488,0.9266812946616775,0.07331870533832252,0.6638285743689455,1.91159836185149,3
0,0.489,0.9263924429249405,0.0736075570750595,0.6638285743689455,1.91159836185149,3
0,0.49,0.9261030956396874,0.0738969043603126,0.6638285743689455,1.91159836185149,3
0,0.491,0.925813253367632,0.07418674663236802,0.6638285743689455,1.91159836185149,3
0,0.492,0.9255229166713728,0.07447708332862724,0.6638285743689455,1.91159836185149,3
0,0.493,0.9252320861143979,0.07476791388560211,0.6638285743689455,1.91159836185149,3
0,0.494,0.9249407622610887,0.07505923773891132,0.6638285743689455,1.91159836185149,3
0,0.495,0.9246489456767129,0.07535105432328715,0.6638285743689455,1.91159836185149,3
0,0.496,0.9243566369274231,0.07564336307257691,0.6638285743689455,1.91159836185149,3
0,0.497,0.9240638365802608,0.07593616341973919,0.6638285743689455,1.91159836185149,3
0,0.498,0.9237705452031458,0.07622945479685417,0.6638285743689455,1.91159836185149,3
0,0.499,0.9234767633648825,0.07652323663511751,0.6638285743689455,1.91159836185149,3
0,0.5,0.9231824916351579,0.07681750836484214,0.6638285743689455,1.91159836185149,3
1,0.001,0.9999997834520571,2.1654794291059432e-07,0.5653177918967649,1.6202564198398965,3
1,0.002,0.9999991338085797,8.6619142025679e-07,0.5653177918967649,1.6202564198398965,3
1,0.003,0.9999980510706266,1.948929373440933e-06,0.5653177918967649,1.6202564198398965,3
1,0.004,0.9999965352399568,3.4647600432036185e-06,0.5653177918967649,1.6202564198398965,3
1,0.005,0.9999945840425903,5.415957409660166e-06,0.5653177918967649,1.6202564198398965,3
1,0.006,0.9999922009677124,7.799032287647556e-06,0.5653177918967649,1.6202564198398965,3
1,0.007,0.9999893846656492,1.0615334350760897e-05,0.5653177918967649,1.6202564198398965,3
1,0.008,0.999986135096165,1.3864903835036912e-05,0.5653177918967649,1.6202564198398965,3
1,0.009,0.999982452258468,1.7547741531953598e-05,0.5653177918967649,1.6202564198398965,3
1,0.01,0.9999783361784994,2.166382150059487e-05,0.5653177918967649,1.6202564198398965,3
1,0.011,0.9999737868515988,2.62131484012329e-05,0.5653177918967649,1.6202564198398965,3
1,0.012,0.9999688042836741,3.119571632592688e-05,0.5653177918967649,1.6202564198398965,3
1,0.013,0.9999633884821227,3.66115178772608e-05,0.5653177918967649,1.6202564198398965,3
1,0.014,0.9999575394599267,4.246054007328581e-05,0.5653177918967649,1.6202564198398965,3
1,0.015,0.9999512572249434,4.87427750566205e-05,0.5653177918967649,1.6202564198398965,3
1,0.016,0.9999445417872721,5.545821272789908e-05,0.5653177918967649,1.6202564198398965,3
1,0.017,0.9999373931575368,6.260684246317538e-05,0.5653177918967649,1.6202564198398965,3
1,0.018,0.9999298113470252,7.018865297481192e-05,0.5653177918967649,1.6202564198398965,3
1,0.019,0.9999217963703144,7.820362968558037e-05,0.5653177918967649,1.6202564198398965,3
1,0.02,0.999913348236043,8.66517639569464e-05,0.5653177918967649,1.6202564198398965,3
1,0.021,0.9999044669619785,9.553303802145585e-05,0.5653177918967649,1.6202564198398965,3
1,0.022,0.9998951525612457,0.00010484743875427416,0.5653177918967649,1.6202564198398965,3
1,0.023,0.9998854050495383,0.00011459495046173274,0.5653177918967649,1.6202564198398965,3
1,0.024,0.9998752244413134,0.00012477555868661838,0.5653177918967649,1.6202564198398965,3
1,0.025,0.9998646107544433,0.00013538924555667187,0.5653177918967649,1.6202564198398965,3
1,0.026,0.9998535640063486,0.0001464359936513837,0.5653177918967649,1.6202564198398965,3
1,0.027,0.999842084213565,0.00015791578643498116,0.5653177918967649,1.6202564198398965,3
1,0.028,0.9998301713964071,0.0001698286035929364,0.5653177918967649,1.6202564198398965,3
1,0.029,0.9998178255734398,0.000182174426560211,0.5653177918967649,1.6202564198398965,3
1,0.03,0.9998050467649853,0.0001949532350147276,0.5653177918967649,1.6202564198398965,3
1,0.031,0.999791834991698,0.00020816500830200813,0.5653177918967649,1.6202564198398965,3
1,0.032,0.9997781902754045,0.00022180972459551196,0.5653177918967649,1.6202564198398965,3
1,0.033,0.9997641126381612,0.00023588736183877135,0.5653177918967649,1.6202564198398965,3
1,0.034,0.9997496021028349,0.00025039789716507777,0.5653177918967649,1.6202564198398965,3
1,0.035,0.9997346586930963,0.00026534130690369917,0.5653177918967649,1.6202564198398965,3
1,0.036,0.9997192824333841,0.00028071756661585123,0.5653177918967649,1.6202564198398965,3
1,0.037,0.9997034733487836,0.0002965266512163778,0.5653177918967649,1.6202564198398965,3
1,0.038,0.9996872314647592,0.0003127685352407594,0.5653177918967649,1.6202564198398965,3
1,0.039,0.9996705568080745,0.00032944319192551585,0.5653177918967649,1.6202564198398965,3
1,0.04,0.9996534494057979,0.00034655059420207746,0.5653177918967649,1.6202564198398965,3
1,0.041,0.9996359092857012,0.0003640907142987704,0.5653177918967649,1.6202564198398965,3
1,0.042,0.9996179364764565,0.0003820635235435299,0.5653177918967649,1.6202564198398965,3
1,0.043,0.9995995310073237,0.0004004689926763172,0.5653177918967649,1.6202564198398965,3
1,0.044,0.999580692908616,0.00041930709138404687,0.5653177918967649,1.6202564198398965,3
1,0.045,0.9995614222100246,0.00043857778997535846,0.5653177918967649,1.6202564198398965,3
1,0.046,0.9995417189438834,0.00045828105611656067,0.5653177918967649,1.6202564198398965,3
1,0.047,0.9995215831421796,0.0004784168578203518,0.5653177918967649,1.6202564198398965,3
1,0.048,0.9995010148372578,0.0004989851627421604,0.5653177918967649,1.6202564198398965,3
1,0.049,0.9994800140630904,0.000519985936909606,0.5653177918967649,1.6202564198398965,3
1,0.05,0.999458580853506,0.000541419146493971,0.5653177918967649,1.6202564198398965,3
1,0.051,0.9994367152437391,0.0005632847562608845,0.5653177918967649,1.6202564198398965,3
1,0.052,0.9994144172692256,0.0005855827307743589,0.5653177918967649,1.6202564198398965,3
1,0.053,0.9993916869664073,0.0006083130335926556,0.5653177918967649,1.6202564198398965,3
1,0.054,0.9993685243721219,0.0006314756278781308,0.5653177918967649,1.6202564198398965,3
1,0.055,0.9993449295242831,0.0006550704757168901,0.5653177918967649,1.6202564198398965,3
1,0.056,0.9993209024612315,0.0006790975387684917,0.5653177918967649,1.6202564198398965,3
1,0.057,0.999296443222104,0.0007035567778960194,0.5653177918967649,1.6202564198398965,3
1,0.058,0.9992715518468707,0.0007284481531293352,0.5653177918967649,1.6202564198398965,3
1,0.059,0.9992462283759072,0.0007537716240928471,0.5653177918967649,1.6202564198398965,3
1,0.06,0.9992204728503098,0.0007795271496902068,0.5653177918967649,1.6202564198398965,3
1,0.061,0.999194285312398,0.0008057146876020438,0.5653177918967649,1.6202564198398965,3
1,0.062,0.999167665804676,0.0008323341953240249,0.5653177918967649,1.6202564198398965,3
1,0.063,0.999140614370537,0.000859385629462972,0.5653177918967649,1.6202564198398965,3
1,0.064,0.9991131310538304,0.0008868689461696277,0.5653177918967649,1.6202564198398965,3
1,0.065,0.9990852158995599,0.0009147841004401025,0.5653177918967649,1.6202564198398965,3
1,0.066,0.9990568689531228,0.0009431310468771548,0.5653177918967649,1.6202564198398965,3
1,0.067,0.9990280902606764,0.0009719097393235954,0.5653177918967649,1.6202564198398965,3
1,0.068,0.9989988798691023,0.0010011201308977036,0.5653177918967649,1.6202564198398965,3
1,0.069,0.9989692378259847,0.0010307621740153206,0.5653177918967649,1.6202564198398965,3
1,0.07,0.9989391641795805,0.0010608358204194923,0.5653177918967649,1.6202564198398965,3
1,0.071,0.998908658978822,0.0010913410211780272,0.5653177918967649,1.6202564198398965,3
1,0.072,0.9988777222734864,0.0011222777265136319,0.5653177918967649,1.6202564198398965,3
1,0.073,0.9988463541139159,0.0011536458860841314,0.5653177918967649,1.6202564198398965,3
1,0.074,0.998814554551358,0.001185445448641964,0.5653177918967649,1.6202564198398965,3
1,0.075,0.9987823236371755,0.001217676362824549,0.5653177918967649,1.6202564198398965,3
1,0.076,0.9987496614242131,0.0012503385757869356,0.5653177918967649,1.6202564198398965,3
1,0.077,0.9987165679655954,0.001283432034404619,0.5653177918967649,1.6202564198398965,3
1,0.078,0.9986830433152303,0.0013169566847697212,0.5653177918967649,1.6202564198398965,3
1,0.079,0.9986490875276751,0.0013509124723248833,0.5653177918967649,1.6202564198398965,3
1,0.08,0.99861470065827,0.0013852993417300397,0.5653177918967649,1.6202564198398965,3
1,0.081,0.9985798827629627,0.0014201172370372772,0.5653177918967649,1.6202564198398965,3
1,0.082,0.9985446338984899,0.0014553661015100916,0.5653177918967649,1.6202564198398965,3
1,0.083,0.998508954122261,0.0014910458777389612,0.5653177918967649,1.6202564198398965,3
1,0.084,0.9984728434923533,0.0015271565076466764,0.5653177918967649,1.6202564198398965,3
1,0.085,0.9984363020675975,0.001563697932402519,0.5653177918967649,1.6202564198398965,3
1,0.086,0.9983993299074847,0.0016006700925152995,0.5653177918967649,1.6202564198398965,3
1,0.087,0.9983619270722358,0.0016380729277641892,0.5653177918967649,1.6202564198398965,3
1,0.088,0.9983240936227542,0.001675906377245795,0.5653177918967649,1.6202564198398965,3
1,0.089,0.9982858296206739,0.0017141703793260854,0.5653177918967649,1.6202564198398965,3
1,0.09,0.9982471351282375,0.0017528648717625162,0.5653177918967649,1.6202564198398965,3
1,0.091,0.998208010208535,0.0017919897914649985,0.5653177918967649,1.6202564198398965,3
1,0.092,0.9981684549252036,0.0018315450747964368,0.5653177918967649,1.6202564198398965,3
1,0.093,0.998128469342727,0.0018715306572729684,0.5653177918967649,1.6202564198398965,3
1,0.094,0.9980880535261547,0.001911946473845294,0.5653177918967649,1.6202564198398965,3
1,0.095,0.9980472075413739,0.001952792458626118,0.5653177918967649,1.6202564198398965,3
1,0.096,0.9980059314548274,0.0019940685451725892,0.5653177918967649,1.6202564198398965,3
1,0.097,0.9979642253336506,0.0020357746663494103,0.5653177918967649,1.6202564198398965,3
1,0.098,0.9979220892459193,0.002077910754080703,0.5653177918967649,1.6202564198398965,3
1,0.099,0.9978795232601725,0.002120476739827515,0.5653177918967649,1.6202564198398965,3
1,0.1,0.9978365274457394,0.002163472554260637,0.5653177918967649,1.6202564198398965,3
1,0.101,0.9977931018725427,0.002206898127457335,0.5653177918967649,1.6202564198398965,3
1,0.102,0.9977492466113941,0.0022507533886059194,0.5653177918967649,1.6202564198398965,3
1,0.103,0.997704961733636,0.0022950382663640134,0.5653177918967649,1.6202564198398965,3
1,0.104,0.9976602473114058,0.00233975268859421,0.5653177918967649,1.6202564198398965,3
1,0.105,0.9976151034174955,0.0023848965825045143,0.5653177918967649,1.6202564198398965,3
1,0.106,0.9975695301253973,0.0024304698746027142,0.5653177918967649,1.6202564198398965,3
1,0.107,0.9975235275093255,0.0024764724906745084,0.5653177918967649,1.6202564198398965,3
1,0.108,0.9974770956441621,0.002522904355837907,0.5653177918967649,1.6202564198398965,3
1,0.109,0.9974302346055213,0.002569765394478729,0.5653177918967649,1.6202564198398965,3
1,0.11,0.9973829444696842,0.0026170555303157705,0.5653177918967649,1.6202564198398965,3
1,0.111,0.9973352253136586,0.002664774686341409,0.5653177918967649,1.6202564198398965,3
1,0.112,0.9972870772150942,0.002712922784905758,0.5653177918967649,1.6202564198398965,3
1,0.113,0.9972385002524092,0.0027614997475907677,0.5653177918967649,1.6202564198398965,3
1,0.114,0.9971894945046746,0.002810505495325355,0.5653177918967649,1.6202564198398965,3
1,0.115,0.997140060051716,0.0028599399482840404,0.5653177918967649,1.6202564198398965,3
1,0.116,0.9970901969739216,0.0029098030260783503,0.5653177918967649,1.6202564198398965,3
1,0.117,0.9970399053525508,0.002960094647449174,0.5653177918967649,1.6202564198398965,3
1,0.118,0.9969891852694109,0.003010814730589062,0.5653177918967649,1.6202564198398965,3
1,0.119,0.9969380368071391,0.003061963192860895,0.5653177918967649,1.6202564198398965,3
1,0.12,0.9968864600489287,0.0031135399510713313,0.5653177918967649,1.6202564198398965,3
1,0.121,0.9968344550787853,0.0031655449212146802,0.5653177918967649,1.6202564198398965,3
1,0.122,0.9967820219813308,0.0032179780186691875,0.5653177918967649,1.6202564198398965,3
1,0.123,0.9967291608419531,0.0032708391580469343,0.5653177918967649,1.6202564198398965,3
1,0.124,0.996675871746676,0.0033241282533239547,0.5653177918967649,1.6202564198398965,3
1,0.125,0.9966221547822619,0.0033778452177380958,0.5653177918967649,1.6202564198398965,3
1,0.126,0.9965680100361235,0.003431989963876503,0.5653177918967649,1.6202564198398965,3
1,0.127,0.9965134375964277,0.0034865624035722576,0.5653177918967649,1.6202564198398965,3
1,0.128,0.9964584375519585,0.003541562448041491,0.5653177918967649,1.6202564198398965,3
1,0.129,0.9964030099922832,0.0035969900077168493,0.5653177918967649,1.6202564198398965,3
1,0.13,0.9963471550075897,0.0036528449924102535,0.5653177918967649,1.6202564198398965,3
1,0.131,0.99629087268879,0.003709127311209981,0.5653177918967649,1.6202564198398965,3
1,0.132,0.9962341631275142,0.0037658368724857727,0.5653177918967649,1.6202564198398965,3
1,0.133,0.9961770264160554,0.0038229735839445667,0.5653177918967649,1.6202564198398965,3
1,0.134,0.9961194626473895,0.0038805373526105136,0.5653177918967649,1.6202564198398965,3
1,0.135,0.9960614719152279,0.0039385280847721305,0.5653177918967649,1.6202564198398965,3
1,0.136,0.9960030543139418,0.00399694568605824,0.5653177918967649,1.6202564198398965,3
1,0.137,0.9959442099386157,0.004055790061384346,0.5653177918967649,1.6202564198398965,3
1,0.138,0.9958849388849896,0.0041150611150103655,0.5653177918967649,1.6202564198398965,3
1,0.139,0.9958252412495574,0.004174758750442598,0.5653177918967649,1.6202564198398965,3
1,0.14,0.9957651171294606,0.004234882870539414,0.5653177918967649,1.6202564198398965,3
1,0.141,0.9957045666225522,0.004295433377447755,0.5653177918967649,1.6202564198398965,3
1,0.142,0.9956435898273682,0.004356410172631775,0.5653177918967649,1.6202564198398965,3
1,0.143,0.9955821868431214,0.004417813156878614,0.5653177918967649,1.6202564198398965,3
1,0.144,0.9955203577697641,0.004479642230235892,0.5653177918967649,1.6202564198398965,3
1,0.145,0.9954581027078985,0.004541897292101527,0.5653177918967649,1.6202564198398965,3
1,0.146,0.9953954217588347,0.004604578241165336,0.5653177918967649,1.6202564198398965,3
1,0.147,0.995332315024569,0.004667684975431019,0.5653177918967649,1.6202564198398965,3
1,0.148,0.9952687826077936,0.004731217392206388,0.5653177918967649,1.6202564198398965,3
1,0.149,0.9952048246118912,0.004795175388108808,0.5653177918967649,1.6202564198398965,3
1,0.15,0.995140441140931,0.004859558859068969,0.5653177918967649,1.6202564198398965,3
1,0.151,0.9950756322996657,0.004924367700334331,0.5653177918967649,1.6202564198398965,3
1,0.152,0.9950103981935673,0.0049896018064327086,0.5653177918967649,1.6202564198398965,3
1,0.153,0.9949447389287825,0.005055261071217454,0.5653177918967649,1.6202564198398965,3
1,0.154,0.9948786546120947,0.005121345387905318,0.5653177918967649,1.6202564198398965,3
1,0.155,0.9948121453510845,0.005187854648915469,0.5653177918967649,1.6202564198398965,3
1,0.156,0.9947452112539494,0.005254788746050565,0.5653177918967649,1.6202564198398965,3
1,0.157,0.9946778524295747,0.005322147570425262,0.5653177918967649,1.6202564198398965,3
1,0.158,0.994610068987615,0.005389931012385052,0.5653177918967649,1.6202564198398965,3
1,0.159,0.9945418610382146,0.005458138961785375,0.5653177918967649,1.6202564198398965,3
1,0.16,0.9944732286924601,0.005526771307539868,0.5653177918967649,1.6202564198398965,3
1,0.161,0.9944041720619877,0.005595827938012277,0.5653177918967649,1.6202564198398965,3
1,0.162,0.9943346912591157,0.005665308740884334,0.5653177918967649,1.6202564198398965,3
1,0.163,0.9942647863969039,0.005735213603096145,0.5653177918967649,1.6202564198398965,3
1,0.164,0.9941944575890613,0.005805542410938669,0.5653177918967649,1.6202564198398965,3
1,0.165,0.9941237049500121,0.0058762950499878785,0.5653177918967649,1.6202564198398965,3
1,0.166,0.9940525285948244,0.005947471405175597,0.5653177918967649,1.6202564198398965,3
1,0.167,0.9939809286393172,0.006019071360682804,0.5653177918967649,1.6202564198398965,3
1,0.168,0.9939089051999325,0.006091094800067531,0.5653177918967649,1.6202564198398965,3
1,0.169,0.993836458393844,0.006163541606155953,0.5653177918967649,1.6202564198398965,3
1,0.17,0.993763588338897,0.006236411661103003,0.5653177918967649,1.6202564198398965,3
1,0.171,0.9936902951536206,0.0063097048463793826,0.5653177918967649,1.6202564198398965,3
1,0.172,0.9936165789572269,0.006383421042773119,0.5653177918967649,1.6202564198398965,3
1,0.173,0.993542439869627,0.006457560130373019,0.5653177918967649,1.6202564198398965,3
1,0.174,0.9934678780114008,0.006532121988599204,0.5653177918967649,1.6202564198398965,3
1,0.175,0.9933928935038353,0.006607106496164694,0.5653177918967649,1.6202564198398965,3
1,0.176,0.9933174864688781,0.006682513531121925,0.5653177918967649,1.6202564198398965,3
1,0.177,0.9932416570291726,0.006758342970827447,0.5653177918967649,1.6202564198398965,3
1,0.178,0.9931654053080564,0.006834594691943585,0.5653177918967649,1.6202564198398965,3
1,0.179,0.9930887314295348,0.006911268570465201,0.5653177918967649,1.6202564198398965,3
1,0.18,0.9930116355183121,0.0069883644816879364,0.5653177918967649,1.6202564198398965,3
1,0.181,0.9929341176997701,0.007065882300229864,0.5653177918967649,1.6202564198398965,3
1,0.182,0.9928561780999691,0.007143821900030933,0.5653177918967649,1.6202564198398965,3
1,0.183,0.9927778168456537,0.007222183154346307,0.5653177918967649,1.6202564198398965,3
1,0.184,0.9926990340642695,0.007300965935730486,0.5653177918967649,1.6202564198398965,3
1,0.185,0.9926198298839229,0.007380170116077056,0.5653177918967649,1.6202564198398965,3
1,0.186,0.9925402044334061,0.00745979556659393,0.5653177918967649,1.6202564198398965,3
1,0.187,0.9924601578422104,0.007539842157789578,0.5653177918967649,1.6202564198398965,3
1,0.188,0.9923796902404936,0.0076203097595064495,0.5653177918967649,1.6202564198398965,3
1,0.189,0.9922988017591001,0.007701198240899876,0.5653177918967649,1.6202564198398965,3
1,0.19,0.9922174925295564,0.0077825074704436226,0.5653177918967649,1.6202564198398965,3
1,0.191,0.9921357626840708,0.007864237315929223,0.5653177918967649,1.6202564198398965,3
1,0.192,0.9920536123555447,0.007946387644455322,0.5653177918967649,1.6202564198398965,3
1,0.193,0.9919710416775123,0.008028958322487734,0.5653177918967649,1.6202564198398965,3
1,0.194,0.9918880507842414,0.00811194921575864,0.5653177918967649,1.6202564198398965,3
1,0.195,0.9918046398106803,0.008195360189319656,0.5653177918967649,1.6202564198398965,3
1,0.196,0.9917208088924236,0.008279191107576356,0.5653177918967649,1.6202564198398965,3
1,0.197,0.9916365581657678,0.00836344183423221,0.5653177918967649,1.6202564198398965,3
1,0.198,0.9915518877676808,0.008448112232319227,0.5653177918967649,1.6202564198398965,3
1,0.199,0.991466797835812,0.008533202164187959,0.5653177918967649,1.6202564198398965,3
1,0.2,0.9913812885084969,0.008618711491503062,0.5653177918967649,1.6202564198398965,3
1,0.201,0.991295359924729,0.008704640075271053,0.5653177918967649,1.6202564198398965,3
1,0.202,0.9912090122242083,0.008790987775791681,0.5653177918967649,1.6202564198398965,3
1,0.203,0.9911222455472961,0.00887775445270389,0.5653177918967649,1.6202564198398965,3
1,0.204,0.9910350600350357,0.00896493996496428,0.5653177918967649,1.6202564198398965,3
1,0.205,0.9909474558291487,0.009052544170851329,0.5653177918967649,1.6202564198398965,3
1,0.206,0.9908594330720212,0.009140566927978822,0.5653177918967649,1.6202564198398965,3
1,0.207,0.9907709919067454,0.009229008093254554,0.5653177918967649,1.6202564198398965,3
1,0.208,0.9906821324770632,0.00931786752293684,0.5653177918967649,1.6202564198398965,3
1,0.209,0.990592854927417,0.009407145072583,0.5653177918967649,1.6202564198398965,3
1,0.21,0.9905031594028828,0.009496840597117195,0.5653177918967649,1.6202564198398965,3
1,0.211,0.9904130460492768,0.009586953950723176,0.5653177918967649,1.6202564198398965,3
1,0.212,0.9903225150130358,0.009677484986964191,0.5653177918967649,1.6202564198398965,3
1,0.213,0.9902315664412841,0.009768433558715928,0.5653177918967649,1.6202564198398965,3
1,0.214,0.9901402004818507,0.009859799518149304,0.5653177918967649,1.6202564198398965,3
1,0.215,0.9900484172832112,0.009951582716788754,0.5653177918967649,1.6202564198398965,3
1,0.216,0.9899562169945179,0.010043783005482143,0.5653177918967649,1.6202564198398965,3
1,0.217,0.9898635997656083,0.010136400234391663,0.5653177918967649,1.6202564198398965,3
1,0.218,0.9897705657469829,0.010229434253017144,0.5653177918967649,1.6202564198398965,3
1,0.219,0.9896771150898364,0.010322884910163643,0.5653177918967649,1.6202564198398965,3
1,0.22,0.9895832479459955,0.010416752054004497,0.5653177918967649,1.6202564198398965,3
1,0.221,0.9894889644679995,0.010511035532000501,0.5653177918967649,1.6202564198398965,3
1,0.222,0.9893942648090522,0.010605735190947763,0.5653177918967649,1.6202564198398965,3
1,0.223,0.989299149123021,0.010700850876979029,0.5653177918967649,1.6202564198398965,3
1,0.224,0.989203617564454,0.010796382435546037,0.5653177918967649,1.6202564198398965,3
1,0.225,0.9891076702885623,0.01089232971143772,0.5653177918967649,1.6202564198398965,3
1,0.226,0.9890113074512362,0.010988692548763779,0.5653177918967649,1.6202564198398965,3
1,0.227,0.9889145292090326,0.011085470790967444,0.5653177918967649,1.6202564198398965,3
1,0.228,0.988817335719205,0.011182664280794952,0.5653177918967649,1.6202564198398965,3
1,0.229,0.9887197271395911,0.011280272860408891,0.5653177918967649,1.6202564198398965,3
1,0.23,0.9886217036288282,0.011378296371171825,0.5653177918967649,1.6202564198398965,3
1,0.231,0.9885232653461291,0.01147673465387089,0.5653177918967649,1.6202564198398965,3
1,0.232,0.9884244124514102,0.011575587548589783,0.5653177918967649,1.6202564198398965,3
1,0.233,0.9883251451052801,0.011674854894719866,0.5653177918967649,1.6202564198398965,3
1,0.234,0.988225463468909,0.011774536531090951,0.5653177918967649,1.6202564198398965,3
1,0.235,0.9881253677042979,0.01187463229570207,0.5653177918967649,1.6202564198398965,3
1,0.236,0.9880248579740007,0.011975142025999252,0.5653177918967649,1.6202564198398965,3
1,0.237,0.9879239344412793,0.01207606555872065,0.5653177918967649,1.6202564198398965,3
1,0.238,0.9878225972700685,0.012177402729931508,0.5653177918967649,1.6202564198398965,3
1,0.239,0.9877208466249275,0.01227915337507246,0.5653177918967649,1.6202564198398965,3
1,0.24,0.9876186826711477,0.012381317328852282,0.5653177918967649,1.6202564198398965,3
1,0.241,0.9875161055746418,0.012483894425358244,0.5653177918967649,1.6202564198398965,3
1,0.242,0.9874131155020092,0.012586884497990836,0.5653177918967649,1.6202564198398965,3
1,0.243,0.9873097126205005,0.01269028737949951,0.5653177918967649,1.6202564198398965,3
1,0.244,0.9872058970980471,0.01279410290195293,0.5653177918967649,1.6202564198398965,3
1,0.245,0.9871016691032382,0.012898330896761845,0.5653177918967649,1.6202564198398965,3
1,0.246,0.986997028805332,0.013002971194667978,0.5653177918967649,1.6202564198398965,3
1,0.247,0.9868919763742446,0.01310802362575536,0.5653177918967649,1.6202564198398965,3
1,0.248,0.9867865119805692,0.013213488019430786,0.5653177918967649,1.6202564198398965,3
1,0.249,0.9866806357955681,0.013319364204431916,0.5653177918967649,1.6202564198398965,3
1,0.25,0.9865743479911124,0.013425652008887567,0.5653177918967649,1.6202564198398965,3
1,0.251,0.986467648739826,0.013532351260174047,0.5653177918967649,1.6202564198398965,3
1,0.252,0.986360538214929,0.013639461785071028,0.5653177918967649,1.6202564198398965,3
1,0.253,0.9862530165903315,0.013746983409668512,0.5653177918967649,1.6202564198398965,3
1,0.254,0.9861450840406032,0.013854915959396807,0.5653177918967649,1.6202564198398965,3
1,0.255,0.9860367407409744,0.01396325925902564,0.5653177918967649,1.6202564198398965,3
1,0.256,0.9859279868673329,0.01407201313266715,0.5653177918967649,1.6202564198398965,3
1,0.257,0.9858188225962383,0.01418117740376168,0.5653177918967649,1.6202564198398965,3
1,0.258,0.9857092481049062,0.014290751895093767,0.5653177918967649,1.6202564198398965,3
1,0.259,0.9855992635711951,0.014400736428804906,0.5653177918967649,1.6202564198398965,3
1,0.26,0.9854888691736635,0.014511130826336482,0.5653177918967649,1.6202564198398965,3
1,0.261,0.9853780650915123,0.014621934908487733,0.5653177918967649,1.6202564198398965,3
1,0.262,0.9852668515045672,0.014733148495432835,0.5653177918967649,1.6202564198398965,3
1,0.263,0.9851552285933756,0.014844771406624435,0.5653177918967649,1.6202564198398965,3
1,0.264,0.9850431965391074,0.014956803460892565,0.5653177918967649,1.6202564198398965,3
1,0.265,0.9849307555235896,0.015069244476410448,0.5653177918967649,1.6202564198398965,3
1,0.266,0.9848179057293212,0.015182094270678848,0.5653177918967649,1.6202564198398965,3
1,0.267,0.9847046473394545,0.015295352660545491,0.5653177918967649,1.6202564198398965,3
1,0.268,0.984590980537803,0.015409019462196971,0.5653177918967649,1.6202564198398965,3
1,0.269,0.9844769055088252,0.015523094491174838,0.5653177918967649,1.6202564198398965,3
1,0.27,0.9843624224376555,0.015637577562344518,0.5653177918967649,1.6202564198398965,3
1,0.271,0.9842475315100575,0.015752468489942495,0.5653177918967649,1.6202564198398965,3
1,0.272,0.9841322329124873,0.015867767087512696,0.5653177918967649,1.6202564198398965,3
1,0.273,0.9840165268320361,0.01598347316796389,0.5653177918967649,1.6202564198398965,3
1,0.274,0.9839004134564489,0.016099586543551148,0.5653177918967649,1.6202564198398965,3
1,0.275,0.983783892974132,0.016216107025867954,0.5653177918967649,1.6202564198398965,3
1,0.276,0.9836669655741471,0.016333034425852877,0.5653177918967649,1.6202564198398965,3
1,0.277,0.9835496314462072,0.016450368553792782,0.5653177918967649,1.6202564198398965,3
1,0.278,0.9834318907806803,0.016568109219319727,0.5653177918967649,1.6202564198398965,3
1,0.279,0.9833137437685918,0.01668625623140818,0.5653177918967649,1.6202564198398965,3
1,0.28,0.9831951906016212,0.016804809398378806,0.5653177918967649,1.6202564198398965,3
1,0.281,0.983076231472082,0.016923768527917993,0.5653177918967649,1.6202564198398965,3
1,0.282,0.9829568665729832,0.0170431334270168,0.5653177918967649,1.6202564198398965,3
1,0.283,0.9828370960979307,0.017162903902069315,0.5653177918967649,1.6202564198398965,3
1,0.284,0.9827169202412258,0.01728307975877419,0.5653177918967649,1.6202564198398965,3
1,0.285,0.982596339197808,0.017403660802192022,0.5653177918967649,1.6202564198398965,3
1,0.286,0.982475353163266,0.017524646836734048,0.5653177918967649,1.6202564198398965,3
1,0.287,0.9823539623338423,0.017646037666157688,0.5653177918967649,1.6202564198398965,3
1,0.288,0.9822321669064202,0.017767833093579766,0.5653177918967649,1.6202564198398965,3
1,0.289,0.9821099670785434,0.017890032921456633,0.5653177918967649,1.6202564198398965,3
1,0.29,0.9819873630484086,0.018012636951591388,0.5653177918967649,1.6202564198398965,3
1,0.291,0.9818643550148491,0.018135644985150856,0.5653177918967649,1.6202564198398965,3
1,0.292,0.9817409431773615,0.01825905682263851,0.5653177918967649,1.6202564198398965,3
1,0.293,0.9816171277360745,0.018382872263925543,0.5653177918967649,1.6202564198398965,3
1,0.294,0.9814929088917846,0.018507091108215357,0.5653177918967649,1.6202564198398965,3
1,0.295,0.9813682868459148,0.018631713154085183,0.5653177918967649,1.6202564198398965,3
1,0.296,0.9812432618005527,0.018756738199447343,0.5653177918967649,1.6202564198398965,3
1,0.297,0.981117833958427,0.018882166041573,0.5653177918967649,1.6202564198398965,3
1,0.298,0.9809920035229122,0.01900799647708784,0.5653177918967649,1.6202564198398965,3
1,0.299,0.980865770698028,0.01913422930197195,0.5653177918967649,1.6202564198398965,3
1,0.3,0.9807391356884452,0.019260864311554826,0.5653177918967649,1.6202564198398965,3
1,0.301,0.980612098699469,0.01938790130053103,0.5653177918967649,1.6202564198398965,3
1,0.302,0.9804846599370648,0.019515340062935205,0.5653177918967649,1.6202564198398965,3
1,0.303,0.980356819607831,0.019643180392168946,0.5653177918967649,1.6202564198398965,3
1,0.304,0.9802285779190169,0.019771422080983148,0.5653177918967649,1.6202564198398965,3
1,0.305,0.9800999350785065,0.019900064921493543,0.5653177918967649,1.6202564198398965,3
1,0.306,0.9799708912948429,0.02002910870515706,0.5653177918967649,1.6202564198398965,3
1,0.307,0.9798414467771951,0.02015855322280491,0.5653177918967649,1.6202564198398965,3
1,0.308,0.9797116017353881,0.02028839826461193,0.5653177918967649,1.6202564198398965,3
1,0.309,0.9795813563798844,0.020418643620115584,0.5653177918967649,1.6202564198398965,3
1,0.31,0.9794507109217803,0.020549289078219735,0.5653177918967649,1.6202564198398965,3
1,0.311,0.9793196655728272,0.020680334427172764,0.5653177918967649,1.6202564198398965,3
1,0.312,0.9791882205454109,0.02081177945458912,0.5653177918967649,1.6202564198398965,3
1,0.313,0.9790563760525595,0.020943623947440537,0.5653177918967649,1.6202564198398965,3
1,0.314,0.9789241323079404,0.021075867692059602,0.5653177918967649,1.6202564198398965,3
1,0.315,0.9787914895258476,0.021208510474152398,0.5653177918967649,1.6202564198398965,3
1,0.316,0.9786584479212415,0.02134155207875854,0.5653177918967649,1.6202564198398965,3
1,0.317,0.9785250077097044,0.02147499229029559,0.5653177918967649,1.6202564198398965,3
1,0.318,0.9783911691074582,0.02160883089254184,0.5653177918967649,1.6202564198398965,3
1,0.319,0.9782569323313671,0.021743067668632876,0.5653177918967649,1.6202564198398965,3
1,0.32,0.9781222975989289,0.02187770240107112,0.5653177918967649,1.6202564198398965,3
1,0.321,0.977987265128277,0.02201273487172295,0.5653177918967649,1.6202564198398965,3
1,0.322,0.9778518351381917,0.02214816486180826,0.5653177918967649,1.6202564198398965,3
1,0.323,0.9777160078480756,0.022283992151924448,0.5653177918967649,1.6202564198398965,3
1,0.324,0.9775797834779795,0.02242021652202053,0.5653177918967649,1.6202564198398965,3
1,0.325,0.9774431622485866,0.022556837751413372,0.5653177918967649,1.6202564198398965,3
1,0.326,0.977306144381211,0.022693855618789005,0.5653177918967649,1.6202564198398965,3
1,0.327,0.9771687300978065,0.02283126990219353,0.5653177918967649,1.6202564198398965,3
1,0.328,0.9770309196209503,0.022969080379049656,0.5653177918967649,1.6202564198398965,3
1,0.329,0.9768927131738732,0.023107286826126838,0.5653177918967649,1.6202564198398965,3
1,0.33,0.9767541109804236,0.02324588901957636,0.5653177918967649,1.6202564198398965,3
1,0.331,0.97661511326509,0.023384886734910015,0.5653177918967649,1.6202564198398965,3
1,0.332,0.976475720252992,0.023524279747007992,0.5653177918967649,1.6202564198398965,3
1,0.333,0.9763359321698691,0.023664067830130864,0.5653177918967649,1.6202564198398965,3
1,0.334,0.9761957492421194,0.02380425075788062,0.5653177918967649,1.6202564198398965,3
1,0.335,0.9760551716967457,0.023944828303254284,0.5653177918967649,1.6202564198398965,3
1,0.336,0.9759141997614011,0.024085800238598853,0.5653177918967649,1.6202564198398965,3
1,0.337,0.9757728336643556,0.024227166335644368,0.5653177918967649,1.6202564198398965,3
1,0.338,0.9756310736345112,0.02436892636548882,0.5653177918967649,1.6202564198398965,3
1,0.339,0.9754889199014097,0.024511080098590265,0.5653177918967649,1.6202564198398965,3
1,0.34,0.9753463726952105,0.024653627304789483,0.5653177918967649,1.6202564198398965,3
1,0.341,0.9752034322467084,0.024796567753291643,0.5653177918967649,1.6202564198398965,3
1,0.342,0.9750600987873196,0.024939901212680415,0.5653177918967649,1.6202564198398965,3
1,0.343,0.9749163725491004,0.025083627450899648,0.5653177918967649,1.6202564198398965,3
1,0.344,0.9747722537647139,0.02522774623528612,0.5653177918967649,1.6202564198398965,3
1,0.345,0.9746277426674673,0.025372257332532677,0.5653177918967649,1.6202564198398965,3
1,0.346,0.9744828394912936,0.02551716050870645,0.5653177918967649,1.6202564198398965,3
1,0.347,0.9743375444707448,0.025662455529255168,0.5653177918967649,1.6202564198398965,3
1,0.348,0.9741918578409996,0.025808142159000402,0.5653177918967649,1.6202564198398965,3
1,0.349,0.9740457798378647,0.025954220162135333,0.5653177918967649,1.6202564198398965,3
1,0.35,0.9738993106977736,0.02610068930222642,0.5653177918967649,1.6202564198398965,3
1,0.351,0.9737524506577643,0.02624754934223572,0.5653177918967649,1.6202564198398965,3
1,0.352,0.9736051999555277,0.026394800044472255,0.5653177918967649,1.6202564198398965,3
1,0.353,0.9734575588293627,0.02654244117063731,0.5653177918967649,1.6202564198398965,3
1,0.354,0.9733095275181908,0.026690472481809224,0.5653177918967649,1.6202564198398965,3
1,0.355,0.9731611062615577,0.026838893738442282,0.5653177918967649,1.6202564198398965,3
1,0.356,0.9730122952996305,0.026987704700369486,0.5653177918967649,1.6202564198398965,3
1,0.357,0.9728630948731984,0.027136905126801558,0.5653177918967649,1.6202564198398965,3
1,0.358,0.9727135052236702,0.027286494776329828,0.5653177918967649,1.6202564198398965,3
1,0.359,0.9725635265930758,0.027436473406924233,0.5653177918967649,1.6202564198398965,3
1,0.36,0.9724131592240643,0.02758684077593565,0.5653177918967649,1.6202564198398965,3
1,0.361,0.9722624033599059,0.02773759664009412,0.5653177918967649,1.6202564198398965,3
1,0.362,0.9721112592444888,0.027888740755511177,0.5653177918967649,1.6202564198398965,3
1,0.363,0.9719597271223203,0.02804027287767974,0.5653177918967649,1.6202564198398965,3
1,0.364,0.9718078072385229,0.02819219276147711,0.5653177918967649,1.6202564198398965,3
1,0.365,0.9716554998388444,0.02834450016115564,0.5653177918967649,1.6202564198398965,3
1,0.366,0.9715028051696402,0.02849719483035984,0.5653177918967649,1.6202564198398965,3
1,0.367,0.9713497234778904,0.028650276522109608,0.5653177918967649,1.6202564198398965,3
1,0.368,0.9711962550111667,0.028803744988833313,0.5653177918967649,1.6202564198398965,3
1,0.369,0.971042400017707,0.02895759998229297,0.5653177918967649,1.6202564198398965,3
1,0.37,0.9708881587463194,0.029111841253680604,0.5653177918967649,1.6202564198398965,3
1,0.371,0.9707335314464467,0.029266468553553304,0.5653177918967649,1.6202564198398965,3
1,0.372,0.9705785183681361,0.029421481631863866,0.5653177918967649,1.6202564198398965,3
1,0.373,0.9704231197620581,0.029576880237941916,0.5653177918967649,1.6202564198398965,3
1,0.374,0.9702673358794902,0.02973266412050979,0.5653177918967649,1.6202564198398965,3
1,0.375,0.9701111669723224,0.02988883302767764,0.5653177918967649,1.6202564198398965,3
1,0.376,0.9699546132930618,0.030045386706938237,0.5653177918967649,1.6202564198398965,3
1,0.377,0.9697976750948291,0.03020232490517094,0.5653177918967649,1.6202564198398965,3
1,0.378,0.9696403526313364,0.03035964736866359,0.5653177918967649,1.6202564198398965,3
1,0.379,0.9694826461569364,0.030517353843063644,0.5653177918967649,1.6202564198398965,3
1,0.38,0.9693245559265717,0.03067544407342826,0.5653177918967649,1.6202564198398965,3
1,0.381,0.969166082195806,0.030833917804193978,0.5653177918967649,1.6202564198398965,3
1,0.382,0.9690072252207987,0.03099277477920126,0.5653177918967649,1.6202564198398965,3
1,0.383,0.9688479852583352,0.031152014741664846,0.5653177918967649,1.6202564198398965,3
1,0.384,0.9686883625657957,0.03131163743420429,0.5653177918967649,1.6202564198398965,3
1,0.385,0.9685283574011734,0.03147164259882662,0.5653177918967649,1.6202564198398965,3
1,0.386,0.9683679700230718,0.031632029976928155,0.5653177918967649,1.6202564198398965,3
1,0.387,0.9682072006906925,0.03179279930930745,0.5653177918967649,1.6202564198398965,3
1,0.388,0.968046049663856,0.03195395033614401,0.5653177918967649,1.6202564198398965,3
1,0.389,0.9678845172029761,0.03211548279702392,0.5653177918967649,1.6202564198398965,3
1,0.39,0.9677226035690819,0.03227739643091809,0.5653177918967649,1.6202564198398965,3
1,0.391,0.9675603090238025,0.03243969097619748,0.5653177918967649,1.6202564198398965,3
1,0.392,0.9673976338293702,0.03260236617062984,0.5653177918967649,1.6202564198398965,3
1,0.393,0.9672345782486222,0.032765421751377755,0.5653177918967649,1.6202564198398965,3
1,0.394,0.9670711425450034,0.03292885745499663,0.5653177918967649,1.6202564198398965,3
1,0.395,0.9669073269825549,0.03309267301744512,0.5653177918967649,1.6202564198398965,3
1,0.396,0.9667431318259284,0.033256868174071585,0.5653177918967649,1.6202564198398965,3
1,0.397,0.966578557340365,0.03342144265963498,0.5653177918967649,1.6202564198398965,3
1,0.398,0.9664136037917206,0.03358639620827941,0.5653177918967649,1.6202564198398965,3
1,0.399,0.9662482714464412,0.03375172855355879,0.5653177918967649,1.6202564198398965,3
1,0.4,0.9660825605715798,0.03391743942842018,0.5653177918967649,1.6202564198398965,3
1,0.401,0.9659164714347884,0.034083528565211574,0.5653177918967649,1.6202564198398965,3
1,0.402,0.9657500043043168,0.03424999569568321,0.5653177918967649,1.6202564198398965,3
1,0.403,0.9655831594490115,0.03441684055098848,0.5653177918967649,1.6202564198398965,3
1,0.404,0.9654159371383216,0.034584062861678366,0.5653177918967649,1.6202564198398965,3
1,0.405,0.9652483376422895,0.034751662357710544,0.5653177918967649,1.6202564198398965,3
1,0.406,0.9650803612315593,0.03491963876844073,0.5653177918967649,1.6202564198398965,3
1,0.407,0.964912008177368,0.035087991822632,0.5653177918967649,1.6202564198398965,3
1,0.408,0.9647432787515519,0.03525672124844814,0.5653177918967649,1.6202564198398965,3
1,0.409,0.9645741732265398,0.03542582677346018,0.5653177918967649,1.6202564198398965,3
1,0.41,0.9644046918753577,0.03559530812464229,0.5653177918967649,1.6202564198398965,3
1,0.411,0.9642348349716261,0.0357651650283739,0.5653177918967649,1.6202564198398965,3
1,0.412,0.9640646027895612,0.03593539721043881,0.5653177918967649,1.6202564198398965,3
1,0.413,0.963893995603964,0.03610600439603595,0.5653177918967649,1.6202564198398965,3
1,0.414,0.9637230136902384,0.036276986309761616,0.5653177918967649,1.6202564198398965,3
1,0.415,0.9635516573243813,0.036448342675618695,0.5653177918967649,1.6202564198398965,3
1,0.416,0.9633799267829732,0.03662007321702676,0.5653177918967649,1.6202564198398965,3
1,0.417,0.9632078223431924,0.036792177656807645,0.5653177918967649,1.6202564198398965,3
1,0.418,0.9630353442828045,0.03696465571719554,0.5653177918967649,1.6202564198398965,3
1,0.419,0.9628624928801682,0.03713750711983177,0.5653177918967649,1.6202564198398965,3
1,0.42,0.9626892684142317,0.03731073158576825,0.5653177918967649,1.6202564198398965,3
1,0.421,0.9625156711645307,0.03748432883546926,0.5653177918967649,1.6202564198398965,3
1,0.422,0.9623417014111911,0.03765829858880887,0.5653177918967649,1.6202564198398965,3
1,0.423,0.9621673594349281,0.03783264056507185,0.5653177918967649,1.6202564198398965,3
1,0.424,0.9619926455170376,0.03800735448296244,0.5653177918967649,1.6202564198398965,3
1,0.425,0.9618175599394114,0.038182440060588574,0.5653177918967649,1.6202564198398965,3
1,0.426,0.9616421029845257,0.03835789701547432,0.5653177918967649,1.6202564198398965,3
1,0.427,0.9614662749354439,0.0385337250645561,0.5653177918967649,1.6202564198398965,3
1,0.428,0.9612900760758002,0.03870992392419981,0.5653177918967649,1.6202564198398965,3
1,0.429,0.9611135066898401,0.03888649331015992,0.5653177918967649,1.6202564198398965,3
1,0.43,0.9609365670623711,0.03906343293762893,0.5653177918967649,1.6202564198398965,3
1,0.431,0.960759257478796,0.03924074252120402,0.5653177918967649,1.6202564198398965,3
1,0.432,0.9605815782250962,0.039418421774903845,0.5653177918967649,1.6202564198398965,3
1,0.433,0.9604035295878389,0.03959647041216108,0.5653177918967649,1.6202564198398965,3
1,0.434,0.9602251118541716,0.03977488814582841,0.5653177918967649,1.6202564198398965,3
1,0.435,0.9600463253118197,0.03995367468818034,0.5653177918967649,1.6202564198398965,3
1,0.436,0.9598671702490992,0.04013282975090082,0.5653177918967649,1.6202564198398965,3
1,0.437,0.9596876469549022,0.04031235304509784,0.5653177918967649,1.6202564198398965,3
1,0.438,0.9595077557186884,0.040492244281311596,0.5653177918967649,1.6202564198398965,3
1,0.439,0.9593274968305204,0.04067250316947957,0.5653177918967649,1.6202564198398965,3
1,0.44,0.9591468705810227,0.04085312941897734,0.5653177918967649,1.6202564198398965,3
1,0.441,0.9589658772614048,0.04103412273859519,0.5653177918967649,1.6202564198398965,3
1,0.442,0.9587845171634474,0.04121548283655263,0.5653177918967649,1.6202564198398965,3
1,0.443,0.9586027905795191,0.04139720942048086,0.5653177918967649,1.6202564198398965,3
1,0.444,0.9584206978025526,0.04157930219744743,0.5653177918967649,1.6202564198398965,3
1,0.445,0.9582382391260681,0.04176176087393191,0.5653177918967649,1.6202564198398965,3
1,0.446,0.9580554148441547,0.041944585155845315,0.5653177918967649,1.6202564198398965,3
1,0.447,0.9578722252514802,0.04212777474851981,0.5653177918967649,1.6202564198398965,3
1,0.448,0.9576886706432759,0.0423113293567241,0.5653177918967649,1.6202564198398965,3
1,0.449,0.9575047513153648,0.04249524868463517,0.5653177918967649,1.6202564198398965,3
1,0.45,0.9573204675641311,0.04267953243586886,0.5653177918967649,1.6202564198398965,3
1,0.451,0.9571358196865338,0.04286418031346617,0.5653177918967649,1.6202564198398965,3
1,0.452,0.9569508079801048,0.04304919201989521,0.5653177918967649,1.6202564198398965,3
1,0.453,0.9567654327429468,0.043234567257053214,0.5653177918967649,1.6202564198398965,3
1,0.454,0.9565796942737371,0.043420305726262876,0.5653177918967649,1.6202564198398965,3
1,0.455,0.9563935928717128,0.04360640712828723,0.5653177918967649,1.6202564198398965,3
1,0.456,0.9562071288366953,0.04379287116330466,0.5653177918967649,1.6202564198398965,3
1,0.457,0.9560203024690664,0.04397969753093356,0.5653177918967649,1.6202564198398965,3
1,0.458,0.9558331140697772,0.04416688593022278,0.5653177918967649,1.6202564198398965,3
1,0.459,0.9556455639403469,0.04435443605965306,0.5653177918967649,1.6202564198398965,3
1,0.46,0.9554576523828658,0.04454234761713416,0.5653177918967649,1.6202564198398965,3
1,0.461,0.9552693796999892,0.04473062030001085,0.5653177918967649,1.6202564198398965,3
1,0.462,0.9550807461949322,0.04491925380506778,0.5653177918967649,1.6202564198398965,3
1,0.463,0.9548917521714896,0.04510824782851042,0.5653177918967649,1.6202564198398965,3
1,0.464,0.9547023979340051,0.04529760206599487,0.5653177918967649,1.6202564198398965,3
1,0.465,0.9545126837874007,0.04548731621259927,0.5653177918967649,1.6202564198398965,3
1,0.466,0.9543226100371565,0.04567738996284354,0.5653177918967649,1.6202564198398965,3
1,0.467,0.9541321769893127,0.04586782301068726,0.5653177918967649,1.6202564198398965,3
1,0.468,0.9539413849504794,0.04605861504952058,0.5653177918967649,1.6202564198398965,3
1,0.469,0.953750234227825,0.04624976577217499,0.5653177918967649,1.6202564198398965,3
1,0.47,0.953558725129078,0.04644127487092198,0.5653177918967649,1.6202564198398965,3
1,0.471,0.9533668579625326,0.04663314203746738,0.5653177918967649,1.6202564198398965,3
1,0.472,0.9531746330370394,0.04682536696296058,0.5653177918967649,1.6202564198398965,3
1,0.473,0.9529820506620089,0.04701794933799108,0.5653177918967649,1.6202564198398965,3
1,0.474,0.9527891111474144,0.04721088885258562,0.5653177918967649,1.6202564198398965,3
1,0.475,0.952595814803787,0.04740418519621303,0.5653177918967649,1.6202564198398965,3
1,0.476,0.95240216194221,0.047597838057790054,0.5653177918967649,1.6202564198398965,3
1,0.477,0.952208152874334,0.047791847125665976,0.5653177918967649,1.6202564198398965,3
1,0.478,0.9520137879123558,0.0479862120876442,0.5653177918967649,1.6202564198398965,3
1,0.479,0.951819067369037,0.048180932630963014,0.5653177918967649,1.6202564198398965,3
1,0.48,0.9516239915576935,0.048376008442306495,0.5653177918967649,1.6202564198398965,3
1,0.481,0.9514285607921931,0.04857143920780693,0.5653177918967649,1.6202564198398965,3
1,0.482,0.9512327753869568,0.04876722461304317,0.5653177918967649,1.6202564198398965,3
1,0.483,0.9510366356569692,0.048963364343030835,0.5653177918967649,1.6202564198398965,3
1,0.484,0.9508401419177526,0.04915985808224743,0.5653177918967649,1.6202564198398965,3
1,0.485,0.9506432944854007,0.04935670551459925,0.5653177918967649,1.6202564198398965,3
1,0.486,0.9504460936765426,0.04955390632345735,0.5653177918967649,1.6202564198398965,3
1,0.487,0.9502485398083602,0.049751460191639785,0.5653177918967649,1.6202564198398965,3
1,0.488,0.9500506331986006,0.049949366801399386,0.5653177918967649,1.6202564198398965,3
1,0.489,0.9498523741655518,0.050147625834448206,0.5653177918967649,1.6202564198398965,3
1,0.49,0.949653763028049,0.05034623697195095,0.5653177918967649,1.6202564198398965,3
1,0.491,0.9494548001054822,0.05054519989451778,0.5653177918967649,1.6202564198398965,3
1,0.492,0.9492554857177795,0.05074451428222049,0.5653177918967649,1.6202564198398965,3
1,0.493,0.9490558201854308,0.050944179814569224,0.5653177918967649,1.6202564198398965,3
1,0.494,0.9488558038294652,0.051144196170534784,0.5653177918967649,1.6202564198398965,3
1,0.495,0.9486554369714597,0.05134456302854029,0.5653177918967649,1.6202564198398965,3
1,0.496,0.9484547199335374,0.05154528006646264,0.5653177918967649,1.6202564198398965,3
1,0.497,0.9482536530383643,0.051746346961635714,0.5653177918967649,1.6202564198398965,3
1,0.498,0.9480522366091559,0.05194776339084406,0.5653177918967649,1.6202564198398965,3
1,0.499,0.9478504709696685,0.05214952903033154,0.5653177918967649,1.6202564198398965,3
1,0.5,0.9476483564442026,0.052351643555797356,0.5653177918967649,1.6202564198398965,3
2,0.001,0.9999997411763731,2.588236268641353e-07,0.5970344365056364,1.8279006284737285,3
2,0.002,0.9999989647060206,1.0352939794344707e-06,0.5970344365056364,1.8279006284737285,3
2,0.003,0.9999976705905271,2.3294094728676384e-06,0.5970344365056364,1.8279006284737285,3
2,0.004,0.9999958588325336,4.141167466387152e-06,0.5970344365056364,1.8279006284737285,3
2,0.005,0.99999352938254,6.470617459952699e-06,0.5970344365056364,1.8279006284737285,3
2,0.006,0.9999906811708865,9.318829113480476e-06,0.5970344365056364,1.8279006284737285,3
2,0.007,0.9999873160562441,1.2683943755864568e-05,0.5970344365056364,1.8279006284737285,3
2,0.008,0.9999834332553357,1.656674466432584e-05,0.5970344365056364,1.8279006284737285,3
2,0.009,0.9999790327725969,2.0967227403079214e-05,0.5970344365056364,1.8279006284737285,3
2,0.01,0.9999741146211006,2.58853788993596e-05,0.5970344365056364,1.8279006284737285,3
2,0.011,0.9999686787975124,3.132120248761083e-05,0.5970344365056364,1.8279006284737285,3
2,0.012,0.9999627253250247,3.7274674975273925e-05,0.5970344365056364,1.8279006284737285,3
2,0.013,0.9999562542124482,4.3745787551841e-05,0.5970344365056364,1.8279006284737285,3
2,0.014,0.9999492654714861,5.073452851389604e-05,0.5970344365056364,1.8279006284737285,3
2,0.015,0.9999417591179864,5.824088201356048e-05,0.5970344365056364,1.8279006284737285,3
2,0.016,0.9999337351658059,6.626483419414075e-05,0.5970344365056364,1.8279006284737285,3
2,0.017,0.9999251936309451,7.480636905488058e-05,0.5970344365056364,1.8279006284737285,3
2,0.018,0.9999161345326135,8.386546738647915e-05,0.5970344365056364,1.8279006284737285,3
2,0.019,0.9999065578883944,9.344211160555727e-05,0.5970344365056364,1.8279006284737285,3
2,0.02,0.9998964637153426,0.00010353628465742393,0.5970344365056364,1.8279006284737285,3
2,0.021,0.9998858520371233,0.00011414796287667617,0.5970344365056364,1.8279006284737285,3
2,0.022,0.9998747228746142,0.00012527712538579205,0.5970344365056364,1.8279006284737285,3
2,0.023,0.9998630762494113,0.0001369237505887133,0.5970344365056364,1.8279006284737285,3
2,0.024,0.9998509121847662,0.0001490878152338171,0.5970344365056364,1.8279006284737285,3
2,0.025,0.9998382307074384,0.00016176929256161987,0.5970344365056364,1.8279006284737285,3
2,0.026,0.9998250318406761,0.0001749681593239405,0.5970344365056364,1.8279006284737285,3
2,0.027,0.9998113156129415,0.0001886843870585464,0.5970344365056364,1.8279006284737285,3
2,0.028,0.9997970820520141,0.00020291794798588114,0.5970344365056364,1.8279006284737285,3
2,0.029,0.9997823311853208,0.00021766881467921717,0.5970344365056364,1.8279006284737285,3
2,0.03,0.9997670630442532,0.00023293695574677642,0.5970344365056364,1.8279006284737285,3
2,0.031,0.9997512776590852,0.0002487223409147754,0.5970344365056364,1.8279006284737285,3
2,0.032,0.9997349750620447,0.0002650249379553271,0.5970344365056364,1.8279006284737285,3
2,0.033,0.9997181552862267,0.0002818447137733493,0.5970344365056364,1.8279006284737285,3
2,0.034,0.9997008183661782,0.00029918163382181007,0.5970344365056364,1.8279006284737285,3
2,0.035,0.999682964335169,0.0003170356648309891,0.5970344365056364,1.8279006284737285,3
2,0.036,0.9996645932318237,0.0003354067681763384,0.5970344365056364,1.8279006284737285,3
2,0.037,0.9996457050933556,0.00035429490664440344,0.5970344365056364,1.8279006284737285,3
2,0.038,0.9996262999538897,0.0003737000461102591,0.5970344365056364,1.8279006284737285,3
2,0.039,0.9996063778578319,0.000393622142168093,0.5970344365056364,1.8279006284737285,3
2,0.04,0.9995859388431579,0.00041406115684206046,0.5970344365056364,1.8279006284737285,3
2,0.041,0.9995649829522903,0.00043501704770965155,0.5970344365056364,1.8279006284737285,3
2,0.042,0.9995435102267659,0.00045648977323409223,0.5970344365056364,1.8279006284737285,3
2,0.043,0.9995215207108055,0.0004784792891945333,0.5970344365056364,1.8279006284737285,3
2,0.044,0.9994990144501485,0.0005009855498514515,0.5970344365056364,1.8279006284737285,3
2,0.045,0.9994759914862983,0.0005240085137017125,0.5970344365056364,1.8279006284737285,3
2,0.046,0.9994524518699761,0.0005475481300238894,0.5970344365056364,1.8279006284737285,3
2,0.047,0.9994283956476301,0.0005716043523699144,0.5970344365056364,1.8279006284737285,3
2,0.048,0.9994038228679496,0.0005961771320504017,0.5970344365056364,1.8279006284737285,3
2,0.049,0.9993787335807972,0.0006212664192027928,0.5970344365056364,1.8279006284737285,3
2,0.05,0.9993531278371748,0.0006468721628252183,0.5970344365056364,1.8279006284737285,3
2,0.051,0.9993270056887176,0.0006729943112824266,0.5970344365056364,1.8279006284737285,3
2,0.052,0.9993003671887467,0.0006996328112532924,0.5970344365056364,1.8279006284737285,3
2,0.053,0.99927321239064,0.0007267876093599579,0.5970344365056364,1.8279006284737285,3
2,0.054,0.9992455413499652,0.0007544586500347616,0.5970344365056364,1.8279006284737285,3
2,0.055,0.9992173541228256,0.0007826458771743594,0.5970344365056364,1.8279006284737285,3
2,0.056,0.9991886507659941,0.0008113492340059425,0.5970344365056364,1.8279006284737285,3
2,0.057,0.9991594313379779,0.0008405686620220898,0.5970344365056364,1.8279006284737285,3
2,0.058,0.9991296958978944,0.0008703041021056457,0.5970344365056364,1.8279006284737285,3
2,0.059,0.9990994445060051,0.0009005554939949256,0.5970344365056364,1.8279006284737285,3
2,0.06,0.999068677223706,0.0009313227762940413,0.5970344365056364,1.8279006284737285,3
2,0.061,0.9990373941133049,0.000962605886695056,0.5970344365056364,1.8279006284737285,3
2,0.062,0.999005595237968,0.0009944047620320529,0.5970344365056364,1.8279006284737285,3
2,0.063,0.9989732806624535,0.0010267193375465,0.5970344365056364,1.8279006284737285,3
2,0.064,0.9989404504520673,0.0010595495479327477,0.5970344365056364,1.8279006284737285,3
2,0.065,0.9989071046734935,0.0010928953265064711,0.5970344365056364,1.8279006284737285,3
2,0.066,0.998873243394285,0.0011267566057150402,0.5970344365056364,1.8279006284737285,3
2,0.067,0.9988388666829849,0.0011611333170150617,0.5970344365056364,1.8279006284737285,3
2,0.068,0.9988039746092674,0.0011960253907326024,0.5970344365056364,1.8279006284737285,3
2,0.069,0.9987685672438881,0.0012314327561119276,0.5970344365056364,1.8279006284737285,3
2,0.07,0.9987326446585015,0.0012673553414984662,0.5970344365056364,1.8279006284737285,3
2,0.071,0.998696206925993,0.0013037930740069648,0.5970344365056364,1.8279006284737285,3
2,0.072,0.9986592541201704,0.0013407458798295746,0.5970344365056364,1.8279006284737285,3
2,0.073,0.9986217863159617,0.001378213684038343,0.5970344365056364,1.8279006284737285,3
2,0.074,0.998583803589085,0.0014161964109149494,0.5970344365056364,1.8279006284737285,3
2,0.075,0.9985453060166686,0.0014546939833314232,0.5970344365056364,1.8279006284737285,3
2,0.076,0.998506293676778,0.0014937063232219883,0.5970344365056364,1.8279006284737285,3
2,0.077,0.998466766648195,0.0015332333518049968,0.5970344365056364,1.8279006284737285,3
2,0.078,0.9984267250111465,0.0015732749888535125,0.5970344365056364,1.8279006284737285,3
2,0.079,0.9983861688468527,0.0016138311531472826,0.5970344365056364,1.8279006284737285,3
2,0.08,0.9983450982374744,0.0016549017625255846,0.5970344365056364,1.8279006284737285,3
2,0.081,0.9983035132656924,0.0016964867343075563,0.5970344365056364,1.8279006284737285,3
2,0.082,0.998261414016449,0.0017385859835510331,0.5970344365056364,1.8279006284737285,3
2,0.083,0.998218800574745,0.001781199425255009,0.5970344365056364,1.8279006284737285,3
2,0.084,0.9981756730266428,0.0018243269733572154,0.5970344365056364,1.8279006284737285,3
2,0.085,0.9981320314598474,0.001867968540152587,0.5970344365056364,1.8279006284737285,3
2,0.086,0.9980878759629068,0.001912124037093177,0.5970344365056364,1.8279006284737285,3
2,0.087,0.9980432066244702,0.001956793375529786,0.5970344365056364,1.8279006284737285,3
2,0.088,0.9979980235356994,0.002001976464300559,0.5970344365056364,1.8279006284737285,3
2,0.089,0.9979523267879674,0.002047673212032586,0.5970344365056364,1.8279006284737285,3
2,0.09,0.9979061164737193,0.0020938835262807043,0.5970344365056364,1.8279006284737285,3
2,0.091,0.9978593926866013,0.0021406073133987125,0.5970344365056364,1.8279006284737285,3
2,0.092,0.9978121555211821,0.002187844478817924,0.5970344365056364,1.8279006284737285,3
2,0.093,0.9977644050731308,0.0022355949268692,0.5970344365056364,1.8279006284737285,3
2,0.094,0.9977161414392036,0.0022838585607963813,0.5970344365056364,1.8279006284737285,3
2,0.095,0.9976673647169477,0.0023326352830522756,0.5970344365056364,1.8279006284737285,3
2,0.096,0.9976180750052572,0.002381924994742768,0.5970344365056364,1.8279006284737285,3
2,0.097,0.9975682724039551,0.0024317275960449303,0.5970344365056364,1.8279006284737285,3
2,0.098,0.9975179570137203,0.002482042986279742,0.5970344365056364,1.8279006284737285,3
2,0.099,0.9974671289365515,0.002532871063448461,0.5970344365056364,1.8279006284737285,3
2,0.1,0.9974157882753109,0.002584211724689145,0.5970344365056364,1.8279006284737285,3
2,0.101,0.9973639351339665,0.002636064866033516,0.5970344365056364,1.8279006284737285,3
2,0.102,0.9973115696173656,0.0026884303826344436,0.5970344365056364,1.8279006284737285,3
2,0.103,0.9972586918316525,0.0027413081683475005,0.5970344365056364,1.8279006284737285,3
2,0.104,0.9972053018837049,0.002794698116295069,0.5970344365056364,1.8279006284737285,3
2,0.105,0.9971513998817098,0.0028486001182902454,0.5970344365056364,1.8279006284737285,3
2,0.106,0.9970969859347222,0.0029030140652778202,0.5970344365056364,1.8279006284737285,3
2,0.107,0.9970420601528481,0.002957939847151869,0.5970344365056364,1.8279006284737285,3
2,0.108,0.9969866226472628,0.003013377352737212,0.5970344365056364,1.8279006284737285,3
2,0.109,0.9969306735301697,0.003069326469830269,0.5970344365056364,1.8279006284737285,3
2,0.11,0.9968742129147683,0.0031257870852317016,0.5970344365056364,1.8279006284737285,3
2,0.111,0.9968172409153104,0.003182759084689568,0.5970344365056364,1.8279006284737285,3
2,0.112,0.9967597576470996,0.0032402423529004354,0.5970344365056364,1.8279006284737285,3
2,0.113,0.9967017632264088,0.003298236773591201,0.5970344365056364,1.8279006284737285,3
2,0.114,0.9966432577705936,0.0033567422294064064,0.5970344365056364,1.8279006284737285,3
2,0.115,0.9965842413980396,0.003415758601960417,0.5970344365056364,1.8279006284737285,3
2,0.116,0.9965247142281257,0.0034752857718742813,0.5970344365056364,1.8279006284737285,3
2,0.117,0.9964646763812643,0.003535323618735653,0.5970344365056364,1.8279006284737285,3
2,0.118,0.9964041279789037,0.003595872021096347,0.5970344365056364,1.8279006284737285,3
2,0.119,0.9963430691435672,0.0036569308564328162,0.5970344365056364,1.8279006284737285,3
2,0.12,0.9962814999987764,0.0037185000012236458,0.5970344365056364,1.8279006284737285,3
2,0.121,0.9962194206689269,0.0037805793310731195,0.5970344365056364,1.8279006284737285,3
2,0.122,0.9961568312797237,0.0038431687202763465,0.5970344365056364,1.8279006284737285,3
2,0.123,0.9960937319577238,0.003906268042276229,0.5970344365056364,1.8279006284737285,3
2,0.124,0.996030122830478,0.003969877169522018,0.5970344365056364,1.8279006284737285,3
2,0.125,0.9959660040266923,0.004033995973307669,0.5970344365056364,1.8279006284737285,3
2,0.126,0.9959013756759599,0.004098624324040068,0.5970344365056364,1.8279006284737285,3
2,0.127,0.9958362379090244,0.004163762090975576,0.5970344365056364,1.8279006284737285,3
2,0.128,0.9957705908575606,0.004229409142439411,0.5970344365056364,1.8279006284737285,3
2,0.129,0.9957044346543036,0.004295565345696417,0.5970344365056364,1.8279006284737285,3
2,0.13,0.9956377694330172,0.0043622305669828165,0.5970344365056364,1.8279006284737285,3
2,0.131,0.9955705953284768,0.004429404671523196,0.5970344365056364,1.8279006284737285,3
2,0.132,0.9955029124764645,0.0044970875235355035,0.5970344365056364,1.8279006284737285,3
2,0.133,0.9954347210138136,0.004565278986186416,0.5970344365056364,1.8279006284737285,3
2,0.134,0.9953660210783629,0.004633978921637083,0.5970344365056364,1.8279006284737285,3
2,0.135,0.9952968128089749,0.004703187191025138,0.5970344365056364,1.8279006284737285,3
2,0.136,0.9952270963455341,0.004772903654465921,0.5970344365056364,1.8279006284737285,3
2,0.137,0.9951568718289383,0.004843128171061695,0.5970344365056364,1.8279006284737285,3
2,0.138,0.9950861394011147,0.004913860598885322,0.5970344365056364,1.8279006284737285,3
2,0.139,0.9950148992049954,0.004985100795004582,0.5970344365056364,1.8279006284737285,3
2,0.14,0.9949431513845436,0.005056848615456411,0.5970344365056364,1.8279006284737285,3
2,0.141,0.9948708960847926,0.005129103915207378,0.5970344365056364,1.8279006284737285,3
2,0.142,0.9947981334515598,0.005201866548440237,0.5970344365056364,1.8279006284737285,3
2,0.143,0.9947248636321546,0.005275136367845379,0.5970344365056364,1.8279006284737285,3
2,0.144,0.9946510867741947,0.00534891322580533,0.5970344365056364,1.8279006284737285,3
2,0.145,0.9945768030270743,0.0054231969729257035,0.5970344365056364,1.8279006284737285,3
2,0.146,0.9945020125407539,0.005497987459246123,0.5970344365056364,1.8279006284737285,3
2,0.147,0.9944267154662761,0.005573284533723855,0.5970344365056364,1.8279006284737285,3
2,0.148,0.9943509119557135,0.005649088044286543,0.5970344365056364,1.8279006284737285,3
2,0.149,0.9942746021622416,0.005725397837758384,0.5970344365056364,1.8279006284737285,3
2,0.15,0.9941977862399065,0.005802213760093489,0.5970344365056364,1.8279006284737285,3
2,0.151,0.9941204643438888,0.005879535656111212,0.5970344365056364,1.8279006284737285,3
2,0.152,0.9940426366303134,0.0059573633696865524,0.5970344365056364,1.8279006284737285,3
2,0.153,0.9939643032563362,0.0060356967436637765,0.5970344365056364,1.8279006284737285,3
2,0.154,0.9938854643801343,0.006114535619865746,0.5970344365056364,1.8279006284737285,3
2,0.155,0.9938061201608687,0.006193879839131333,0.5970344365056364,1.8279006284737285,3
2,0.156,0.9937262707587481,0.006273729241251913,0.5970344365056364,1.8279006284737285,3
2,0.157,0.9936459163349572,0.0063540836650427535,0.5970344365056364,1.8279006284737285,3
2,0.158,0.9935650570516963,0.006434942948303712,0.5970344365056364,1.8279006284737285,3
2,0.159,0.9934836930722819,0.006516306927718096,0.5970344365056364,1.8279006284737285,3
2,0.16,0.9934018245607245,0.006598175439275544,0.5970344365056364,1.8279006284737285,3
2,0.161,0.993319451682474,0.006680548317525958,0.5970344365056364,1.8279006284737285,3
2,0.162,0.9932365746036772,0.0067634253963227975,0.5970344365056364,1.8279006284737285,3
2,0.163,0.9931531934916042,0.006846806508395753,0.5970344365056364,1.8279006284737285,3
2,0.164,0.9930693085145065,0.006930691485493523,0.5970344365056364,1.8279006284737285,3
2,0.165,0.9929849198416694,0.007015080158330633,0.5970344365056364,1.8279006284737285,3
2,0.166,0.992900027643321,0.00709997235667903,0.5970344365056364,1.8279006284737285,3
2,0.167,0.9928146320907559,0.007185367909244067,0.5970344365056364,1.8279006284737285,3
2,0.168,0.9927287333562616,0.00727126664373845,0.5970344365056364,1.8279006284737285,3
2,0.169,0.9926423316131313,0.007357668386868688,0.5970344365056364,1.8279006284737285,3
2,0.17,0.9925554270355776,0.007444572964422358,0.5970344365056364,1.8279006284737285,3
2,0.171,0.9924680197989667,0.007531980201033295,0.5970344365056364,1.8279006284737285,3
2,0.172,0.9923801100795567,0.007619889920443268,0.5970344365056364,1.8279006284737285,3
2,0.173,0.9922916980546492,0.007708301945350771,0.5970344365056364,1.8279006284737285,3
2,0.174,0.9922027839025401,0.007797216097459869,0.5970344365056364,1.8279006284737285,3
2,0.175,0.9921133678024798,0.007886632197520171,0.5970344365056364,1.8279006284737285,3
2,0.176,0.9920234499348116,0.007976550065188381,0.5970344365056364,1.8279006284737285,3
2,0.177,0.9919330304808096,0.008066969519190392,0.5970344365056364,1.8279006284737285,3
2,0.178,0.9918421096227636,0.008157890377236354,0.5970344365056364,1.8279006284737285,3
2,0.179,0.9917506875439642,0.008249312456035773,0.5970344365056364,1.8279006284737285,3
2,0.18,0.9916587644286924,0.008341235571307615,0.5970344365056364,1.8279006284737285,3
2,0.181,0.9915663404622377,0.008433659537762317,0.5970344365056364,1.8279006284737285,3
2,0.182,0.9914734158308779,0.008526584169122109,0.5970344365056364,1.8279006284737285,3
2,0.183,0.9913799907218895,0.008620009278110463,0.5970344365056364,1.8279006284737285,3
2,0.184,0.9912860653235379,0.008713934676462087,0.5970344365056364,1.8279006284737285,3
2,0.185,0.9911916398251266,0.008808360174873409,0.5970344365056364,1.8279006284737285,3
2,0.186,0.9910967144168987,0.008903285583101272,0.5970344365056364,1.8279006284737285,3
2,0.187,0.9910012892899532,0.008998710710046764,0.5970344365056364,1.8279006284737285,3
2,0.188,0.9909053646367514,0.009094635363248615,0.5970344365056364,1.8279006284737285,3
2,0.189,0.9908089406504595,0.009191059349540454,0.5970344365056364,1.8279006284737285,3
2,0.19,0.9907120175252814,0.009287982474718626,0.5970344365056364,1.8279006284737285,3
2,0.191,0.9906145954564547,0.009385404543545306,0.5970344365056364,1.8279006284737285,3
2,0.192,0.9905166746402065,0.00948332535979346,0.5970344365056364,1.8279006284737285,3
2,0.193,0.9904182552736945,0.009581744726305463,0.5970344365056364,1.8279006284737285,3
2,0.194,0.9903193375551107,0.009680662444889299,0.5970344365056364,1.8279006284737285,3
2,0.195,0.9902199216836606,0.009780078316339424,0.5970344365056364,1.8279006284737285,3
2,0.196,0.9901200078594999,0.00987999214050006,0.5970344365056364,1.8279006284737285,3
2,0.197,0.9900195962837792,0.009980403716220776,0.5970344365056364,1.8279006284737285,3
2,0.198,0.9899186871586664,0.010081312841333623,0.5970344365056364,1.8279006284737285,3
2,0.199,0.9898172806871858,0.010182719312814226,0.5970344365056364,1.8279006284737285,3
2,0.2,0.9897153770735396,0.010284622926460374,0.5970344365056364,1.8279006284737285,3
2,0.201,0.9896129765227946,0.010387023477205437,0.5970344365056364,1.8279006284737285,3
2,0.202,0.9895100792410413,0.010489920758958715,0.5970344365056364,1.8279006284737285,3
2,0.203,0.9894066854353063,0.010593314564693701,0.5970344365056364,1.8279006284737285,3
2,0.204,0.9893027953136546,0.010697204686345385,0.5970344365056364,1.8279006284737285,3
2,0.205,0.9891984090850973,0.010801590914902737,0.5970344365056364,1.8279006284737285,3
2,0.206,0.989093526959664,0.010906473040335984,0.5970344365056364,1.8279006284737285,3
2,0.207,0.9889881491483083,0.011011850851691651,0.5970344365056364,1.8279006284737285,3
2,0.208,0.9888822758630181,0.011117724136981866,0.5970344365056364,1.8279006284737285,3
2,0.209,0.9887759073167326,0.011224092683267406,0.5970344365056364,1.8279006284737285,3
2,0.21,0.9886690437233787,0.011330956276621285,0.5970344365056364,1.8279006284737285,3
2,0.211,0.9885616852978308,0.011438314702169161,0.5970344365056364,1.8279006284737285,3
2,0.212,0.9884538322559996,0.011546167744000413,0.5970344365056364,1.8279006284737285,3
2,0.213,0.9883454848147413,0.01165451518525873,0.5970344365056364,1.8279006284737285,3
2,0.214,0.9882366431918882,0.011763356808111802,0.5970344365056364,1.8279006284737285,3
2,0.215,0.98812730760612,0.011872692393880002,0.5970344365056364,1.8279006284737285,3
2,0.216,0.9880174782773914,0.011982521722608608,0.5970344365056364,1.8279006284737285,3
2,0.217,0.9879071554263662,0.012092844573633799,0.5970344365056364,1.8279006284737285,3
2,0.218,0.9877963392747848,0.01220366072521517,0.5970344365056364,1.8279006284737285,3
2,0.219,0.9876850300453467,0.01231496995465331,0.5970344365056364,1.8279006284737285,3
2,0.22,0.987573227961716,0.012426772038284017,0.5970344365056364,1.8279006284737285,3
2,0.221,0.9874609332485337,0.012539066751466321,0.5970344365056364,1.8279006284737285,3
2,0.222,0.9873481461313953,0.012651853868604679,0.5970344365056364,1.8279006284737285,3
2,0.223,0.9872348668369046,0.012765133163095355,0.5970344365056364,1.8279006284737285,3
2,0.224,0.9871210955925592,0.012878904407440772,0.5970344365056364,1.8279006284737285,3
2,0.225,0.987006832626918,0.012993167373081982,0.5970344365056364,1.8279006284737285,3
2,0.226,0.9868920781694586,0.013107921830541436,0.5970344365056364,1.8279006284737285,3
2,0.227,0.9867768324505928,0.013223167549407222,0.5970344365056364,1.8279006284737285,3
2,0.228,0.9866610957017434,0.013338904298256571,0.5970344365056364,1.8279006284737285,3
2,0.229,0.9865448681553108,0.013455131844689161,0.5970344365056364,1.8279006284737285,3
2,0.23,0.9864281500446219,0.01357184995537808,0.5970344365056364,1.8279006284737285,3
2,0.231,0.9863109416039749,0.013689058396025078,0.5970344365056364,1.8279006284737285,3
2,0.232,0.98619324306864,0.01380675693136002,0.5970344365056364,1.8279006284737285,3
2,0.233,0.9860750546748338,0.013924945325166194,0.5970344365056364,1.8279006284737285,3
2,0.234,0.98595637665977,0.014043623340230016,0.5970344365056364,1.8279006284737285,3
2,0.235,0.9858372092615374,0.014162790738462605,0.5970344365056364,1.8279006284737285,3
2,0.236,0.9857175527193458,0.014282447280654198,0.5970344365056364,1.8279006284737285,3
2,0.237,0.9855974072731379,0.014402592726862062,0.5970344365056364,1.8279006284737285,3
2,0.238,0.9854767731640286,0.014523226835971403,0.5970344365056364,1.8279006284737285,3
2,0.239,0.9853556506339602,0.014644349366039755,0.5970344365056364,1.8279006284737285,3
2,0.24,0.985234039925885,0.014765960074115014,0.5970344365056364,1.8279006284737285,3
2,0.241,0.9851119412836886,0.014888058716311381,0.5970344365056364,1.8279006284737285,3
2,0.242,0.9849893549522117,0.015010645047788262,0.5970344365056364,1.8279006284737285,3
2,0.243,0.9848662811772634,0.01513371882273662,0.5970344365056364,1.8279006284737285,3
2,0.244,0.9847427202056391,0.015257279794360867,0.5970344365056364,1.8279006284737285,3
2,0.245,0.9846186722849088,0.015381327715091153,0.5970344365056364,1.8279006284737285,3
2,0.246,0.9844941376638625,0.015505862336137488,0.5970344365056364,1.8279006284737285,3
2,0.247,0.9843691165920642,0.015630883407935836,0.5970344365056364,1.8279006284737285,3
2,0.248,0.9842436093200689,0.015756390679931065,0.5970344365056364,1.8279006284737285,3
2,0.249,0.9841176160993949,0.015882383900605146,0.5970344365056364,1.8279006284737285,3
2,0.25,0.983991137182478,0.016008862817522007,0.5970344365056364,1.8279006284737285,3
2,0.251,0.9838641728227309,0.016135827177269135,0.5970344365056364,1.8279006284737285,3
2,0.252,0.983736723274498,0.016263276725501985,0.5970344365056364,1.8279006284737285,3
2,0.253,0.9836087887930541,0.016391211206945866,0.5970344365056364,1.8279006284737285,3
2,0.254,0.9834803696347018,0.016519630365298243,0.5970344365056364,1.8279006284737285,3
2,0.255,0.9833514660565131,0.016648533943486865,0.5970344365056364,1.8279006284737285,3
2,0.256,0.9832220783167105,0.01677792168328951,0.5970344365056364,1.8279006284737285,3
2,0.257,0.9830922066743262,0.016907793325673826,0.5970344365056364,1.8279006284737285,3
2,0.258,0.9829618513893722,0.0170381486106278,0.5970344365056364,1.8279006284737285,3
2,0.259,0.9828310127228,0.017168987277199954,0.5970344365056364,1.8279006284737285,3
2,0.26,0.9826996909365069,0.017300309063493113,0.5970344365056364,1.8279006284737285,3
2,0.261,0.9825678862932792,0.01743211370672082,0.5970344365056364,1.8279006284737285,3
2,0.262,0.9824355990569276,0.017564400943072433,0.5970344365056364,1.8279006284737285,3
2,0.263,0.9823028294921411,0.017697170507858906,0.5970344365056364,1.8279006284737285,3
2,0.264,0.9821695778645558,0.01783042213544417,0.5970344365056364,1.8279006284737285,3
2,0.265,0.9820358444407509,0.01796415555924913,0.5970344365056364,1.8279006284737285,3
2,0.266,0.9819016294882378,0.01809837051176222,0.5970344365056364,1.8279006284737285,3
2,0.267,0.9817669332754453,0.018233066724554714,0.5970344365056364,1.8279006284737285,3
2,0.268,0.9816317560717646,0.01836824392823544,0.5970344365056364,1.8279006284737285,3
2,0.269,0.9814960981474906,0.018503901852509386,0.5970344365056364,1.8279006284737285,3
2,0.27,0.9813599597738673,0.018640040226132748,0.5970344365056364,1.8279006284737285,3
2,0.271,0.9812233412230658,0.01877665877693424,0.5970344365056364,1.8279006284737285,3
2,0.272,0.9810862427681807,0.018913757231819317,0.5970344365056364,1.8279006284737285,3
2,0.273,0.9809486646832383,0.01905133531676173,0.5970344365056364,1.8279006284737285,3
2,0.274,0.9808106072431845,0.019189392756815526,0.5970344365056364,1.8279006284737285,3
2,0.275,0.9806720707239371,0.01932792927606286,0.5970344365056364,1.8279006284737285,3
2,0.276,0.9805330554022372,0.01946694459776277,0.5970344365056364,1.8279006284737285,3
2,0.277,0.9803935615558346,0.01960643844416543,0.5970344365056364,1.8279006284737285,3
2,0.278,0.9802535894634015,0.019746410536598535,0.5970344365056364,1.8279006284737285,3
2,0.279,0.9801131394045184,0.019886860595481615,0.5970344365056364,1.8279006284737285,3
2,0.28,0.9799722116596729,0.020027788340327146,0.5970344365056364,1.8279006284737285,3
2,0.281,0.9798308065102795,0.02016919348972046,0.5970344365056364,1.8279006284737285,3
2,0.282,0.9796889242386682,0.020311075761331843,0.5970344365056364,1.8279006284737285,3
2,0.283,0.9795465651281267,0.020453434871873344,0.5970344365056364,1.8279006284737285,3
2,0.284,0.9794037294628035,0.02059627053719648,0.5970344365056364,1.8279006284737285,3
2,0.285,0.9792604175278076,0.02073958247219243,0.5970344365056364,1.8279006284737285,3
2,0.286,0.9791166296091451,0.02088337039085486,0.5970344365056364,1.8279006284737285,3
2,0.287,0.9789723659937368,0.021027634006263174,0.5970344365056364,1.8279006284737285,3
2,0.288,0.9788276269694274,0.021172373030572622,0.5970344365056364,1.8279006284737285,3
2,0.289,0.9786824128249676,0.021317587175032404,0.5970344365056364,1.8279006284737285,3
2,0.29,0.9785367238500272,0.021463276149972788,0.5970344365056364,1.8279006284737285,3
2,0.291,0.9783905603351692,0.021609439664830754,0.5970344365056364,1.8279006284737285,3
2,0.292,0.9782439225718942,0.021756077428105813,0.5970344365056364,1.8279006284737285,3
2,0.293,0.9780968108525978,0.02190318914740219,0.5970344365056364,1.8279006284737285,3
2,0.294,0.9779492254705825,0.022050774529417505,0.5970344365056364,1.8279006284737285,3
2,0.295,0.9778011667200601,0.022198833279939878,0.5970344365056364,1.8279006284737285,3
2,0.296,0.9776526348961644,0.022347365103835615,0.5970344365056364,1.8279006284737285,3
2,0.297,0.9775036302948955,0.02249636970510449,0.5970344365056364,1.8279006284737285,3
2,0.298,0.9773541532131966,0.02264584678680337,0.5970344365056364,1.8279006284737285,3
2,0.299,0.9772042039489027,0.022795796051097272,0.5970344365056364,1.8279006284737285,3
2,0.3,0.977053782800783,0.022946217199216967,0.5970344365056364,1.8279006284737285,3
2,0.301,0.9769028900683889,0.02309710993161107,0.5970344365056364,1.8279006284737285,3
2,0.302,0.9767515260523353,0.023248473947664716,0.5970344365056364,1.8279006284737285,3
2,0.303,0.9765996910540548,0.023400308945945247,0.5970344365056364,1.8279006284737285,3
2,0.304,0.9764473853758477,0.023552614624152257,0.5970344365056364,1.8279006284737285,3
2,0.305,0.9762946093209851,0.023705390679014893,0.5970344365056364,1.8279006284737285,3
2,0.306,0.9761413631935795,0.02385863680642053,0.5970344365056364,1.8279006284737285,3
2,0.307,0.975987647298663,0.024012352701336948,0.5970344365056364,1.8279006284737285,3
2,0.308,0.9758334619421628,0.024166538057837195,0.5970344365056364,1.8279006284737285,3
2,0.309,0.9756788074308969,0.024321192569103145,0.5970344365056364,1.8279006284737285,3
2,0.31,0.9755236840725563,0.024476315927443704,0.5970344365056364,1.8279006284737285,3
2,0.311,0.9753680921757624,0.02463190782423763,0.5970344365056364,1.8279006284737285,3
2,0.312,0.9752120320499934,0.024787967950006595,0.5970344365056364,1.8279006284737285,3
2,0.313,0.9750555040056335,0.024944495994366545,0.5970344365056364,1.8279006284737285,3
2,0.314,0.974898508353958,0.02510149164604203,0.5970344365056364,1.8279006284737285,3
2,0.315,0.9747410454071052,0.025258954592894844,0.5970344365056364,1.8279006284737285,3
2,0.316,0.9745831154781439,0.025416884521856087,0.5970344365056364,1.8279006284737285,3
2,0.317,0.974424718880965,0.025575281119034954,0.5970344365056364,1.8279006284737285,3
2,0.318,0.9742658559304168,0.025734144069583187,0.5970344365056364,1.8279006284737285,3
2,0.319,0.9741065269421828,0.025893473057817196,0.5970344365056364,1.8279006284737285,3
2,0.32,0.9739467322328365,0.026053267767163546,0.5970344365056364,1.8279006284737285,3
2,0.321,0.9737864721198408,0.026213527880159182,0.5970344365056364,1.8279006284737285,3
2,0.322,0.9736257469215337,0.026374253078466303,0.5970344365056364,1.8279006284737285,3
2,0.323,0.9734645569571398,0.026535443042860152,0.5970344365056364,1.8279006284737285,3
2,0.324,0.9733029025467446,0.026697097453255436,0.5970344365056364,1.8279006284737285,3
2,0.325,0.9731407840113259,0.026859215988674134,0.5970344365056364,1.8279006284737285,3
2,0.326,0.9729782016727231,0.027021798327276914,0.5970344365056364,1.8279006284737285,3
2,0.327,0.9728151558536776,0.027184844146322384,0.5970344365056364,1.8279006284737285,3
2,0.328,0.9726516468777787,0.02734835312222128,0.5970344365056364,1.8279006284737285,3
2,0.329,0.9724876750694856,0.027512324930514365,0.5970344365056364,1.8279006284737285,3
2,0.33,0.9723232407541544,0.02767675924584556,0.5970344365056364,1.8279006284737285,3
2,0.331,0.9721583442579913,0.027841655742008697,0.5970344365056364,1.8279006284737285,3
2,0.332,0.9719929859080719,0.028007014091928073,0.5970344365056364,1.8279006284737285,3
2,0.333,0.9718271660323493,0.02817283396765069,0.5970344365056364,1.8279006284737285,3
2,0.334,0.9716608849596401,0.028339115040359908,0.5970344365056364,1.8279006284737285,3
2,0.335,0.9714941430196243,0.028505856980375666,0.5970344365056364,1.8279006284737285,3
2,0.336,0.9713269405428461,0.028673059457153927,0.5970344365056364,1.8279006284737285,3
2,0.337,0.9711592778607193,0.028840722139280683,0.5970344365056364,1.8279006284737285,3
2,0.338,0.9709911553055186,0.029008844694481395,0.5970344365056364,1.8279006284737285,3
2,0.339,0.9708225732103692,0.029177426789630756,0.5970344365056364,1.8279006284737285,3
2,0.34,0.9706535319092727,0.029346468090727273,0.5970344365056364,1.8279006284737285,3
2,0.341,0.9704840317370926,0.029515968262907366,0.5970344365056364,1.8279006284737285,3
2,0.342,0.9703140730295072,0.02968592697049277,0.5970344365056364,1.8279006284737285,3
2,0.343,0.9701436561231183,0.02985634387688174,0.5970344365056364,1.8279006284737285,3
2,0.344,0.9699727813553407,0.030027218644659293,0.5970344365056364,1.8279006284737285,3
2,0.345,0.969801449064451,0.030198550935549018,0.5970344365056364,1.8279006284737285,3
2,0.346,0.9696296595895814,0.03037034041041864,0.5970344365056364,1.8279006284737285,3
2,0.347,0.9694574132707265,0.030542586729273458,0.5970344365056364,1.8279006284737285,3
2,0.348,0.9692847104487031,0.030715289551296876,0.5970344365056364,1.8279006284737285,3
2,0.349,0.9691115514652167,0.03088844853478334,0.5970344365056364,1.8279006284737285,3
2,0.35,0.968937936662787,0.031062063337212953,0.5970344365056364,1.8279006284737285,3
2,0.351,0.9687638663848013,0.031236133615198725,0.5970344365056364,1.8279006284737285,3
2,0.352,0.9685893409754973,0.031410659024502685,0.5970344365056364,1.8279006284737285,3
2,0.353,0.9684143607799423,0.03158563922005775,0.5970344365056364,1.8279006284737285,3
2,0.354,0.968238926144057,0.031761073855942956,0.5970344365056364,1.8279006284737285,3
2,0.355,0.9680630374146035,0.03193696258539647,0.5970344365056364,1.8279006284737285,3
2,0.356,0.9678866949391833,0.032113305060816666,0.5970344365056364,1.8279006284737285,3
2,0.357,0.9677098990662433,0.03229010093375673,0.5970344365056364,1.8279006284737285,3
2,0.358,0.9675326501450658,0.03246734985493416,0.5970344365056364,1.8279006284737285,3
2,0.359,0.9673549485257735,0.03264505147422647,0.5970344365056364,1.8279006284737285,3
2,0.36,0.9671767945593326,0.03282320544066741,0.5970344365056364,1.8279006284737285,3
2,0.361,0.9669981885975221,0.03300181140247793,0.5970344365056364,1.8279006284737285,3
2,0.362,0.9668191309929748,0.033180869007025215,0.5970344365056364,1.8279006284737285,3
2,0.363,0.9666396220991665,0.03336037790083346,0.5970344365056364,1.8279006284737285,3
2,0.364,0.9664596622703864,0.03354033772961362,0.5970344365056364,1.8279006284737285,3
2,0.365,0.9662792518617591,0.033720748138240886,0.5970344365056364,1.8279006284737285,3
2,0.366,0.966098391229244,0.03390160877075599,0.5970344365056364,1.8279006284737285,3
2,0.367,0.9659170807296192,0.03408291927038076,0.5970344365056364,1.8279006284737285,3
2,0.368,0.965735320720505,0.03426467927949495,0.5970344365056364,1.8279006284737285,3
2,0.369,0.9655531115603365,0.03444688843966348,0.5970344365056364,1.8279006284737285,3
2,0.37,0.9653704536083778,0.03462954639162219,0.5970344365056364,1.8279006284737285,3
2,0.371,0.9651873472247176,0.03481265277528245,0.5970344365056364,1.8279006284737285,3
2,0.372,0.9650037927702565,0.0349962072297435,0.5970344365056364,1.8279006284737285,3
2,0.373,0.9648197906067386,0.035180209393261386,0.5970344365056364,1.8279006284737285,3
2,0.374,0.9646353410967036,0.03536465890329643,0.5970344365056364,1.8279006284737285,3
2,0.375,0.9644504446035269,0.03554955539647309,0.5970344365056364,1.8279006284737285,3
2,0.376,0.9642651014913964,0.03573489850860356,0.5970344365056364,1.8279006284737285,3
2,0.377,0.9640793121253115,0.035920687874688495,0.5970344365056364,1.8279006284737285,3
2,0.378,0.9638930768710912,0.03610692312890884,0.5970344365056364,1.8279006284737285,3
2,0.379,0.9637063960953692,0.03629360390463077,0.5970344365056364,1.8279006284737285,3
2,0.38,0.9635192701655898,0.0364807298344102,0.5970344365056364,1.8279006284737285,3
2,0.381,0.9633316994500063,0.036668300549993704,0.5970344365056364,1.8279006284737285,3
2,0.382,0.9631436843176866,0.0368563156823134,0.5970344365056364,1.8279006284737285,3
2,0.383,0.962955225138503,0.03704477486149704,0.5970344365056364,1.8279006284737285,3
2,0.384,0.9627663222831375,0.03723367771686248,0.5970344365056364,1.8279006284737285,3
2,0.385,0.9625769761230819,0.03742302387691809,0.5970344365056364,1.8279006284737285,3
2,0.386,0.9623871870306336,0.03761281296936636,0.5970344365056364,1.8279006284737285,3
2,0.387,0.9621969553788486,0.03780304462115136,0.5970344365056364,1.8279006284737285,3
2,0.388,0.962006281541672,0.037993718458327996,0.5970344365056364,1.8279006284737285,3
2,0.389,0.9618151658937936,0.03818483410620643,0.5970344365056364,1.8279006284737285,3
2,0.39,0.9616236088106861,0.03837639118931391,0.5970344365056364,1.8279006284737285,3
2,0.391,0.961431610668676,0.038568389331324004,0.5970344365056364,1.8279006284737285,3
2,0.392,0.9612391718448439,0.038760828155156135,0.5970344365056364,1.8279006284737285,3
2,0.393,0.9610462927170885,0.038953707282911476,0.5970344365056364,1.8279006284737285,3
2,0.394,0.960852973664072,0.03914702633592804,0.5970344365056364,1.8279006284737285,3
2,0.395,0.9606592150652937,0.039340784934706274,0.5970344365056364,1.8279006284737285,3
2,0.396,0.9604650173010099,0.03953498269899014,0.5970344365056364,1.8279006284737285,3
2,0.397,0.9602703807522859,0.03972961924771412,0.5970344365056364,1.8279006284737285,3
2,0.398,0.9600753058009679,0.03992469419903211,0.5970344365056364,1.8279006284737285,3
2,0.399,0.9598797928296912,0.04012020717030884,0.5970344365056364,1.8279006284737285,3
2,0.4,0.9596838422218785,0.040316157778121475,0.5970344365056364,1.8279006284737285,3
2,0.401,0.9594874543617457,0.04051254563825435,0.5970344365056364,1.8279006284737285,3
2,0.402,0.9592906296342616,0.040709370365738407,0.5970344365056364,1.8279006284737285,3
2,0.403,0.9590933684252215,0.040906631574778474,0.5970344365056364,1.8279006284737285,3
2,0.404,0.9588956711211695,0.04110432887883053,0.5970344365056364,1.8279006284737285,3
2,0.405,0.958697538109444,0.041302461890555975,0.5970344365056364,1.8279006284737285,3
2,0.406,0.9584989697781575,0.04150103022184248,0.5970344365056364,1.8279006284737285,3
2,0.407,0.9582999665162,0.041700033483800025,0.5970344365056364,1.8279006284737285,3
2,0.408,0.958100528713232,0.041899471286767964,0.5970344365056364,1.8279006284737285,3
2,0.409,0.9579006567597086,0.04209934324029141,0.5970344365056364,1.8279006284737285,3
2,0.41,0.9577003510468105,0.042299648953189495,0.5970344365056364,1.8279006284737285,3
2,0.411,0.9574996119665511,0.04250038803344891,0.5970344365056364,1.8279006284737285,3
2,0.412,0.9572984399116733,0.04270156008832671,0.5970344365056364,1.8279006284737285,3
2,0.413,0.9570968352757053,0.04290316472429467,0.5970344365056364,1.8279006284737285,3
2,0.414,0.9568947984529289,0.04310520154707109,0.5970344365056364,1.8279006284737285,3
2,0.415,0.9566923298384185,0.043307670161581546,0.5970344365056364,1.8279006284737285,3
2,0.416,0.9564894298279587,0.043510570172041296,0.5970344365056364,1.8279006284737285,3
2,0.417,0.9562860988181686,0.04371390118183138,0.5970344365056364,1.8279006284737285,3
2,0.418,0.9560823372063791,0.04391766279362086,0.5970344365056364,1.8279006284737285,3
2,0.419,0.9558781453907006,0.044121854609299405,0.5970344365056364,1.8279006284737285,3
2,0.42,0.9556735237700023,0.04432647622999775,0.5970344365056364,1.8279006284737285,3
2,0.421,0.9554684727438901,0.04453152725610987,0.5970344365056364,1.8279006284737285,3
2,0.422,0.9552629927127592,0.04473700728724084,0.5970344365056364,1.8279006284737285,3
2,0.423,0.955057084077745,0.04494291592225497,0.5970344365056364,1.8279006284737285,3
2,0.424,0.9548507472407174,0.04514925275928261,0.5970344365056364,1.8279006284737285,3
2,0.425,0.9546439826043321,0.04535601739566786,0.5970344365056364,1.8279006284737285,3
2,0.426,0.95443679057197,0.04556320942803005,0.5970344365056364,1.8279006284737285,3
2,0.427,0.9542291715477743,0.04577082845222569,0.5970344365056364,1.8279006284737285,3
2,0.428,0.954021125936628,0.04597887406337198,0.5970344365056364,1.8279006284737285,3
2,0.429,0.953812654144167,0.04618734585583295,0.5970344365056364,1.8279006284737285,3
2,0.43,0.9536037565767643,0.04639624342323567,0.5970344365056364,1.8279006284737285,3
2,0.431,0.953394433641545,0.04660556635845503,0.5970344365056364,1.8279006284737285,3
2,0.432,0.9531846857463667,0.04681531425363328,0.5970344365056364,1.8279006284737285,3
2,0.433,0.9529745132998384,0.0470254867001616,0.5970344365056364,1.8279006284737285,3
2,0.434,0.9527639167112923,0.04723608328870765,0.5970344365056364,1.8279006284737285,3
2,0.435,0.952552896390817,0.04744710360918303,0.5970344365056364,1.8279006284737285,3
2,0.436,0.9523414527492222,0.04765854725077778,0.5970344365056364,1.8279006284737285,3
2,0.437,0.9521295861980675,0.047870413801932465,0.5970344365056364,1.8279006284737285,3
2,0.438,0.951917297149625,0.04808270285037497,0.5970344365056364,1.8279006284737285,3
2,0.439,0.951704586016896,0.048295413983103996,0.5970344365056364,1.8279006284737285,3
2,0.44,0.9514914532136683,0.04850854678633165,0.5970344365056364,1.8279006284737285,3
2,0.441,0.9512778991543605,0.04872210084563955,0.5970344365056364,1.8279006284737285,3
2,0.442,0.9510639242542186,0.048936075745781404,0.5970344365056364,1.8279006284737285,3
2,0.443,0.9508495289291473,0.049150471070852686,0.5970344365056364,1.8279006284737285,3
2,0.444,0.9506347135958003,0.04936528640419968,0.5970344365056364,1.8279006284737285,3
2,0.445,0.9504194786715566,0.04958052132844337,0.5970344365056364,1.8279006284737285,3
2,0.446,0.9502038245745059,0.04979617542549408,0.5970344365056364,1.8279006284737285,3
2,0.447,0.9499877517234597,0.05001224827654027,0.5970344365056364,1.8279006284737285,3
2,0.448,0.9497712605379571,0.05022873946204287,0.5970344365056364,1.8279006284737285,3
2,0.449,0.9495543514382416,0.05044564856175837,0.5970344365056364,1.8279006284737285,3
2,0.45,0.9493370248452804,0.050662975154719625,0.5970344365056364,1.8279006284737285,3
2,0.451,0.9491192811807572,0.05088071881924283,0.5970344365056364,1.8279006284737285,3
2,0.452,0.9489011208670481,0.05109887913295186,0.5970344365056364,1.8279006284737285,3
2,0.453,0.9486825443272635,0.05131745567273649,0.5970344365056364,1.8279006284737285,3
2,0.454,0.9484635519852184,0.05153644801478163,0.5970344365056364,1.8279006284737285,3
2,0.455,0.9482441442654169,0.05175585573458308,0.5970344365056364,1.8279006284737285,3
2,0.456,0.9480243215930969,0.05197567840690309,0.5970344365056364,1.8279006284737285,3
2,0.457,0.9478040843941699,0.052195915605830145,0.5970344365056364,1.8279006284737285,3
2,0.458,0.9475834330952834,0.05241656690471663,0.5970344365056364,1.8279006284737285,3
2,0.459,0.9473623681237611,0.05263763187623893,0.5970344365056364,1.8279006284737285,3
2,0.46,0.947140889907649,0.052859110092351,0.5970344365056364,1.8279006284737285,3
2,0.461,0.9469189988756481,0.05308100112435188,0.5970344365056364,1.8279006284737285,3
2,0.462,0.9466966954572171,0.05330330454278287,0.5970344365056364,1.8279006284737285,3
2,0.463,0.9464739800824644,0.05352601991753558,0.5970344365056364,1.8279006284737285,3
2,0.464,0.9462508531822033,0.053749146817796745,0.5970344365056364,1.8279006284737285,3
2,0.465,0.9460273151879649,0.0539726848120351,0.5970344365056364,1.8279006284737285,3
2,0.466,0.9458033665319049,0.05419663346809511,0.5970344365056364,1.8279006284737285,3
2,0.467,0.9455790076469538,0.054420992353046205,0.5970344365056364,1.8279006284737285,3
2,0.468,0.9453542389666668,0.054645761033333184,0.5970344365056364,1.8279006284737285,3
2,0.469,0.9451290609253119,0.054870939074688097,0.5970344365056364,1.8279006284737285,3
2,0.47,0.944903473957834,0.05509652604216597,0.5970344365056364,1.8279006284737285,3
2,0.471,0.9446774784998531,0.05532252150014694,0.5970344365056364,1.8279006284737285,3
2,0.472,0.9444510749876988,0.05554892501230124,0.5970344365056364,1.8279006284737285,3
2,0.473,0.9442242638583271,0.05577573614167286,0.5970344365056364,1.8279006284737285,3
2,0.474,0.9439970455494275,0.05600295445057246,0.5970344365056364,1.8279006284737285,3
2,0.475,0.9437694204993462,0.0562305795006538,0.5970344365056364,1.8279006284737285,3
2,0.476,0.9435413891470837,0.05645861085291626,0.5970344365056364,1.8279006284737285,3
2,0.477,0.9433129519323424,0.056687048067657564,0.5970344365056364,1.8279006284737285,3
2,0.478,0.9430841092954803,0.056915890704519745,0.5970344365056364,1.8279006284737285,3
2,0.479,0.9428548616775385,0.057145138322461486,0.5970344365056364,1.8279006284737285,3
2,0.48,0.9426252095201914,0.057374790479808646,0.5970344365056364,1.8279006284737285,3
2,0.481,0.9423951532658315,0.05760484673416855,0.5970344365056364,1.8279006284737285,3
2,0.482,0.9421646933574782,0.05783530664252179,0.5970344365056364,1.8279006284737285,3
2,0.483,0.9419338302388229,0.05806616976117707,0.5970344365056364,1.8279006284737285,3
2,0.484,0.9417025643542305,0.0582974356457695,0.5970344365056364,1.8279006284737285,3
2,0.485,0.9414708961487133,0.058529103851286735,0.5970344365056364,1.8279006284737285,3
2,0.486,0.9412388260679462,0.05876117393205382,0.5970344365056364,1.8279006284737285,3
2,0.487,0.9410063545582604,0.05899364544173957,0.5970344365056364,1.8279006284737285,3
2,0.488,0.940773482066646,0.059226517933353984,0.5970344365056364,1.8279006284737285,3
2,0.489,0.9405402090407301,0.0594597909592699,0.5970344365056364,1.8279006284737285,3
2,0.49,0.9403065359288187,0.05969346407118126,0.5970344365056364,1.8279006284737285,3
2,0.491,0.940072463179845,0.05992753682015495,0.5970344365056364,1.8279006284737285,3
2,0.492,0.9398379912434078,0.06016200875659217,0.5970344365056364,1.8279006284737285,3
2,0.493,0.9396031205697302,0.060396879430269834,0.5970344365056364,1.8279006284737285,3
2,0.494,0.9393678516097068,0.060632148390293183,0.5970344365056364,1.8279006284737285,3
2,0.495,0.9391321848148618,0.060867815185138174,0.5970344365056364,1.8279006284737285,3
2,0.496,0.9388961206373515,0.061103879362648494,0.5970344365056364,1.8279006284737285,3
2,0.497,0.9386596595299939,0.06134034047000614,0.5970344365056364,1.8279006284737285,3
2,0.498,0.9384228019462352,0.061577198053764826,0.5970344365056364,1.8279006284737285,3
2,0.499,0.938185548340154,0.061814451659846004,0.5970344365056364,1.8279006284737285,3
2,0.5,0.9379478991664614,0.062052100833538626,0.5970344365056364,1.8279006284737285,3
3,0.001,0.9999997684125175,2.3158748252427586e-07,0.5913720245295286,1.82419953169676,3
3,0.002,0.9999990736505058,9.26349494223544e-07,0.5913720245295286,1.82419953169676,3
3,0.003,0.9999979154414578,2.0845585422257784e-06,0.5913720245295286,1.82419953169676,3
3,0.004,0.9999962937807263,3.7062192737025157e-06,0.5913720245295286,1.82419953169676,3
3,0.005,0.9999942090035892,5.790996410848237e-06,0.5913720245295286,1.82419953169676,3
3,0.006,0.9999916609769263,8.339023073733465e-06,0.5913720245295286,1.82419953169676,3
3,0.007,0.999988649685877,1.135031412302645e-05,0.5913720245295286,1.82419953169676,3
3,0.008,0.999985175134964,1.4824865036011659e-05,0.5913720245295286,1.82419953169676,3
3,0.009,0.9999812373295527,1.8762670447314278e-05,0.5913720245295286,1.82419953169676,3
3,0.01,0.9999768362784945,2.31637215054592e-05,0.5913720245295286,1.82419953169676,3
3,0.011,0.9999719719903986,2.8028009601444026e-05,0.5913720245295286,1.82419953169676,3
3,0.012,0.999966644470659,3.3355529341028145e-05,0.5913720245295286,1.82419953169676,3
3,0.013,0.9999608537311279,3.914626887213668e-05,0.5913720245295286,1.82419953169676,3
3,0.014,0.9999545997845678,4.540021543220085e-05,0.5913720245295286,1.82419953169676,3
3,0.015,0.9999478826415816,5.211735841836873e-05,0.5913720245295286,1.82419953169676,3
3,0.016,0.9999407023144088,5.9297685591208626e-05,0.5913720245295286,1.82419953169676,3
3,0.017,0.9999330588169051,6.694118309491515e-05,0.5913720245295286,1.82419953169676,3
3,0.018,0.9999249521628979,7.504783710210461e-05,0.5913720245295286,1.82419953169676,3
3,0.019,0.9999163823676921,8.361763230790853e-05,0.5913720245295286,1.82419953169676,3
3,0.02,0.9999073494474502,9.265055254981114e-05,0.5913720245295286,1.82419953169676,3
3,0.021,0.9998978534191062,0.00010214658089380269,0.5913720245295286,1.82419953169676,3
3,0.022,0.99988789430033,0.0001121056996700176,0.5913720245295286,1.82419953169676,3
3,0.023,0.999877472109831,0.00012252789016897747,0.5913720245295286,1.82419953169676,3
3,0.024,0.9998665868672199,0.00013341313278014688,0.5913720245295286,1.82419953169676,3
3,0.025,0.9998552385924439,0.00014476140755614875,0.5913720245295286,1.82419953169676,3
3,0.026,0.999843427307251,0.00015657269274904628,0.5913720245295286,1.82419953169676,3
3,0.027,0.9998311530334045,0.0001688469665954706,0.5913720245295286,1.82419953169676,3
3,0.028,0.9998184157940831,0.00018158420591685154,0.5913720245295286,1.82419953169676,3
3,0.029,0.9998052156130274,0.000194784386972624,0.5913720245295286,1.82419953169676,3
3,0.03,0.9997915525149814,0.00020844748501858135,0.5913720245295286,1.82419953169676,3
3,0.031,0.9997774265256023,0.00022257347439769148,0.5913720245295286,1.82419953169676,3
3,0.032,0.9997628376711662,0.000237162328833751,0.5913720245295286,1.82419953169676,3
3,0.033,0.9997477859789373,0.00025221402106268,0.5913720245295286,1.82419953169676,3
3,0.034,0.9997322714772394,0.0002677285227605797,0.5913720245295286,1.82419953169676,3
3,0.035,0.9997162941951692,0.00028370580483083607,0.5913720245295286,1.82419953169676,3
3,0.036,0.9996998541624131,0.00030014583758686264,0.5913720245295286,1.82419953169676,3
3,0.037,0.9996829514099835,0.00031704859001646657,0.5913720245295286,1.82419953169676,3
3,0.038,0.9996655859692263,0.000334414030773722,0.5913720245295286,1.82419953169676,3
3,0.039,0.9996477578728591,0.0003522421271409115,0.5913720245295286,1.82419953169676,3
3,0.04,0.9996294671542636,0.0003705328457364043,0.5913720245295286,1.82419953169676,3
3,0.041,0.9996107138475653,0.0003892861524347202,0.5913720245295286,1.82419953169676,3
3,0.042,0.9995914979879267,0.0004085020120733196,0.5913720245295286,1.82419953169676,3
3,0.043,0.9995718196111343,0.00042818038886571763,0.5913720245295286,1.82419953169676,3
3,0.044,0.9995516787542671,0.00044832124573290777,0.5913720245295286,1.82419953169676,3
3,0.045,0.9995310754548925,0.00046892454510749637,0.5913720245295286,1.82419953169676,3
3,0.046,0.9995100097516199,0.0004899902483801455,0.5913720245295286,1.82419953169676,3
3,0.047,0.9994884816838427,0.0005115183161572556,0.5913720245295286,1.82419953169676,3
3,0.048,0.999466491291874,0.0005335087081259626,0.5913720245295286,1.82419953169676,3
3,0.049,0.9994440386167648,0.000555961383235215,0.5913720245295286,1.82419953169676,3
3,0.05,0.9994211237006386,0.000578876299361375,0.5913720245295286,1.82419953169676,3
3,0.051,0.9993977465863901,0.0006022534136098656,0.5913720245295286,1.82419953169676,3
3,0.052,0.9993739073176373,0.0006260926823626889,0.5913720245295286,1.82419953169676,3
3,0.053,0.9993496059391357,0.0006503940608643122,0.5913720245295286,1.82419953169676,3
3,0.054,0.999324842496306,0.0006751575036939572,0.5913720245295286,1.82419953169676,3
3,0.055,0.999299617035476,0.0007003829645240156,0.5913720245295286,1.82419953169676,3
3,0.056,0.999273929603899,0.0007260703961009529,0.5913720245295286,1.82419953169676,3
3,0.057,0.9992477802496507,0.0007522197503493366,0.5913720245295286,1.82419953169676,3
3,0.058,0.9992211690214361,0.0007788309785639047,0.5913720245295286,1.82419953169676,3
3,0.059,0.9991940959693233,0.0008059040306767074,0.5913720245295286,1.82419953169676,3
3,0.06,0.9991665611438467,0.0008334388561532791,0.5913720245295286,1.82419953169676,3
3,0.061,0.9991385645965821,0.0008614354034178762,0.5913720245295286,1.82419953169676,3
3,0.062,0.9991101063798907,0.0008898936201092722,0.5913720245295286,1.82419953169676,3
3,0.063,0.9990811865470189,0.0009188134529810599,0.5913720245295286,1.82419953169676,3
3,0.064,0.9990518051520825,0.0009481948479175273,0.5913720245295286,1.82419953169676,3
3,0.065,0.9990219622500434,0.0009780377499566395,0.5913720245295286,1.82419953169676,3
3,0.066,0.998991657896754,0.0010083421032459627,0.5913720245295286,1.82419953169676,3
3,0.067,0.9989608921489229,0.0010391078510770813,0.5913720245295286,1.82419953169676,3
3,0.068,0.9989296650640449,0.0010703349359550973,0.5913720245295286,1.82419953169676,3
3,0.069,0.9988979767006148,0.0011020232993852463,0.5913720245295286,1.82419953169676,3
3,0.07,0.9988658271179035,0.0011341728820964958,0.5913720245295286,1.82419953169676,3
3,0.071,0.9988332163761423,0.0011667836238576923,0.5913720245295286,1.82419953169676,3
3,0.072,0.9988001445360721,0.001199855463927868,0.5913720245295286,1.82419953169676,3
3,0.073,0.9987666116598393,0.0012333883401607348,0.5913720245295286,1.82419953169676,3
3,0.074,0.998732617810083,0.0012673821899169546,0.5913720245295286,1.82419953169676,3
3,0.075,0.9986981630503976,0.0013018369496023974,0.5913720245295286,1.82419953169676,3
3,0.076,0.9986632474452306,0.0013367525547693937,0.5913720245295286,1.82419953169676,3
3,0.077,0.9986278710599127,0.0013721289400873138,0.5913720245295286,1.82419953169676,3
3,0.078,0.9985920339606188,0.0014079660393812032,0.5913720245295286,1.82419953169676,3
3,0.079,0.998555736214391,0.0014442637856090235,0.5913720245295286,1.82419953169676,3
3,0.08,0.9985189778891332,0.0014810221108667587,0.5913720245295286,1.82419953169676,3
3,0.081,0.9984817590535597,0.0015182409464402635,0.5913720245295286,1.82419953169676,3
3,0.082,0.9984440797773477,0.001555920222652274,0.5913720245295286,1.82419953169676,3
3,0.083,0.9984059401309583,0.0015940598690417085,0.5913720245295286,1.82419953169676,3
3,0.084,0.9983673401857293,0.0016326598142707427,0.5913720245295286,1.82419953169676,3
3,0.085,0.9983282800138622,0.0016717199861377985,0.5913720245295286,1.82419953169676,3
3,0.086,0.9982887596883816,0.0017112403116184005,0.5913720245295286,1.82419953169676,3
3,0.087,0.9982487792832565,0.0017512207167434957,0.5913720245295286,1.82419953169676,3
3,0.088,0.9982083388732467,0.00179166112675333,0.5913720245295286,1.82419953169676,3
3,0.089,0.9981674385339907,0.001832561466009297,0.5913720245295286,1.82419953169676,3
3,0.09,0.9981260783420197,0.001873921657980282,0.5913720245295286,1.82419953169676,3
3,0.091,0.9980842583745642,0.0019157416254358406,0.5913720245295286,1.82419953169676,3
3,0.092,0.9980419787099704,0.0019580212900296434,0.5913720245295286,1.82419953169676,3
3,0.093,0.9979992394272071,0.002000760572792859,0.5913720245295286,1.82419953169676,3
3,0.094,0.9979560406062867,0.0020439593937132683,0.5913720245295286,1.82419953169676,3
3,0.095,0.9979123823279553,0.0020876176720446837,0.5913720245295286,1.82419953169676,3
3,0.096,0.9978682646738644,0.002131735326135642,0.5913720245295286,1.82419953169676,3
3,0.097,0.9978236877265129,0.0021763122734871354,0.5913720245295286,1.82419953169676,3
3,0.098,0.9977786515692514,0.0022213484307486153,0.5913720245295286,1.82419953169676,3
3,0.099,0.997733156286312,0.002266843713688016,0.5913720245295286,1.82419953169676,3
3,0.1,0.9976872019627409,0.002312798037259145,0.5913720245295286,1.82419953169676,3
3,0.101,0.9976407886844872,0.0023592113155127548,0.5913720245295286,1.82419953169676,3
3,0.102,0.9975939165383307,0.0024060834616692617,0.5913720245295286,1.82419953169676,3
3,0.103,0.9975465856119028,0.002453414388097208,0.5913720245295286,1.82419953169676,3
3,0.104,0.9974987959937096,0.0025012040062903917,0.5913720245295286,1.82419953169676,3
3,0.105,0.9974505477731007,0.0025494522268992847,0.5913720245295286,1.82419953169676,3
3,0.106,0.9974018410402836,0.002598158959716379,0.5913720245295286,1.82419953169676,3
3,0.107,0.99735267588632,0.002647324113679961,0.5913720245295286,1.82419953169676,3
3,0.108,0.9973030524031236,0.0026969475968764423,0.5913720245295286,1.82419953169676,3
3,0.109,0.9972529706834934,0.0027470293165066106,0.5913720245295286,1.82419953169676,3
3,0.11,0.997202430820989,0.0027975691790109725,0.5913720245295286,1.82419953169676,3
3,0.111,0.9971514329101591,0.0028485670898409365,0.5913720245295286,1.82419953169676,3
3,0.112,0.9970999770463145,0.0029000229536855215,0.5913720245295286,1.82419953169676,3
3,0.113,0.9970480633256521,0.002951936674347899,0.5913720245295286,1.82419953169676,3
3,0.114,0.996995691845195,0.0030043081548050132,0.5913720245295286,1.82419953169676,3
3,0.115,0.996942862702845,0.003057137297154955,0.5913720245295286,1.82419953169676,3
3,0.116,0.9968895759973666,0.003110424002633394,0.5913720245295286,1.82419953169676,3
3,0.117,0.9968358318283443,0.003164168171655657,0.5913720245295286,1.82419953169676,3
3,0.118,0.9967816302962392,0.0032183697037607706,0.5913720245295286,1.82419953169676,3
3,0.119,0.9967269715023573,0.0032730284976426605,0.5913720245295286,1.82419953169676,3
3,0.12,0.9966718555488561,0.003328144451143933,0.5913720245295286,1.82419953169676,3
3,0.121,0.9966162825387448,0.003383717461255209,0.5913720245295286,1.82419953169676,3
3,0.122,0.996560252575885,0.003439747424115014,0.5913720245295286,1.82419953169676,3
3,0.123,0.9965037657649892,0.0034962342350107756,0.5913720245295286,1.82419953169676,3
3,0.124,0.9964468222116297,0.0035531777883702764,0.5913720245295286,1.82419953169676,3
3,0.125,0.9963894220222059,0.0036105779777940716,0.5913720245295286,1.82419953169676,3
3,0.126,0.996331565303978,0.0036684346960219605,0.5913720245295286,1.82419953169676,3
3,0.127,0.9962732521650829,0.00372674783491711,0.5913720245295286,1.82419953169676,3
3,0.128,0.9962144827144875,0.003785517285512463,0.5913720245295286,1.82419953169676,3
3,0.129,0.9961552570619703,0.0038447429380297216,0.5913720245295286,1.82419953169676,3
3,0.13,0.9960955753182368,0.003904424681763219,0.5913720245295286,1.82419953169676,3
3,0.131,0.9960354375947742,0.003964562405225802,0.5913720245295286,1.82419953169676,3
3,0.132,0.9959748440039499,0.004025155996050134,0.5913720245295286,1.82419953169676,3
3,0.133,0.9959137946589788,0.004086205341021221,0.5913720245295286,1.82419953169676,3
3,0.134,0.9958522896739194,0.004147710326080634,0.5913720245295286,1.82419953169676,3
3,0.135,0.9957903291636773,0.004209670836322732,0.5913720245295286,1.82419953169676,3
3,0.136,0.9957279132440109,0.004272086755989113,0.5913720245295286,1.82419953169676,3
3,0.137,0.9956650420315062,0.004334957968493813,0.5913720245295286,1.82419953169676,3
3,0.138,0.9956017156436259,0.004398284356374127,0.5913720245295286,1.82419953169676,3
3,0.139,0.9955379341986667,0.004462065801333348,0.5913720245295286,1.82419953169676,3
3,0.14,0.9954736978157548,0.004526302184245212,0.5913720245295286,1.82419953169676,3
3,0.141,0.9954090066148917,0.004590993385108266,0.5913720245295286,1.82419953169676,3
3,0.142,0.9953438607169133,0.004656139283086724,0.5913720245295286,1.82419953169676,3
3,0.143,0.995278260243497,0.0047217397565030295,0.5913720245295286,1.82419953169676,3
3,0.144,0.9952122053171476,0.004787794682852398,0.5913720245295286,1.82419953169676,3
3,0.145,0.9951456960612668,0.0048543039387332065,0.5913720245295286,1.82419953169676,3
3,0.146,0.9950787326000478,0.004921267399952245,0.5913720245295286,1.82419953169676,3
3,0.147,0.995011315058555,0.0049886849414449985,0.5913720245295286,1.82419953169676,3
3,0.148,0.9949434435627019,0.0050565564372980765,0.5913720245295286,1.82419953169676,3
3,0.149,0.9948751182392045,0.005124881760795508,0.5913720245295286,1.82419953169676,3
3,0.15,0.9948063392156876,0.005193660784312382,0.5913720245295286,1.82419953169676,3
3,0.151,0.9947371066205646,0.005262893379435418,0.5913720245295286,1.82419953169676,3
3,0.152,0.9946674205831149,0.0053325794168851415,0.5913720245295286,1.82419953169676,3
3,0.153,0.9945972812334458,0.005402718766554182,0.5913720245295286,1.82419953169676,3
3,0.154,0.9945266887025401,0.005473311297459871,0.5913720245295286,1.82419953169676,3
3,0.155,0.9944556431221819,0.0055443568778180685,0.5913720245295286,1.82419953169676,3
3,0.156,0.9943841446250161,0.00561585537498388,0.5913720245295286,1.82419953169676,3
3,0.157,0.9943121933445381,0.005687806655461869,0.5913720245295286,1.82419953169676,3
3,0.158,0.994239789415057,0.005760210584943026,0.5913720245295286,1.82419953169676,3
3,0.159,0.994166932971755,0.0058330670282450425,0.5913720245295286,1.82419953169676,3
3,0.16,0.9940936241506196,0.005906375849380363,0.5913720245295286,1.82419953169676,3
3,0.161,0.9940198630885086,0.005980136911491352,0.5913720245295286,1.82419953169676,3
3,0.162,0.9939456499231025,0.0060543500768974745,0.5913720245295286,1.82419953169676,3
3,0.163,0.993870984792926,0.0061290152070739845,0.5913720245295286,1.82419953169676,3
3,0.164,0.9937958678373401,0.006204132162659914,0.5913720245295286,1.82419953169676,3
3,0.165,0.9937202991965453,0.006279700803454746,0.5913720245295286,1.82419953169676,3
3,0.166,0.9936442790115829,0.0063557209884170796,0.5913720245295286,1.82419953169676,3
3,0.167,0.9935678074243257,0.006432192575674289,0.5913720245295286,1.82419953169676,3
3,0.168,0.9934908845774856,0.006509115422514422,0.5913720245295286,1.82419953169676,3
3,0.169,0.9934135106146176,0.006586489385382421,0.5913720245295286,1.82419953169676,3
3,0.17,0.9933356856801002,0.006664314319899778,0.5913720245295286,1.82419953169676,3
3,0.171,0.9932574099191663,0.006742590080833666,0.5913720245295286,1.82419953169676,3
3,0.172,0.9931786834778786,0.006821316522121368,0.5913720245295286,1.82419953169676,3
3,0.173,0.9930995065031085,0.00690049349689148,0.5913720245295286,1.82419953169676,3
3,0.174,0.9930198791426077,0.006980120857392302,0.5913720245295286,1.82419953169676,3
3,0.175,0.9929398015449382,0.0070601984550617836,0.5913720245295286,1.82419953169676,3
3,0.176,0.9928592738594846,0.007140726140515419,0.5913720245295286,1.82419953169676,3
3,0.177,0.9927782962364897,0.007221703763510279,0.5913720245295286,1.82419953169676,3
3,0.178,0.9926968688270192,0.007303131172980759,0.5913720245295286,1.82419953169676,3
3,0.179,0.9926149917829686,0.0073850082170313636,0.5913720245295286,1.82419953169676,3
3,0.18,0.9925326652570726,0.007467334742927378,0.5913720245295286,1.82419953169676,3
3,0.181,0.9924498894029058,0.007550110597094206,0.5913720245295286,1.82419953169676,3
3,0.182,0.9923666643748321,0.007633335625167881,0.5913720245295286,1.82419953169676,3
3,0.183,0.9922829903281094,0.007717009671890596,0.5913720245295286,1.82419953169676,3
3,0.184,0.9921988674187906,0.007801132581209402,0.5913720245295286,1.82419953169676,3
3,0.185,0.9921142958037656,0.007885704196234355,0.5913720245295286,1.82419953169676,3
3,0.186,0.9920292756407485,0.007970724359251502,0.5913720245295286,1.82419953169676,3
3,0.187,0.9919438070882921,0.008056192911707893,0.5913720245295286,1.82419953169676,3
3,0.188,0.9918578903057826,0.008142109694217359,0.5913720245295286,1.82419953169676,3
3,0.189,0.991771525453426,0.00822847454657405,0.5913720245295286,1.82419953169676,3
3,0.19,0.9916847126922627,0.00831528730773734,0.5913720245295286,1.82419953169676,3
3,0.191,0.9915974521841526,0.008402547815847372,0.5913720245295286,1.82419953169676,3
3,0.192,0.9915097440917995,0.008490255908200517,0.5913720245295286,1.82419953169676,3
3,0.193,0.9914215885787235,0.008578411421276466,0.5913720245295286,1.82419953169676,3
3,0.194,0.9913329858092687,0.008667014190731348,0.5913720245295286,1.82419953169676,3
3,0.195,0.9912439359486193,0.00875606405138074,0.5913720245295286,1.82419953169676,3
3,0.196,0.9911544391627742,0.008845560837225763,0.5913720245295286,1.82419953169676,3
3,0.197,0.9910644956185651,0.008935504381434867,0.5913720245295286,1.82419953169676,3
3,0.198,0.9909741054836446,0.009025894516355382,0.5913720245295286,1.82419953169676,3
3,0.199,0.9908832689264963,0.009116731073503748,0.5913720245295286,1.82419953169676,3
3,0.2,0.9907919861164173,0.009208013883582722,0.5913720245295286,1.82419953169676,3
3,0.201,0.9907002572235427,0.009299742776457287,0.5913720245295286,1.82419953169676,3
3,0.202,0.9906080824188257,0.009391917581174303,0.5913720245295286,1.82419953169676,3
3,0.203,0.9905154618740344,0.009484538125965614,0.5913720245295286,1.82419953169676,3
3,0.204,0.9904223957617767,0.009577604238223292,0.5913720245295286,1.82419953169676,3
3,0.205,0.9903288842554714,0.009671115744528613,0.5913720245295286,1.82419953169676,3
3,0.206,0.9902349275293657,0.009765072470634295,0.5913720245295286,1.82419953169676,3
3,0.207,0.9901405257585129,0.009859474241487143,0.5913720245295286,1.82419953169676,3
3,0.208,0.9900456791188111,0.00995432088118886,0.5913720245295286,1.82419953169676,3
3,0.209,0.9899503877869656,0.010049612213034353,0.5913720245295286,1.82419953169676,3
3,0.21,0.9898546519405034,0.010145348059496628,0.5913720245295286,1.82419953169676,3
3,0.211,0.9897584717577722,0.010241528242227793,0.5913720245295286,1.82419953169676,3
3,0.212,0.98966184741794,0.010338152582059945,0.5913720245295286,1.82419953169676,3
3,0.213,0.9895647791009925,0.010435220899007502,0.5913720245295286,1.82419953169676,3
3,0.214,0.9894672669877345,0.010532733012265538,0.5913720245295286,1.82419953169676,3
3,0.215,0.9893693112597893,0.01063068874021067,0.5913720245295286,1.82419953169676,3
3,0.216,0.9892709120995964,0.010729087900403611,0.5913720245295286,1.82419953169676,3
3,0.217,0.9891720696904166,0.0108279303095834,0.5913720245295286,1.82419953169676,3
3,0.218,0.9890727842163202,0.010927215783679833,0.5913720245295286,1.82419953169676,3
3,0.219,0.9889730558622015,0.011026944137798478,0.5913720245295286,1.82419953169676,3
3,0.22,0.9888728848137639,0.011127115186236103,0.5913720245295286,1.82419953169676,3
3,0.221,0.9887722712575305,0.011227728742469467,0.5913720245295286,1.82419953169676,3
3,0.222,0.9886712153808448,0.011328784619155208,0.5913720245295286,1.82419953169676,3
3,0.223,0.9885697173718443,0.011430282628155708,0.5913720245295286,1.82419953169676,3
3,0.224,0.9884677774195009,0.01153222258049913,0.5913720245295286,1.82419953169676,3
3,0.225,0.9883653957135993,0.01163460428640073,0.5913720245295286,1.82419953169676,3
3,0.226,0.9882625724447179,0.011737427555282065,0.5913720245295286,1.82419953169676,3
3,0.227,0.988159307804275,0.011840692195725033,0.5913720245295286,1.82419953169676,3
3,0.228,0.9880556019844743,0.011944398015525715,0.5913720245295286,1.82419953169676,3
3,0.229,0.9879514551783508,0.012048544821649187,0.5913720245295286,1.82419953169676,3
3,0.23,0.9878468675797409,0.01215313242025906,0.5913720245295286,1.82419953169676,3
3,0.231,0.9877418393832922,0.012258160616707814,0.5913720245295286,1.82419953169676,3
3,0.232,0.9876363707844665,0.012363629215533467,0.5913720245295286,1.82419953169676,3
3,0.233,0.9875304619795315,0.012469538020468462,0.5913720245295286,1.82419953169676,3
3,0.234,0.9874241131655609,0.01257588683443911,0.5913720245295286,1.82419953169676,3
3,0.235,0.9873173245404462,0.012682675459553816,0.5913720245295286,1.82419953169676,3
3,0.236,0.9872100963028795,0.01278990369712052,0.5913720245295286,1.82419953169676,3
3,0.237,0.987102428652364,0.012897571347636028,0.5913720245295286,1.82419953169676,3
3,0.238,0.9869943217892176,0.013005678210782357,0.5913720245295286,1.82419953169676,3
3,0.239,0.9868857759145242,0.0131142240854758,0.5913720245295286,1.82419953169676,3
3,0.24,0.9867767912302369,0.013223208769763128,0.5913720245295286,1.82419953169676,3
3,0.241,0.9866673679390751,0.013332632060924943,0.5913720245295286,1.82419953169676,3
3,0.242,0.9865575062445698,0.013442493755430163,0.5913720245295286,1.82419953169676,3
3,0.243,0.986447206351051,0.013552793648949013,0.5913720245295286,1.82419953169676,3
3,0.244,0.9863364684636683,0.013663531536331708,0.5913720245295286,1.82419953169676,3
3,0.245,0.9862252927883655,0.01377470721163454,0.5913720245295286,1.82419953169676,3
3,0.246,0.9861136795318818,0.013886320468118218,0.5913720245295286,1.82419953169676,3
3,0.247,0.9860016289017783,0.013998371098221662,0.5913720245295286,1.82419953169676,3
3,0.248,0.985889141106396,0.014110858893603972,0.5913720245295286,1.82419953169676,3
3,0.249,0.9857762163548895,0.014223783645110455,0.5913720245295286,1.82419953169676,3
3,0.25,0.9856628548572173,0.014337145142782726,0.5913720245295286,1.82419953169676,3
3,0.251,0.9855490568241319,0.014450943175868147,0.5913720245295286,1.82419953169676,3
3,0.252,0.9854348224671894,0.014565177532810614,0.5913720245295286,1.82419953169676,3
3,0.253,0.9853201519987361,0.014679848001263873,0.5913720245295286,1.82419953169676,3
3,0.254,0.9852050456319313,0.014794954368068658,0.5913720245295286,1.82419953169676,3
3,0.255,0.9850895035807211,0.014910496419278885,0.5913720245295286,1.82419953169676,3
3,0.256,0.9849735260598568,0.015026473940143226,0.5913720245295286,1.82419953169676,3
3,0.257,0.9848571132848795,0.01514288671512054,0.5913720245295286,1.82419953169676,3
3,0.258,0.9847402654721373,0.015259734527862667,0.5913720245295286,1.82419953169676,3
3,0.259,0.9846229828387573,0.015377017161242734,0.5913720245295286,1.82419953169676,3
3,0.26,0.9845052656026836,0.015494734397316412,0.5913720245295286,1.82419953169676,3
3,0.261,0.9843871139826367,0.015612886017363325,0.5913720245295286,1.82419953169676,3
3,0.262,0.9842685281981437,0.0157314718018563,0.5913720245295286,1.82419953169676,3
3,0.263,0.98414950846952,0.015850491530480015,0.5913720245295286,1.82419953169676,3
3,0.264,0.9840300550178843,0.01596994498211568,0.5913720245295286,1.82419953169676,3
3,0.265,0.9839101680651117,0.016089831934888332,0.5913720245295286,1.82419953169676,3
3,0.266,0.9837898478339252,0.016210152166074798,0.5913720245295286,1.82419953169676,3
3,0.267,0.9836690945478014,0.01633090545219862,0.5913720245295286,1.82419953169676,3
3,0.268,0.9835479084310129,0.01645209156898708,0.5913720245295286,1.82419953169676,3
3,0.269,0.9834262897086379,0.01657371029136212,0.5913720245295286,1.82419953169676,3
3,0.27,0.9833042386065217,0.01669576139347828,0.5913720245295286,1.82419953169676,3
3,0.271,0.9831817553513323,0.016818244648667657,0.5913720245295286,1.82419953169676,3
3,0.272,0.9830588401704703,0.016941159829529706,0.5913720245295286,1.82419953169676,3
3,0.273,0.9829354932921912,0.01706450670780879,0.5913720245295286,1.82419953169676,3
3,0.274,0.9828117149454964,0.01718828505450365,0.5913720245295286,1.82419953169676,3
3,0.275,0.9826875053601859,0.017312494639814102,0.5913720245295286,1.82419953169676,3
3,0.276,0.9825628647668423,0.017437135233157708,0.5913720245295286,1.82419953169676,3
3,0.277,0.9824377933968403,0.017562206603159658,0.5913720245295286,1.82419953169676,3
3,0.278,0.9823122914823409,0.017687708517659106,0.5913720245295286,1.82419953169676,3
3,0.279,0.9821863592562673,0.017813640743732706,0.5913720245295286,1.82419953169676,3
3,0.28,0.9820599969523625,0.017940003047637543,0.5913720245295286,1.82419953169676,3
3,0.281,0.9819332048051335,0.018066795194866536,0.5913720245295286,1.82419953169676,3
3,0.282,0.9818059830498644,0.01819401695013556,0.5913720245295286,1.82419953169676,3
3,0.283,0.9816783319226356,0.01832166807736435,0.5913720245295286,1.82419953169676,3
3,0.284,0.9815502516603037,0.01844974833969626,0.5913720245295286,1.82419953169676,3
3,0.285,0.981421742500506,0.018578257499494044,0.5913720245295286,1.82419953169676,3
3,0.286,0.9812928046816557,0.018707195318344305,0.5913720245295286,1.82419953169676,3
3,0.287,0.9811634384429595,0.0188365615570405,0.5913720245295286,1.82419953169676,3
3,0.288,0.9810336440243829,0.018966355975617133,0.5913720245295286,1.82419953169676,3
3,0.289,0.9809034216666911,0.01909657833330891,0.5913720245295286,1.82419953169676,3
3,0.29,0.9807727716114175,0.019227228388582485,0.5913720245295286,1.82419953169676,3
3,0.291,0.9806416941008717,0.019358305899128347,0.5913720245295286,1.82419953169676,3
3,0.292,0.9805101893781444,0.01948981062185562,0.5913720245295286,1.82419953169676,3
3,0.293,0.9803782576871009,0.01962174231289915,0.5913720245295286,1.82419953169676,3
3,0.294,0.9802458992723802,0.01975410072761985,0.5913720245295286,1.82419953169676,3
3,0.295,0.9801131143794014,0.019886885620598593,0.5913720245295286,1.82419953169676,3
3,0.296,0.9799799032543547,0.02002009674564531,0.5913720245295286,1.82419953169676,3
3,0.297,0.9798462661442001,0.020153733855799882,0.5913720245295286,1.82419953169676,3
3,0.298,0.9797122032966813,0.020287796703318706,0.5913720245295286,1.82419953169676,3
3,0.299,0.9795777149603104,0.02042228503968957,0.5913720245295286,1.82419953169676,3
3,0.3,0.9794428013843589,0.020557198615641092,0.5913720245295286,1.82419953169676,3
3,0.301,0.9793074628188935,0.02069253718110653,0.5913720245295286,1.82419953169676,3
3,0.302,0.9791716995147302,0.020828300485269846,0.5913720245295286,1.82419953169676,3
3,0.303,0.9790355117234716,0.020964488276528415,0.5913720245295286,1.82419953169676,3
3,0.304,0.9788988996974735,0.021101100302526543,0.5913720245295286,1.82419953169676,3
3,0.305,0.978761863689871,0.021238136310129052,0.5913720245295286,1.82419953169676,3
3,0.306,0.97862440395457,0.021375596045430045,0.5913720245295286,1.82419953169676,3
3,0.307,0.978486520746238,0.021513479253762013,0.5913720245295286,1.82419953169676,3
3,0.308,0.9783482143203104,0.021651785679689617,0.5913720245295286,1.82419953169676,3
3,0.309,0.9782094849329875,0.02179051506701246,0.5913720245295286,1.82419953169676,3
3,0.31,0.9780703328412397,0.021929667158760324,0.5913720245295286,1.82419953169676,3
3,0.311,0.9779307583028001,0.022069241697199926,0.5913720245295286,1.82419953169676,3
3,0.312,0.9777907615761642,0.02220923842383582,0.5913720245295286,1.82419953169676,3
3,0.313,0.9776503429205936,0.022349657079406393,0.5913720245295286,1.82419953169676,3
3,0.314,0.9775095025961134,0.022490497403886645,0.5913720245295286,1.82419953169676,3
3,0.315,0.9773682408635094,0.022631759136490626,0.5913720245295286,1.82419953169676,3
3,0.316,0.97722655798433,0.022773442015669998,0.5913720245295286,1.82419953169676,3
3,0.317,0.9770844542208839,0.022915545779116142,0.5913720245295286,1.82419953169676,3
3,0.318,0.9769419298362446,0.023058070163755384,0.5913720245295286,1.82419953169676,3
3,0.319,0.9767989850942346,0.023201014905765427,0.5913720245295286,1.82419953169676,3
3,0.32,0.9766556202594476,0.023344379740552368,0.5913720245295286,1.82419953169676,3
3,0.321,0.9765118355972311,0.023488164402768907,0.5913720245295286,1.82419953169676,3
3,0.322,0.9763676313736886,0.02363236862631135,0.5913720245295286,1.82419953169676,3
3,0.323,0.976223007855686,0.023776992144313946,0.5913720245295286,1.82419953169676,3
3,0.324,0.976077965310831,0.02392203468916898,0.5913720245295286,1.82419953169676,3
3,0.325,0.9759325040075078,0.02406749599249225,0.5913720245295286,1.82419953169676,3
3,0.326,0.9757866242148441,0.02421337578515592,0.5913720245295286,1.82419953169676,3
3,0.327,0.9756403262027219,0.024359673797278103,0.5913720245295286,1.82419953169676,3
3,0.328,0.9754936102417797,0.02450638975822028,0.5913720245295286,1.82419953169676,3
3,0.329,0.9753464766034086,0.024653523396591437,0.5913720245295286,1.82419953169676,3
3,0.33,0.9751989255597502,0.024801074440249815,0.5913720245295286,1.82419953169676,3
3,0.331,0.9750509573836987,0.024949042616301265,0.5913720245295286,1.82419953169676,3
3,0.332,0.9749025723489031,0.025097427651096904,0.5913720245295286,1.82419953169676,3
3,0.333,0.9747537707297531,0.02524622927024689,0.5913720245295286,1.82419953169676,3
3,0.334,0.9746045528014018,0.02539544719859821,0.5913720245295286,1.82419953169676,3
3,0.335,0.974454918839736,0.025545081160263994,0.5913720245295286,1.82419953169676,3
3,0.336,0.9743048691214088,0.02569513087859121,0.5913720245295286,1.82419953169676,3
3,0.337,0.9741544039237958,0.02584559607620418,0.5913720245295286,1.82419953169676,3
3,0.338,0.9740035235250493,0.025996476474950736,0.5913720245295286,1.82419953169676,3
3,0.339,0.9738522282040422,0.02614777179595784,0.5913720245295286,1.82419953169676,3
3,0.34,0.9737005182404068,0.02629948175959318,0.5913720245295286,1.82419953169676,3
3,0.341,0.9735483939145183,0.026451606085481694,0.5913720245295286,1.82419953169676,3
3,0.342,0.9733958555074914,0.026604144492508586,0.5913720245295286,1.82419953169676,3
3,0.343,0.9732429033011893,0.026757096698810656,0.5913720245295286,1.82419953169676,3
3,0.344,0.9730895375782134,0.02691046242178663,0.5913720245295286,1.82419953169676,3
3,0.345,0.9729357586219103,0.027064241378089715,0.5913720245295286,1.82419953169676,3
3,0.346,0.9727815667163654,0.027218433283634602,0.5913720245295286,1.82419953169676,3
3,0.347,0.9726269621464072,0.027373037853592797,0.5913720245295286,1.82419953169676,3
3,0.348,0.9724719451976024,0.027528054802397617,0.5913720245295286,1.82419953169676,3
3,0.349,0.9723165161562554,0.02768348384374464,0.5913720245295286,1.82419953169676,3
3,0.35,0.9721606753094114,0.027839324690588585,0.5913720245295286,1.82419953169676,3
3,0.351,0.972004422944853,0.027995577055146992,0.5913720245295286,1.82419953169676,3
3,0.352,0.9718477593510996,0.02815224064890043,0.5913720245295286,1.82419953169676,3
3,0.353,0.9716906848174011,0.028309315182598938,0.5913720245295286,1.82419953169676,3
3,0.354,0.9715331996337536,0.02846680036624638,0.5913720245295286,1.82419953169676,3
3,0.355,0.9713753040908789,0.02862469590912109,0.5913720245295286,1.82419953169676,3
3,0.356,0.9712169984802372,0.028783001519762763,0.5913720245295286,1.82419953169676,3
3,0.357,0.9710582830940209,0.02894171690597913,0.5913720245295286,1.82419953169676,3
3,0.358,0.970899158225154,0.029100841774845954,0.5913720245295286,1.82419953169676,3
3,0.359,0.970739624167294,0.02926037583270602,0.5913720245295286,1.82419953169676,3
3,0.36,0.970579681214828,0.02942031878517204,0.5913720245295286,1.82419953169676,3
3,0.361,0.9704193296628731,0.029580670337126858,0.5913720245295286,1.82419953169676,3
3,0.362,0.9702585698072766,0.02974143019272335,0.5913720245295286,1.82419953169676,3
3,0.363,0.9700974019446166,0.029902598055383423,0.5913720245295286,1.82419953169676,3
3,0.364,0.9699358263721962,0.03006417362780378,0.5913720245295286,1.82419953169676,3
3,0.365,0.9697738433880452,0.030226156611954824,0.5913720245295286,1.82419953169676,3
3,0.366,0.9696114532909237,0.030388546709076314,0.5913720245295286,1.82419953169676,3
3,0.367,0.969448656380318,0.030551343619682036,0.5913720245295286,1.82419953169676,3
3,0.368,0.9692854529564311,0.030714547043568907,0.5913720245295286,1.82419953169676,3
3,0.369,0.969121843320202,0.030878156679797986,0.5913720245295286,1.82419953169676,3
3,0.37,0.9689578277732838,0.031042172226716236,0.5913720245295286,1.82419953169676,3
3,0.371,0.9687934066180582,0.03120659338194176,0.5913720245295286,1.82419953169676,3
3,0.372,0.9686285801576263,0.03137141984237368,0.5913720245295286,1.82419953169676,3
3,0.373,0.9684633486958119,0.031536651304188146,0.5913720245295286,1.82419953169676,3
3,0.374,0.9682977125371584,0.03170228746284165,0.5913720245295286,1.82419953169676,3
3,0.375,0.9681316719869286,0.03186832801307138,0.5913720245295286,1.82419953169676,3
3,0.376,0.9679652273511066,0.03203477264889343,0.5913720245295286,1.82419953169676,3
3,0.377,0.9677983789363848,0.03220162106361524,0.5913720245295286,1.82419953169676,3
3,0.378,0.9676311270501881,0.032368872949811944,0.5913720245295286,1.82419953169676,3
3,0.379,0.9674634720006522,0.03253652799934781,0.5913720245295286,1.82419953169676,3
3,0.38,0.9672954140966254,0.03270458590337455,0.5913720245295286,1.82419953169676,3
3,0.381,0.9671269536476724,0.03287304635232757,0.5913720245295286,1.82419953169676,3
3,0.382,0.9669580909640736,0.03304190903592641,0.5913720245295286,1.82419953169676,3
3,0.383,0.9667888263568235,0.033211173643176495,0.5913720245295286,1.82419953169676,3
3,0.384,0.9666191601376277,0.03338083986237228,0.5913720245295286,1.82419953169676,3
3,0.385,0.9664490926189027,0.03355090738109734,0.5913720245295286,1.82419953169676,3
3,0.386,0.9662786241137803,0.03372137588621971,0.5913720245295286,1.82419953169676,3
3,0.387,0.9661077549360987,0.033892245063901316,0.5913720245295286,1.82419953169676,3
3,0.388,0.9659364854004087,0.03406351459959134,0.5913720245295286,1.82419953169676,3
3,0.389,0.9657648158219677,0.034235184178032285,0.5913720245295286,1.82419953169676,3
3,0.39,0.9655927465167413,0.03440725348325868,0.5913720245295286,1.82419953169676,3
3,0.391,0.9654202778014052,0.03457972219859484,0.5913720245295286,1.82419953169676,3
3,0.392,0.9652474099933379,0.03475259000666209,0.5913720245295286,1.82419953169676,3
3,0.393,0.9650741434106253,0.03492585658937475,0.5913720245295286,1.82419953169676,3
3,0.394,0.9649004783720583,0.03509952162794172,0.5913720245295286,1.82419953169676,3
3,0.395,0.9647264151971313,0.035273584802868685,0.5913720245295286,1.82419953169676,3
3,0.396,0.9645519542060437,0.03544804579395633,0.5913720245295286,1.82419953169676,3
3,0.397,0.9643770957196924,0.035622904280307566,0.5913720245295286,1.82419953169676,3
3,0.398,0.9642018400596835,0.03579815994031654,0.5913720245295286,1.82419953169676,3
3,0.399,0.9640261875483167,0.035973812451683296,0.5913720245295286,1.82419953169676,3
3,0.4,0.9638501385085965,0.036149861491403534,0.5913720245295286,1.82419953169676,3
3,0.401,0.9636736932642265,0.03632630673577353,0.5913720245295286,1.82419953169676,3
3,0.402,0.9634968521396027,0.03650314786039732,0.5913720245295286,1.82419953169676,3
3,0.403,0.9633196154598302,0.03668038454016975,0.5913720245295286,1.82419953169676,3
3,0.404,0.9631419835506921,0.03685801644930786,0.5913720245295286,1.82419953169676,3
3,0.405,0.9629639567386915,0.03703604326130849,0.5913720245295286,1.82419953169676,3
3,0.406,0.9627855353510101,0.03721446464898992,0.5913720245295286,1.82419953169676,3
3,0.407,0.9626067197155266,0.03739328028447342,0.5913720245295286,1.82419953169676,3
3,0.408,0.962427510160818,0.037572489839182044,0.5913720245295286,1.82419953169676,3
3,0.409,0.9622479070161472,0.03775209298385285,0.5913720245295286,1.82419953169676,3
3,0.41,0.9620679106114741,0.03793208938852588,0.5913720245295286,1.82419953169676,3
3,0.411,0.9618875212774531,0.03811247872254686,0.5913720245295286,1.82419953169676,3
3,0.412,0.9617067393454121,0.038293260654587935,0.5913720245295286,1.82419953169676,3
3,0.413,0.9615255651473864,0.03847443485261359,0.5913720245295286,1.82419953169676,3
3,0.414,0.9613439990160966,0.03865600098390343,0.5913720245295286,1.82419953169676,3
3,0.415,0.9611620412849459,0.03883795871505413,0.5913720245295286,1.82419953169676,3
3,0.416,0.9609796922880229,0.039020307711977065,0.5913720245295286,1.82419953169676,3
3,0.417,0.9607969523601121,0.03920304763988791,0.5913720245295286,1.82419953169676,3
3,0.418,0.9606138218366664,0.03938617816333356,0.5913720245295286,1.82419953169676,3
3,0.419,0.9604303010538473,0.0395696989461527,0.5913720245295286,1.82419953169676,3
3,0.42,0.9602463903484676,0.03975360965153241,0.5913720245295286,1.82419953169676,3
3,0.421,0.9600620900580562,0.039937909941943794,0.5913720245295286,1.82419953169676,3
3,0.422,0.9598774005208032,0.04012259947919683,0.5913720245295286,1.82419953169676,3
3,0.423,0.9596923220755854,0.04030767792441459,0.5913720245295286,1.82419953169676,3
3,0.424,0.9595068550619564,0.04049314493804357,0.5913720245295286,1.82419953169676,3
3,0.425,0.9593209998201561,0.04067900017984394,0.5913720245295286,1.82419953169676,3
3,0.426,0.9591347566910957,0.04086524330890429,0.5913720245295286,1.82419953169676,3
3,0.427,0.9589481260163665,0.041051873983633524,0.5913720245295286,1.82419953169676,3
3,0.428,0.958761108138239,0.041238891861760996,0.5913720245295286,1.82419953169676,3
3,0.429,0.9585737033996554,0.04142629660034458,0.5913720245295286,1.82419953169676,3
3,0.43,0.9583859121442347,0.04161408785576526,0.5913720245295286,1.82419953169676,3
3,0.431,0.958197734716271,0.04180226528372899,0.5913720245295286,1.82419953169676,3
3,0.432,0.9580091714607282,0.04199082853927183,0.5913720245295286,1.82419953169676,3
3,0.433,0.9578202227232491,0.04217977727675093,0.5913720245295286,1.82419953169676,3
3,0.434,0.9576308888501386,0.042369111149861416,0.5913720245295286,1.82419953169676,3
3,0.435,0.9574411701883795,0.04255882981162051,0.5913720245295286,1.82419953169676,3
3,0.436,0.9572510670856232,0.04274893291437676,0.5913720245295286,1.82419953169676,3
3,0.437,0.9570605798901892,0.04293942010981078,0.5913720245295286,1.82419953169676,3
3,0.438,0.9568697089510647,0.04313029104893529,0.5913720245295286,1.82419953169676,3
3,0.439,0.9566784546179019,0.04332154538209809,0.5913720245295286,1.82419953169676,3
3,0.44,0.9564868172410244,0.043513182758975644,0.5913720245295286,1.82419953169676,3
3,0.441,0.9562947971714173,0.0437052028285827,0.5913720245295286,1.82419953169676,3
3,0.442,0.9561023947607298,0.04389760523927022,0.5913720245295286,1.82419953169676,3
3,0.443,0.9559096103612772,0.044090389638722804,0.5913720245295286,1.82419953169676,3
3,0.444,0.9557164443260375,0.04428355567396247,0.5913720245295286,1.82419953169676,3
3,0.445,0.9555228970086468,0.04447710299135321,0.5913720245295286,1.82419953169676,3
3,0.446,0.9553289687634061,0.04467103123659388,0.5913720245295286,1.82419953169676,3
3,0.447,0.9551346599452759,0.04486534005472409,0.5913720245295286,1.82419953169676,3
3,0.448,0.9549399709098739,0.045060029090126075,0.5913720245295286,1.82419953169676,3
3,0.449,0.9547449020134788,0.045255097986521164,0.5913720245295286,1.82419953169676,3
3,0.45,0.9545494536130229,0.0454505463869771,0.5913720245295286,1.82419953169676,3
3,0.451,0.9543536260660993,0.0456463739339007,0.5913720245295286,1.82419953169676,3
3,0.452,0.954157419730953,0.04584258026904697,0.5913720245295286,1.82419953169676,3
3,0.453,0.9539608349664863,0.046039165033513685,0.5913720245295286,1.82419953169676,3
3,0.454,0.9537638721322548,0.046236127867745225,0.5913720245295286,1.82419953169676,3
3,0.455,0.9535665315884645,0.046433468411535506,0.5913720245295286,1.82419953169676,3
3,0.456,0.9533688136959773,0.04663118630402274,0.5913720245295286,1.82419953169676,3
3,0.457,0.9531707188163131,0.0468292811836869,0.5913720245295286,1.82419953169676,3
3,0.458,0.9529722473116048,0.04702775268839521,0.5913720245295286,1.82419953169676,3
3,0.459,0.9527733995446906,0.04722660045530935,0.5913720245295286,1.82419953169676,3
3,0.46,0.9525741758790208,0.047425824120979176,0.5913720245295286,1.82419953169676,3
3,0.461,0.9523745766787016,0.04762542332129838,0.5913720245295286,1.82419953169676,3
3,0.462,0.9521746023084858,0.04782539769151417,0.5913720245295286,1.82419953169676,3
3,0.463,0.9519742531337713,0.048025746866228736,0.5913720245295286,1.82419953169676,3
3,0.464,0.9517735295206006,0.04822647047939943,0.5913720245295286,1.82419953169676,3
3,0.465,0.951572431835662,0.04842756816433802,0.5913720245295286,1.82419953169676,3
3,0.466,0.9513709604462857,0.04862903955371434,0.5913720245295286,1.82419953169676,3
3,0.467,0.9511691157204407,0.04883088427955928,0.5913720245295286,1.82419953169676,3
3,0.468,0.9509668980267432,0.04903310197325683,0.5913720245295286,1.82419953169676,3
3,0.469,0.9507643077344432,0.049235692265556796,0.5913720245295286,1.82419953169676,3
3,0.47,0.9505613452134356,0.049438654786564395,0.5913720245295286,1.82419953169676,3
3,0.471,0.9503580108342463,0.049641989165753686,0.5913720245295286,1.82419953169676,3
3,0.472,0.9501543049680459,0.04984569503195413,0.5913720245295286,1.82419953169676,3
3,0.473,0.9499502279866383,0.05004977201336169,0.5913720245295286,1.82419953169676,3
3,0.474,0.9497457802624621,0.05025421973753785,0.5913720245295286,1.82419953169676,3
3,0.475,0.9495409621685915,0.05045903783140848,0.5913720245295286,1.82419953169676,3
3,0.476,0.9493357740787358,0.05066422592126418,0.5913720245295286,1.82419953169676,3
3,0.477,0.9491302163672286,0.05086978363277139,0.5913720245295286,1.82419953169676,3
3,0.478,0.948924289409047,0.05107571059095295,0.5913720245295286,1.82419953169676,3
3,0.479,0.9487179935797934,0.05128200642020664,0.5913720245295286,1.82419953169676,3
3,0.48,0.9485113292557001,0.05148867074429986,0.5913720245295286,1.82419953169676,3
3,0.481,0.9483042968136268,0.051695703186373176,0.5913720245295286,1.82419953169676,3
3,0.482,0.9480968966310631,0.05190310336893689,0.5913720245295286,1.82419953169676,3
3,0.483,0.9478891290861255,0.05211087091387445,0.5913720245295286,1.82419953169676,3
3,0.484,0.947680994557556,0.052319005442444055,0.5913720245295286,1.82419953169676,3
3,0.485,0.947472493424722,0.05252750657527805,0.5913720245295286,1.82419953169676,3
3,0.486,0.9472636260676147,0.05273637393238528,0.5913720245295286,1.82419953169676,3
3,0.487,0.947054392866849,0.052945607133150996,0.5913720245295286,1.82419953169676,3
3,0.488,0.9468447942036636,0.05315520579633637,0.5913720245295286,1.82419953169676,3
3,0.489,0.9466348304599154,0.053365169540084634,0.5913720245295286,1.82419953169676,3
3,0.49,0.9464245020180717,0.05357549798192829,0.5913720245295286,1.82419953169676,3
3,0.491,0.9462138092612475,0.05378619073875246,0.5913720245295286,1.82419953169676,3
3,0.492,0.9460027525731513,0.05399724742684875,0.5913720245295286,1.82419953169676,3
3,0.493,0.9457913323381156,0.05420866766188437,0.5913720245295286,1.82419953169676,3
3,0.494,0.9455795489410932,0.054420451058906805,0.5913720245295286,1.82419953169676,3
3,0.495,0.945367402767649,0.05463259723235103,0.5913720245295286,1.82419953169676,3
3,0.496,0.9451548942039605,0.05484510579603952,0.5913720245295286,1.82419953169676,3
3,0.497,0.944942023636824,0.055057976363176,0.5913720245295286,1.82419953169676,3
3,0.498,0.9447287914536461,0.05527120854635392,0.5913720245295286,1.82419953169676,3
3,0.499,0.9445151980424419,0.055484801957558116,0.5913720245295286,1.82419953169676,3
3,0.5,0.9443012437918441,0.0556987562081559,0.5913720245295286,1.82419953169676,3
4,0.001,0.999999739503247,2.6049675294625985e-07,0.6118150996127776,1.9383996531354022,3
4,0.002,0.9999989580136086,1.0419863913924132e-06,0.6118150996127776,1.9383996531354022,3
4,0.003,0.9999976554474417,2.34455255831989e-06,0.6118150996127776,1.9383996531354022,3
4,0.004,0.9999958319375106,4.168062489373625e-06,0.6118150996127776,1.9383996531354022,3
4,0.005,0.9999934872729286,6.512727071417146e-06,0.6118150996127776,1.9383996531354022,3
4,0.006,0.9999906216932242,9.378306775831291e-06,0.6118150996127776,1.9383996531354022,3
4,0.007,0.9999872351155719,1.2764884428140277e-05,0.6118150996127776,1.9383996531354022,3
4,0.008,0.9999833275474174,1.667245258263339e-05,0.6118150996127776,1.9383996531354022,3
4,0.009,0.9999788989985959,2.11010014040669e-05,0.6118150996127776,1.9383996531354022,3
4,0.01,0.9999739494793111,2.6050520688936096e-05,0.6118150996127776,1.9383996531354022,3
4,0.011,0.999968479007006,3.152099299397193e-05,0.6118150996127776,1.9383996531354022,3
4,0.012,0.9999624875786257,3.751242137428612e-05,0.6118150996127776,1.9383996531354022,3
4,0.013,0.9999559752238015,4.402477619847023e-05,0.6118150996127776,1.9383996531354022,3
4,0.014,0.9999489419537643,5.105804623573018e-05,0.6118150996127776,1.9383996531354022,3
4,0.015,0.999941387784753,5.861221524694482e-05,0.6118150996127776,1.9383996531354022,3
4,0.016,0.999933312734946,6.668726505398848e-05,0.6118150996127776,1.9383996531354022,3
4,0.017,0.999924716823649,7.528317635097093e-05,0.6118150996127776,1.9383996531354022,3
4,0.018,0.9999156000712882,8.439992871178692e-05,0.6118150996127776,1.9383996531354022,3
4,0.019,0.9999059625001266,9.403749987335619e-05,0.6118150996127776,1.9383996531354022,3
4,0.02,0.9998958041311108,0.00010419586888921195,0.6118150996127776,1.9383996531354022,3
4,0.021,0.9998851249908866,0.0001148750091134465,0.6118150996127776,1.9383996531354022,3
4,0.022,0.9998739251040231,0.00012607489597693533,0.6118150996127776,1.9383996531354022,3
4,0.023,0.9998622044970802,0.00013779550291981302,0.6118150996127776,1.9383996531354022,3
4,0.024,0.9998499631982508,0.0001500368017491871,0.6118150996127776,1.9383996531354022,3
4,0.025,0.9998372012366764,0.00016279876332359056,0.6118150996127776,1.9383996531354022,3
4,0.026,0.9998239186427963,0.00017608135720370566,0.6118150996127776,1.9383996531354022,3
4,0.027,0.9998101154482159,0.00018988455178414743,0.6118150996127776,1.9383996531354022,3
4,0.028,0.9997957916859745,0.0002042083140254558,0.6118150996127776,1.9383996531354022,3
4,0.029,0.9997809473901126,0.0002190526098874157,0.6118150996127776,1.9383996531354022,3
4,0.03,0.999765582596199,0.00023441740380103493,0.6118150996127776,1.9383996531354022,3
4,0.031,0.9997496973407421,0.00025030265925785056,0.6118150996127776,1.9383996531354022,3
4,0.032,0.9997332916616128,0.000266708338387156,0.6118150996127776,1.9383996531354022,3
4,0.033,0.999716365598054,0.0002836344019460091,0.6118150996127776,1.9383996531354022,3
4,0.034,0.9996989191904697,0.00030108080953028526,0.6118150996127776,1.9383996531354022,3
4,0.035,0.9996809524802418,0.0003190475197581977,0.6118150996127776,1.9383996531354022,3
4,0.036,0.9996624655104566,0.000337534489543434,0.6118150996127776,1.9383996531354022,3
4,0.037,0.9996434583251733,0.00035654167482668253,0.6118150996127776,1.9383996531354022,3
4,0.038,0.9996239309695396,0.00037606903046039086,0.6118150996127776,1.9383996531354022,3
4,0.039,0.9996038834903527,0.00039611650964732625,0.6118150996127776,1.9383996531354022,3
4,0.04,0.9995833159353429,0.0004166840646571135,0.6118150996127776,1.9383996531354022,3
4,0.041,0.9995622283535555,0.00043777164644454025,0.6118150996127776,1.9383996531354022,3
4,0.042,0.9995406207953088,0.0004593792046911904,0.6118150996127776,1.9383996531354022,3
4,0.043,0.9995184933121872,0.0004815066878127716,0.6118150996127776,1.9383996531354022,3
4,0.044,0.9994958459567226,0.0005041540432774161,0.6118150996127776,1.9383996531354022,3
4,0.045,0.9994726787832107,0.0005273212167893337,0.6118150996127776,1.9383996531354022,3
4,0.046,0.9994489918467535,0.0005510081532464906,0.6118150996127776,1.9383996531354022,3
4,0.047,0.9994247852039494,0.0005752147960506049,0.6118150996127776,1.9383996531354022,3
4,0.048,0.9994000589123543,0.0005999410876457167,0.6118150996127776,1.9383996531354022,3
4,0.049,0.9993748130310864,0.0006251869689135603,0.6118150996127776,1.9383996531354022,3
4,0.05,0.999349047620317,0.0006509523796830452,0.6118150996127776,1.9383996531354022,3
4,0.051,0.9993227627414578,0.0006772372585421849,0.6118150996127776,1.9383996531354022,3
4,0.052,0.9992959584572215,0.0007040415427784774,0.6118150996127776,1.9383996531354022,3
4,0.053,0.9992686348315362,0.0007313651684638378,0.6118150996127776,1.9383996531354022,3
4,0.054,0.999240791929495,0.0007592080705050019,0.6118150996127776,1.9383996531354022,3
4,0.055,0.9992124298175684,0.000787570182431585,0.6118150996127776,1.9383996531354022,3
4,0.056,0.9991835485633498,0.0008164514366502118,0.6118150996127776,1.9383996531354022,3
4,0.057,0.9991541482356686,0.0008458517643313845,0.6118150996127776,1.9383996531354022,3
4,0.058,0.9991242289047465,0.0008757710952534969,0.6118150996127776,1.9383996531354022,3
4,0.059,0.9990937906417822,0.0009062093582178354,0.6118150996127776,1.9383996531354022,3
4,0.06,0.9990628335194741,0.0009371664805258861,0.6118150996127776,1.9383996531354022,3
4,0.061,0.9990313576115706,0.0009686423884294193,0.6118150996127776,1.9383996531354022,3
4,0.062,0.9989993629931366,0.0010006370068633696,0.6118150996127776,1.9383996531354022,3
4,0.063,0.9989668497404617,0.001033150259538318,0.6118150996127776,1.9383996531354022,3
4,0.064,0.9989338179310768,0.0010661820689231716,0.6118150996127776,1.9383996531354022,3
4,0.065,0.9989002676437113,0.0010997323562886852,0.6118150996127776,1.9383996531354022,3
4,0.066,0.9988661989583837,0.0011338010416163113,0.6118150996127776,1.9383996531354022,3
4,0.067,0.9988316119562987,0.0011683880437013405,0.6118150996127776,1.9383996531354022,3
4,0.068,0.9987965067199287,0.0012034932800712994,0.6118150996127776,1.9383996531354022,3
4,0.069,0.9987608833329534,0.0012391166670465692,0.6118150996127776,1.9383996531354022,3
4,0.07,0.9987247418803459,0.0012752581196541213,0.6118150996127776,1.9383996531354022,3
4,0.071,0.9986880824481799,0.001311917551820141,0.6118150996127776,1.9383996531354022,3
4,0.072,0.99865090512391,0.001349094876090029,0.6118150996127776,1.9383996531354022,3
4,0.073,0.9986132099961735,0.0013867900038264658,0.6118150996127776,1.9383996531354022,3
4,0.074,0.9985749971547953,0.001425002845204748,0.6118150996127776,1.9383996531354022,3
4,0.075,0.9985362666909051,0.0014637333090948834,0.6118150996127776,1.9383996531354022,3
4,0.076,0.9984970186967783,0.0015029813032216843,0.6118150996127776,1.9383996531354022,3
4,0.077,0.9984572532660202,0.001542746733979805,0.6118150996127776,1.9383996531354022,3
4,0.078,0.9984169704933894,0.0015830295066106004,0.6118150996127776,1.9383996531354022,3
4,0.079,0.9983761704749109,0.0016238295250891044,0.6118150996127776,1.9383996531354022,3
4,0.08,0.9983348533078379,0.0016651466921621116,0.6118150996127776,1.9383996531354022,3
4,0.081,0.9982930190906604,0.0017069809093396282,0.6118150996127776,1.9383996531354022,3
4,0.082,0.9982506679230688,0.001749332076931176,0.6118150996127776,1.9383996531354022,3
4,0.083,0.9982077999060414,0.0017922000939586402,0.6118150996127776,1.9383996531354022,3
4,0.084,0.9981644151416744,0.0018355848583255785,0.6118150996127776,1.9383996531354022,3
4,0.085,0.9981205137334366,0.0018794862665634238,0.6118150996127776,1.9383996531354022,3
4,0.086,0.9980760957859385,0.0019239042140615226,0.6118150996127776,1.9383996531354022,3
4,0.087,0.9980311614050404,0.0019688385949595544,0.6118150996127776,1.9383996531354022,3
4,0.088,0.9979857106978296,0.0020142893021704023,0.6118150996127776,1.9383996531354022,3
4,0.089,0.9979397437725859,0.0020602562274141256,0.6118150996127776,1.9383996531354022,3
4,0.09,0.9978932607388975,0.002106739261102497,0.6118150996127776,1.9383996531354022,3
4,0.091,0.9978462617075129,0.0021537382924871062,0.6118150996127776,1.9383996531354022,3
4,0.092,0.9977987467904286,0.00220125320957143,0.6118150996127776,1.9383996531354022,3
4,0.093,0.997750716100872,0.0022492838991280406,0.6118150996127776,1.9383996531354022,3
4,0.094,0.997702169753288,0.0022978302467120404,0.6118150996127776,1.9383996531354022,3
4,0.095,0.9976531078633507,0.0023468921366492923,0.6118150996127776,1.9383996531354022,3
4,0.096,0.9976035305479586,0.0023964694520414165,0.6118150996127776,1.9383996531354022,3
4,0.097,0.9975534379252684,0.0024465620747315953,0.6118150996127776,1.9383996531354022,3
4,0.098,0.9975028301145618,0.002497169885438244,0.6118150996127776,1.9383996531354022,3
4,0.099,0.9974517072364587,0.0025482927635412933,0.6118150996127776,1.9383996531354022,3
4,0.1,0.9974000694127689,0.0025999305872310696,0.6118150996127776,1.9383996531354022,3
4,0.101,0.9973479167664887,0.002652083233511293,0.6118150996127776,1.9383996531354022,3
4,0.102,0.9972952494218811,0.0027047505781189196,0.6118150996127776,1.9383996531354022,3
4,0.103,0.9972420675044104,0.0027579324955896434,0.6118150996127776,1.9383996531354022,3
4,0.104,0.9971883711407531,0.0028116288592469063,0.6118150996127776,1.9383996531354022,3
4,0.105,0.9971341604588392,0.0028658395411608195,0.6118150996127776,1.9383996531354022,3
4,0.106,0.9970794355877942,0.002920564412205784,0.6118150996127776,1.9383996531354022,3
4,0.107,0.9970241966579796,0.002975803342020411,0.6118150996127776,1.9383996531354022,3
4,0.108,0.9969684438009737,0.0030315561990262863,0.6118150996127776,1.9383996531354022,3
4,0.109,0.9969121771495633,0.003087822850436739,0.6118150996127776,1.9383996531354022,3
4,0.11,0.9968553968377685,0.0031446031622315296,0.6118150996127776,1.9383996531354022,3
4,0.111,0.9967981030008396,0.003201896999160403,0.6118150996127776,1.9383996531354022,3
4,0.112,0.9967402957752087,0.003259704224791271,0.6118150996127776,1.9383996531354022,3
4,0.113,0.9966819752985634,0.003318024701436606,0.6118150996127776,1.9383996531354022,3
4,0.114,0.9966231417098044,0.003376858290195628,0.6118150996127776,1.9383996531354022,3
4,0.115,0.9965637951490227,0.003436204850977287,0.6118150996127776,1.9383996531354022,3
4,0.116,0.9965039357575614,0.0034960642424386457,0.6118150996127776,1.9383996531354022,3
4,0.117,0.9964435636779667,0.003556436322033285,0.6118150996127776,1.9383996531354022,3
4,0.118,0.996382679053985,0.003617320946014968,0.6118150996127776,1.9383996531354022,3
4,0.119,0.9963212820305994,0.003678717969400558,0.6118150996127776,1.9383996531354022,3
4,0.12,0.9962593727540133,0.003740627245986672,0.6118150996127776,1.9383996531354022,3
4,0.121,0.9961969513716253,0.003803048628374661,0.6118150996127776,1.9383996531354022,3
4,0.122,0.9961340180320513,0.0038659819679487395,0.6118150996127776,1.9383996531354022,3
4,0.123,0.9960705728851402,0.003929427114859774,0.6118150996127776,1.9383996531354022,3
4,0.124,0.9960066160819383,0.003993383918061699,0.6118150996127776,1.9383996531354022,3
4,0.125,0.9959421477747243,0.00405785222527566,0.6118150996127776,1.9383996531354022,3
4,0.126,0.9958771681169347,0.004122831883065281,0.6118150996127776,1.9383996531354022,3
4,0.127,0.9958116772632835,0.004188322736716543,0.6118150996127776,1.9383996531354022,3
4,0.128,0.995745675369697,0.0042543246303029525,0.6118150996127776,1.9383996531354022,3
4,0.129,0.9956791625932186,0.004320837406781353,0.6118150996127776,1.9383996531354022,3
4,0.13,0.9956121390922331,0.004387860907766883,0.6118150996127776,1.9383996531354022,3
4,0.131,0.9955446050262466,0.004455394973753357,0.6118150996127776,1.9383996531354022,3
4,0.132,0.9954765605560121,0.00452343944398792,0.6118150996127776,1.9383996531354022,3
4,0.133,0.9954080058434741,0.0045919941565258915,0.6118150996127776,1.9383996531354022,3
4,0.134,0.9953389410517811,0.004661058948218888,0.6118150996127776,1.9383996531354022,3
4,0.135,0.9952693663453209,0.004730633654679073,0.6118150996127776,1.9383996531354022,3
4,0.136,0.9951992818896633,0.004800718110336666,0.6118150996127776,1.9383996531354022,3
4,0.137,0.9951286878515915,0.004871312148408524,0.6118150996127776,1.9383996531354022,3
4,0.138,0.9950575843990916,0.004942415600908356,0.6118150996127776,1.9383996531354022,3
4,0.139,0.9949859717013643,0.005014028298635731,0.6118150996127776,1.9383996531354022,3
4,0.14,0.9949138499288067,0.005086150071193285,0.6118150996127776,1.9383996531354022,3
4,0.141,0.9948412192530278,0.00515878074697218,0.6118150996127776,1.9383996531354022,3
4,0.142,0.9947680798468428,0.00523192015315721,0.6118150996127776,1.9383996531354022,3
4,0.143,0.9946944318842521,0.005305568115747894,0.6118150996127776,1.9383996531354022,3
4,0.144,0.9946202755404893,0.005379724459510737,0.6118150996127776,1.9383996531354022,3
4,0.145,0.9945456109919704,0.0054543890080296364,0.6118150996127776,1.9383996531354022,3
4,0.146,0.9944704384163208,0.005529561583679232,0.6118150996127776,1.9383996531354022,3
4,0.147,0.9943947579923584,0.005605242007641564,0.6118150996127776,1.9383996531354022,3
4,0.148,0.994318569900113,0.005681430099886975,0.6118150996127776,1.9383996531354022,3
4,0.149,0.9942418743208162,0.005758125679183768,0.6118150996127776,1.9383996531354022,3
4,0.15,0.994164671436894,0.005835328563105979,0.6118150996127776,1.9383996531354022,3
4,0.151,0.994086961431958,0.005913038568042039,0.6118150996127776,1.9383996531354022,3
4,0.152,0.9940087444908516,0.005991255509148363,0.6118150996127776,1.9383996531354022,3
4,0.153,0.9939300207995908,0.006069979200409192,0.6118150996127776,1.9383996531354022,3
4,0.154,0.9938507905453923,0.006149209454607729,0.6118150996127776,1.9383996531354022,3
4,0.155,0.9937710539166903,0.0062289460833097055,0.6118150996127776,1.9383996531354022,3
4,0.156,0.9936908111030661,0.006309188896933882,0.6118150996127776,1.9383996531354022,3
4,0.157,0.9936100622953639,0.006389937704636139,0.6118150996127776,1.9383996531354022,3
4,0.158,0.9935288076855701,0.006471192314429941,0.6118150996127776,1.9383996531354022,3
4,0.159,0.9934470474668972,0.00655295253310284,0.6118150996127776,1.9383996531354022,3
4,0.16,0.9933647818337219,0.006635218166278101,0.6118150996127776,1.9383996531354022,3
4,0.161,0.9932820109816459,0.006717989018354076,0.6118150996127776,1.9383996531354022,3
4,0.162,0.9931987351074494,0.006801264892550618,0.6118150996127776,1.9383996531354022,3
4,0.163,0.9931149544090976,0.006885045590902417,0.6118150996127776,1.9383996531354022,3
4,0.164,0.993030669085758,0.006969330914242011,0.6118150996127776,1.9383996531354022,3
4,0.165,0.9929458793378024,0.007054120662197572,0.6118150996127776,1.9383996531354022,3
4,0.166,0.9928605853667303,0.007139414633269725,0.6118150996127776,1.9383996531354022,3
4,0.167,0.9927747873753164,0.0072252126246835635,0.6118150996127776,1.9383996531354022,3
4,0.168,0.9926884855674727,0.007311514432527311,0.6118150996127776,1.9383996531354022,3
4,0.169,0.9926016801483151,0.007398319851684931,0.6118150996127776,1.9383996531354022,3
4,0.17,0.9925143713241388,0.007485628675861222,0.6118150996127776,1.9383996531354022,3
4,0.171,0.992426559302437,0.00757344069756305,0.6118150996127776,1.9383996531354022,3
4,0.172,0.9923382442918669,0.0076617557081331,0.6118150996127776,1.9383996531354022,3
4,0.173,0.9922494265023016,0.007750573497698365,0.6118150996127776,1.9383996531354022,3
4,0.174,0.9921601061447848,0.007839893855215219,0.6118150996127776,1.9383996531354022,3
4,0.175,0.9920702834315486,0.007929716568451428,0.6118150996127776,1.9383996531354022,3
4,0.176,0.9919799585759921,0.008020041424007918,0.6118150996127776,1.9383996531354022,3
4,0.177,0.9918891317927085,0.008110868207291455,0.6118150996127776,1.9383996531354022,3
4,0.178,0.9917978032974967,0.008202196702503328,0.6118150996127776,1.9383996531354022,3
4,0.179,0.991705973307295,0.008294026692704959,0.6118150996127776,1.9383996531354022,3
4,0.18,0.9916136420402533,0.008386357959746737,0.6118150996127776,1.9383996531354022,3
4,0.181,0.9915208097156891,0.008479190284310878,0.6118150996127776,1.9383996531354022,3
4,0.182,0.9914274765541065,0.008572523445893543,0.6118150996127776,1.9383996531354022,3
4,0.183,0.99133364277718,0.008666357222820054,0.6118150996127776,1.9383996531354022,3
4,0.184,0.9912393086077693,0.00876069139223068,0.6118150996127776,1.9383996531354022,3
4,0.185,0.9911444742699091,0.008855525730090852,0.6118150996127776,1.9383996531354022,3
4,0.186,0.9910491399888058,0.008950860011194162,0.6118150996127776,1.9383996531354022,3
4,0.187,0.9909533059908531,0.009046694009146927,0.6118150996127776,1.9383996531354022,3
4,0.188,0.9908569725036119,0.009143027496388068,0.6118150996127776,1.9383996531354022,3
4,0.189,0.9907601397558193,0.009239860244180664,0.6118150996127776,1.9383996531354022,3
4,0.19,0.9906628079773866,0.009337192022613405,0.6118150996127776,1.9383996531354022,3
4,0.191,0.9905649773994009,0.009435022600599141,0.6118150996127776,1.9383996531354022,3
4,0.192,0.990466648254112,0.009533351745887986,0.6118150996127776,1.9383996531354022,3
4,0.193,0.9903678207749556,0.009632179225044446,0.6118150996127776,1.9383996531354022,3
4,0.194,0.99026849519653,0.00973150480346996,0.6118150996127776,1.9383996531354022,3
4,0.195,0.9901686717546021,0.009831328245397897,0.6118150996127776,1.9383996531354022,3
4,0.196,0.9900683506861172,0.009931649313882795,0.6118150996127776,1.9383996531354022,3
4,0.197,0.9899675322291774,0.010032467770822562,0.6118150996127776,1.9383996531354022,3
4,0.198,0.989866216623058,0.01013378337694204,0.6118150996127776,1.9383996531354022,3
4,0.199,0.9897644041082081,0.010235595891791904,0.6118150996127776,1.9383996531354022,3
4,0.2,0.9896620949262318,0.010337905073768194,0.6118150996127776,1.9383996531354022,3
4,0.201,0.9895592893199089,0.010440710680091114,0.6118150996127776,1.9383996531354022,3
4,0.202,0.9894559875331771,0.010544012466822905,0.6118150996127776,1.9383996531354022,3
4,0.203,0.9893521898111424,0.010647810188857632,0.6118150996127776,1.9383996531354022,3
4,0.204,0.9892478964000725,0.01075210359992751,0.6118150996127776,1.9383996531354022,3
4,0.205,0.9891431075473992,0.010856892452600797,0.6118150996127776,1.9383996531354022,3
4,0.206,0.9890378235017068,0.01096217649829323,0.6118150996127776,1.9383996531354022,3
4,0.207,0.988932044512756,0.011067955487244041,0.6118150996127776,1.9383996531354022,3
4,0.208,0.9888257708314581,0.011174229168541938,0.6118150996127776,1.9383996531354022,3
4,0.209,0.9887190027098872,0.011280997290112782,0.6118150996127776,1.9383996531354022,3
4,0.21,0.9886117404012741,0.011388259598725914,0.6118150996127776,1.9383996531354022,3
4,0.211,0.9885039841600077,0.011496015839992269,0.6118150996127776,1.9383996531354022,3
4,0.212,0.9883957342416421,0.011604265758357935,0.6118150996127776,1.9383996531354022,3
4,0.213,0.9882869909028609,0.011713009097139127,0.6118150996127776,1.9383996531354022,3
4,0.214,0.9881777544015302,0.011822245598469783,0.6118150996127776,1.9383996531354022,3
4,0.215,0.9880680249966707,0.01193197500332932,0.6118150996127776,1.9383996531354022,3
4,0.216,0.9879578029484468,0.012042197051553183,0.6118150996127776,1.9383996531354022,3
4,0.217,0.9878470885181672,0.01215291148183284,0.6118150996127776,1.9383996531354022,3
4,0.218,0.9877358819683154,0.01226411803168459,0.6118150996127776,1.9383996531354022,3
4,0.219,0.9876241835625038,0.01237581643749619,0.6118150996127776,1.9383996531354022,3
4,0.22,0.9875119935655143,0.012488006434485666,0.6118150996127776,1.9383996531354022,3
4,0.221,0.9873993122432615,0.012600687756738504,0.6118150996127776,1.9383996531354022,3
4,0.222,0.9872861398628225,0.012713860137177457,0.6118150996127776,1.9383996531354022,3
4,0.223,0.9871724766924158,0.012827523307584188,0.6118150996127776,1.9383996531354022,3
4,0.224,0.9870583230014025,0.012941676998597496,0.6118150996127776,1.9383996531354022,3
4,0.225,0.9869436790602999,0.013056320939700106,0.6118150996127776,1.9383996531354022,3
4,0.226,0.9868285451407655,0.013171454859234544,0.6118150996127776,1.9383996531354022,3
4,0.227,0.9867129215156014,0.013287078484398585,0.6118150996127776,1.9383996531354022,3
4,0.228,0.9865968084587519,0.013403191541248138,0.6118150996127776,1.9383996531354022,3
4,0.229,0.9864802062453034,0.013519793754696585,0.6118150996127776,1.9383996531354022,3
4,0.23,0.9863631151514927,0.013636884848507336,0.6118150996127776,1.9383996531354022,3
4,0.231,0.9862455354546863,0.013754464545313705,0.6118150996127776,1.9383996531354022,3
4,0.232,0.9861274674334043,0.013872532566595708,0.6118150996127776,1.9383996531354022,3
4,0.233,0.9860089113672788,0.01399108863272125,0.6118150996127776,1.9383996531354022,3
4,0.234,0.9858898675371172,0.01411013246288284,0.6118150996127776,1.9383996531354022,3
4,0.235,0.9857703362248409,0.014229663775159107,0.6118150996127776,1.9383996531354022,3
4,0.236,0.9856503177135107,0.014349682286489251,0.6118150996127776,1.9383996531354022,3
4,0.237,0.9855298122873276,0.014470187712672389,0.6118150996127776,1.9383996531354022,3
4,0.238,0.9854088202316268,0.014591179768373208,0.6118150996127776,1.9383996531354022,3
4,0.239,0.9852873418328714,0.014712658167128634,0.6118150996127776,1.9383996531354022,3
4,0.24,0.9851653773786687,0.014834622621331284,0.6118150996127776,1.9383996531354022,3
4,0.241,0.9850429271577404,0.014957072842259556,0.6118150996127776,1.9383996531354022,3
4,0.242,0.9849199914599602,0.015080008540039769,0.6118150996127776,1.9383996531354022,3
4,0.243,0.9847965705763195,0.01520342942368047,0.6118150996127776,1.9383996531354022,3
4,0.244,0.9846726647989408,0.015327335201059222,0.6118150996127776,1.9383996531354022,3
4,0.245,0.9845482744210748,0.015451725578925157,0.6118150996127776,1.9383996531354022,3
4,0.246,0.9844233997371031,0.015576600262896867,0.6118150996127776,1.9383996531354022,3
4,0.247,0.984298041042529,0.01570195895747095,0.6118150996127776,1.9383996531354022,3
4,0.248,0.9841721986339852,0.015827801366014804,0.6118150996127776,1.9383996531354022,3
4,0.249,0.984045872809225,0.015954127190775047,0.6118150996127776,1.9383996531354022,3
4,0.25,0.9839190638671306,0.016080936132869428,0.6118150996127776,1.9383996531354022,3
4,0.251,0.9837917721077097,0.01620822789229026,0.6118150996127776,1.9383996531354022,3
4,0.252,0.9836639978320662,0.01633600216793385,0.6118150996127776,1.9383996531354022,3
4,0.253,0.9835357413424659,0.016464258657534092,0.6118150996127776,1.9383996531354022,3
4,0.254,0.9834070029422683,0.01659299705773165,0.6118150996127776,1.9383996531354022,3
4,0.255,0.9832777829359494,0.016722217064050637,0.6118150996127776,1.9383996531354022,3
4,0.256,0.9831480816291238,0.016851918370876184,0.6118150996127776,1.9383996531354022,3
4,0.257,0.9830178993284922,0.01698210067150785,0.6118150996127776,1.9383996531354022,3
4,0.258,0.982887236341909,0.017112763658091,0.6118150996127776,1.9383996531354022,3
4,0.259,0.9827560929783133,0.017243907021686655,0.6118150996127776,1.9383996531354022,3
4,0.26,0.9826244695477608,0.017375530452239163,0.6118150996127776,1.9383996531354022,3
4,0.261,0.9824923663614419,0.017507633638558118,0.6118150996127776,1.9383996531354022,3
4,0.262,0.9823597837316443,0.017640216268355657,0.6118150996127776,1.9383996531354022,3
4,0.263,0.9822267219717598,0.017773278028240247,0.6118150996127776,1.9383996531354022,3
4,0.264,0.9820931813963054,0.017906818603694585,0.6118150996127776,1.9383996531354022,3
4,0.265,0.9819591623208993,0.018040837679100696,0.6118150996127776,1.9383996531354022,3
4,0.266,0.981824665062265,0.018175334937735044,0.6118150996127776,1.9383996531354022,3
4,0.267,0.9816896899382402,0.01831031006175976,0.6118150996127776,1.9383996531354022,3
4,0.268,0.9815542372677639,0.018445762732236082,0.6118150996127776,1.9383996531354022,3
4,0.269,0.981418307370887,0.018581692629113022,0.6118150996127776,1.9383996531354022,3
4,0.27,0.9812819005687455,0.018718099431254465,0.6118150996127776,1.9383996531354022,3
4,0.271,0.9811450171836069,0.018854982816393084,0.6118150996127776,1.9383996531354022,3
4,0.272,0.9810076575388184,0.018992342461181644,0.6118150996127776,1.9383996531354022,3
4,0.273,0.9808698219588371,0.019130178041162904,0.6118150996127776,1.9383996531354022,3
4,0.274,0.98073151076922,0.01926848923077995,0.6118150996127776,1.9383996531354022,3
4,0.275,0.9805927242966214,0.019407275703378635,0.6118150996127776,1.9383996531354022,3
4,0.276,0.9804534628687915,0.019546537131208463,0.6118150996127776,1.9383996531354022,3
4,0.277,0.9803137268145831,0.019686273185416936,0.6118150996127776,1.9383996531354022,3
4,0.278,0.9801735164639415,0.019826483536058537,0.6118150996127776,1.9383996531354022,3
4,0.279,0.9800328321479034,0.019967167852096623,0.6118150996127776,1.9383996531354022,3
4,0.28,0.9798916741986047,0.02010832580139532,0.6118150996127776,1.9383996531354022,3
4,0.281,0.9797500429492739,0.020249957050726075,0.6118150996127776,1.9383996531354022,3
4,0.282,0.9796079387342307,0.020392061265769312,0.6118150996127776,1.9383996531354022,3
4,0.283,0.979465361888872,0.02053463811112799,0.6118150996127776,1.9383996531354022,3
4,0.284,0.979322312749718,0.020677687250281962,0.6118150996127776,1.9383996531354022,3
4,0.285,0.9791787916543255,0.02082120834567447,0.6118150996127776,1.9383996531354022,3
4,0.286,0.9790347989413936,0.020965201058606442,0.6118150996127776,1.9383996531354022,3
4,0.287,0.9788903349506781,0.02110966504932188,0.6118150996127776,1.9383996531354022,3
4,0.288,0.9787454000230151,0.021254599976984867,0.6118150996127776,1.9383996531354022,3
4,0.289,0.9785999945003423,0.021400005499657704,0.6118150996127776,1.9383996531354022,3
4,0.29,0.9784541187256738,0.021545881274326217,0.6118150996127776,1.9383996531354022,3
4,0.291,0.9783077730430966,0.021692226956903427,0.6118150996127776,1.9383996531354022,3
4,0.292,0.9781609577977939,0.021839042202206116,0.6118150996127776,1.9383996531354022,3
4,0.293,0.97801367333602,0.021986326663980038,0.6118150996127776,1.9383996531354022,3
4,0.294,0.9778659200051066,0.022134079994893363,0.6118150996127776,1.9383996531354022,3
4,0.295,0.9777176981534677,0.02228230184653235,0.6118150996127776,1.9383996531354022,3
4,0.296,0.9775690081305909,0.02243099186940911,0.6118150996127776,1.9383996531354022,3
4,0.297,0.9774198502870416,0.02258014971295841,0.6118150996127776,1.9383996531354022,3
4,0.298,0.9772702249744546,0.022729775025545407,0.6118150996127776,1.9383996531354022,3
4,0.299,0.977120132545545,0.022879867454455027,0.6118150996127776,1.9383996531354022,3
4,0.3,0.9769695733540911,0.02303042664590893,0.6118150996127776,1.9383996531354022,3
4,0.301,0.9768185477549519,0.023181452245048084,0.6118150996127776,1.9383996531354022,3
4,0.302,0.9766670561040526,0.023332943895947422,0.6118150996127776,1.9383996531354022,3
4,0.303,0.9765150987583786,0.023484901241621392,0.6118150996127776,1.9383996531354022,3
4,0.304,0.9763626760759956,0.023637323924004416,0.6118150996127776,1.9383996531354022,3
4,0.305,0.9762097884160325,0.023790211583967547,0.6118150996127776,1.9383996531354022,3
4,0.306,0.9760564361386725,0.023943563861327455,0.6118150996127776,1.9383996531354022,3
4,0.307,0.9759026196051808,0.024097380394819234,0.6118150996127776,1.9383996531354022,3
4,0.308,0.9757483391778718,0.02425166082212815,0.6118150996127776,1.9383996531354022,3
4,0.309,0.9755935952201277,0.024406404779872326,0.6118150996127776,1.9383996531354022,3
4,0.31,0.975438388096391,0.02456161190360895,0.6118150996127776,1.9383996531354022,3
4,0.311,0.975282718172161,0.024717281827839055,0.6118150996127776,1.9383996531354022,3
4,0.312,0.975126585813998,0.024873414186001974,0.6118150996127776,1.9383996531354022,3
4,0.313,0.9749699913895213,0.02503000861047866,0.6118150996127776,1.9383996531354022,3
4,0.314,0.9748129352673982,0.025187064732601794,0.6118150996127776,1.9383996531354022,3
4,0.315,0.9746554178173614,0.025344582182638575,0.6118150996127776,1.9383996531354022,3
4,0.316,0.9744974394101888,0.025502560589811152,0.6118150996127776,1.9383996531354022,3
4,0.317,0.9743390004177174,0.02566099958228263,0.6118150996127776,1.9383996531354022,3
4,0.318,0.974180101212831,0.02581989878716895,0.6118150996127776,1.9383996531354022,3
4,0.319,0.9740207421694682,0.025979257830531788,0.6118150996127776,1.9383996531354022,3
4,0.32,0.973860923662607,0.026139076337392986,0.6118150996127776,1.9383996531354022,3
4,0.321,0.9737006460682844,0.026299353931715563,0.6118150996127776,1.9383996531354022,3
4,0.322,0.9735399097635806,0.026460090236419376,0.6118150996127776,1.9383996531354022,3
4,0.323,0.9733787151266151,0.026621284873384887,0.6118150996127776,1.9383996531354022,3
4,0.324,0.973217062536562,0.02678293746343796,0.6118150996127776,1.9383996531354022,3
4,0.325,0.9730549523736283,0.026945047626371732,0.6118150996127776,1.9383996531354022,3
4,0.326,0.9728923850190713,0.02710761498092873,0.6118150996127776,1.9383996531354022,3
4,0.327,0.9727293608551835,0.027270639144816533,0.6118150996127776,1.9383996531354022,3
4,0.328,0.9725658802652988,0.027434119734701223,0.6118150996127776,1.9383996531354022,3
4,0.329,0.9724019436337865,0.027598056366213486,0.6118150996127776,1.9383996531354022,3
4,0.33,0.9722375513460593,0.02776244865394073,0.6118150996127776,1.9383996531354022,3
4,0.331,0.9720727037885586,0.02792729621144141,0.6118150996127776,1.9383996531354022,3
4,0.332,0.9719074013487676,0.02809259865123237,0.6118150996127776,1.9383996531354022,3
4,0.333,0.9717416444151918,0.02825835558480816,0.6118150996127776,1.9383996531354022,3
4,0.334,0.9715754333773827,0.028424566622617276,0.6118150996127776,1.9383996531354022,3
4,0.335,0.9714087686259094,0.028591231374090587,0.6118150996127776,1.9383996531354022,3
4,0.336,0.9712416505523798,0.028758349447620235,0.6118150996127776,1.9383996531354022,3
4,0.337,0.9710740795494284,0.02892592045057163,0.6118150996127776,1.9383996531354022,3
4,0.338,0.9709060560107127,0.02909394398928733,0.6118150996127776,1.9383996531354022,3
4,0.339,0.9707375803309216,0.029262419669078388,0.6118150996127776,1.9383996531354022,3
4,0.34,0.9705686529057641,0.029431347094235893,0.6118150996127776,1.9383996531354022,3
4,0.341,0.9703992741319761,0.02960072586802387,0.6118150996127776,1.9383996531354022,3
4,0.342,0.9702294444073167,0.029770555592683268,0.6118150996127776,1.9383996531354022,3
4,0.343,0.9700591641305514,0.029940835869448623,0.6118150996127776,1.9383996531354022,3
4,0.344,0.9698884337014902,0.03011156629850975,0.6118150996127776,1.9383996531354022,3
4,0.345,0.9697172535209397,0.030282746479060263,0.6118150996127776,1.9383996531354022,3
4,0.346,0.9695456239907384,0.030454376009261597,0.6118150996127776,1.9383996531354022,3
4,0.347,0.9693735455137307,0.030626454486269328,0.6118150996127776,1.9383996531354022,3
4,0.348,0.9692010184937787,0.03079898150622129,0.6118150996127776,1.9383996531354022,3
4,0.349,0.9690280433357606,0.030971956664239353,0.6118150996127776,1.9383996531354022,3
4,0.35,0.9688546204455634,0.031145379554436636,0.6118150996127776,1.9383996531354022,3
4,0.351,0.9686807502300828,0.03131924976991718,0.6118150996127776,1.9383996531354022,3
4,0.352,0.96850643309723,0.031493566902770054,0.6118150996127776,1.9383996531354022,3
4,0.353,0.9683316694559194,0.03166833054408058,0.6118150996127776,1.9383996531354022,3
4,0.354,0.9681564597160753,0.031843540283924665,0.6118150996127776,1.9383996531354022,3
4,0.355,0.9679808042886205,0.032019195711379456,0.6118150996127776,1.9383996531354022,3
4,0.356,0.9678047035854968,0.03219529641450325,0.6118150996127776,1.9383996531354022,3
4,0.357,0.9676281580196268,0.03237184198037324,0.6118150996127776,1.9383996531354022,3
4,0.358,0.9674511680049583,0.03254883199504166,0.6118150996127776,1.9383996531354022,3
4,0.359,0.9672737339564293,0.03272626604357065,0.6118150996127776,1.9383996531354022,3
4,0.36,0.967095856289962,0.032904143710038025,0.6118150996127776,1.9383996531354022,3
4,0.361,0.9669175354225026,0.03308246457749742,0.6118150996127776,1.9383996531354022,3
4,0.362,0.9667387717719799,0.033261228228020134,0.6118150996127776,1.9383996531354022,3
4,0.363,0.9665595657573142,0.033440434242685835,0.6118150996127776,1.9383996531354022,3
4,0.364,0.9663799177984318,0.0336200822015682,0.6118150996127776,1.9383996531354022,3
4,0.365,0.966199828316232,0.03380017168376803,0.6118150996127776,1.9383996531354022,3
4,0.366,0.9660192977326257,0.03398070226737426,0.6118150996127776,1.9383996531354022,3
4,0.367,0.9658383264705044,0.03416167352949562,0.6118150996127776,1.9383996531354022,3
4,0.368,0.9656569149537458,0.03434308504625416,0.6118150996127776,1.9383996531354022,3
4,0.369,0.9654750636072177,0.03452493639278231,0.6118150996127776,1.9383996531354022,3
4,0.37,0.9652927728567746,0.03470722714322538,0.6118150996127776,1.9383996531354022,3
4,0.371,0.9651100431292493,0.034889956870750694,0.6118150996127776,1.9383996531354022,3
4,0.372,0.9649268748524664,0.03507312514753358,0.6118150996127776,1.9383996531354022,3
4,0.373,0.9647432684552246,0.03525673154477538,0.6118150996127776,1.9383996531354022,3
4,0.374,0.9645592243673078,0.03544077563269221,0.6118150996127776,1.9383996531354022,3
4,0.375,0.9643747430194733,0.035625256980526654,0.6118150996127776,1.9383996531354022,3
4,0.376,0.9641898248434668,0.035810175156533175,0.6118150996127776,1.9383996531354022,3
4,0.377,0.9640044702719912,0.03599552972800879,0.6118150996127776,1.9383996531354022,3
4,0.378,0.9638186797387451,0.03618132026125487,0.6118150996127776,1.9383996531354022,3
4,0.379,0.9636324536783885,0.036367546321611544,0.6118150996127776,1.9383996531354022,3
4,0.38,0.9634457925265568,0.03655420747344318,0.6118150996127776,1.9383996531354022,3
4,0.381,0.9632586967198538,0.03674130328014624,0.6118150996127776,1.9383996531354022,3
4,0.382,0.9630711666958544,0.03692883330414565,0.6118150996127776,1.9383996531354022,3
4,0.383,0.962883202893101,0.03711679710689897,0.6118150996127776,1.9383996531354022,3
4,0.384,0.9626948057511056,0.03730519424889445,0.6118150996127776,1.9383996531354022,3
4,0.385,0.9625059757103362,0.03749402428966375,0.6118150996127776,1.9383996531354022,3
4,0.386,0.9623167132122361,0.03768328678776389,0.6118150996127776,1.9383996531354022,3
4,0.387,0.9621270186992069,0.037872981300793085,0.6118150996127776,1.9383996531354022,3
4,0.388,0.9619368926145997,0.03806310738540031,0.6118150996127776,1.9383996531354022,3
4,0.389,0.9617463354027452,0.038253664597254766,0.6118150996127776,1.9383996531354022,3
4,0.39,0.9615553475089176,0.03844465249108242,0.6118150996127776,1.9383996531354022,3
4,0.391,0.961363929379355,0.038636070620645,0.6118150996127776,1.9383996531354022,3
4,0.392,0.9611720814612462,0.03882791853875378,0.6118150996127776,1.9383996531354022,3
4,0.393,0.9609798042027343,0.03902019579726568,0.6118150996127776,1.9383996531354022,3
4,0.394,0.9607870980529188,0.03921290194708116,0.6118150996127776,1.9383996531354022,3
4,0.395,0.960593963461848,0.039406036538152,0.6118150996127776,1.9383996531354022,3
4,0.396,0.9604004008805175,0.03959959911948252,0.6118150996127776,1.9383996531354022,3
4,0.397,0.9602064107608749,0.03979358923912513,0.6118150996127776,1.9383996531354022,3
4,0.398,0.9600119935558132,0.03998800644418676,0.6118150996127776,1.9383996531354022,3
4,0.399,0.9598171497191682,0.040182850280831794,0.6118150996127776,1.9383996531354022,3
4,0.4,0.9596218797057218,0.04037812029427823,0.6118150996127776,1.9383996531354022,3
4,0.401,0.9594261839712012,0.04057381602879884,0.6118150996127776,1.9383996531354022,3
4,0.402,0.9592300629722688,0.04076993702773124,0.6118150996127776,1.9383996531354022,3
4,0.403,0.9590335171665308,0.04096648283346915,0.6118150996127776,1.9383996531354022,3
4,0.404,0.9588365470125292,0.04116345298747082,0.6118150996127776,1.9383996531354022,3
4,0.405,0.9586391529697449,0.04136084703025511,0.6118150996127776,1.9383996531354022,3
4,0.406,0.9584413354985919,0.041558664501408105,0.6118150996127776,1.9383996531354022,3
4,0.407,0.9582430950604178,0.04175690493958217,0.6118150996127776,1.9383996531354022,3
4,0.408,0.9580444321175047,0.041955567882495326,0.6118150996127776,1.9383996531354022,3
4,0.409,0.9578453471330649,0.042154652866935094,0.6118150996127776,1.9383996531354022,3
4,0.41,0.9576458405712392,0.04235415942876075,0.6118150996127776,1.9383996531354022,3
4,0.411,0.9574459128970937,0.04255408710290631,0.6118150996127776,1.9383996531354022,3
4,0.412,0.9572455645766272,0.04275443542337276,0.6118150996127776,1.9383996531354022,3
4,0.413,0.9570447960767589,0.04295520392324115,0.6118150996127776,1.9383996531354022,3
4,0.414,0.9568436078653316,0.043156392134668375,0.6118150996127776,1.9383996531354022,3
4,0.415,0.956642000411113,0.043357999588886975,0.6118150996127776,1.9383996531354022,3
4,0.416,0.956439974183787,0.04356002581621299,0.6118150996127776,1.9383996531354022,3
4,0.417,0.9562375296539617,0.04376247034603831,0.6118150996127776,1.9383996531354022,3
4,0.418,0.9560346672931557,0.04396533270684433,0.6118150996127776,1.9383996531354022,3
4,0.419,0.9558313875738133,0.04416861242618675,0.6118150996127776,1.9383996531354022,3
4,0.42,0.9556276909692819,0.04437230903071809,0.6118150996127776,1.9383996531354022,3
4,0.421,0.9554235779538324,0.04457642204616763,0.6118150996127776,1.9383996531354022,3
4,0.422,0.9552190490026418,0.04478095099735824,0.6118150996127776,1.9383996531354022,3
4,0.423,0.9550141045917971,0.04498589540820286,0.6118150996127776,1.9383996531354022,3
4,0.424,0.9548087451982948,0.04519125480170516,0.6118150996127776,1.9383996531354022,3
4,0.425,0.9546029713000402,0.04539702869995976,0.6118150996127776,1.9383996531354022,3
4,0.426,0.9543967833758411,0.04560321662415889,0.6118150996127776,1.9383996531354022,3
4,0.427,0.9541901819054106,0.045809818094589394,0.6118150996127776,1.9383996531354022,3
4,0.428,0.9539831673693637,0.04601683263063627,0.6118150996127776,1.9383996531354022,3
4,0.429,0.9537757402492184,0.04622425975078159,0.6118150996127776,1.9383996531354022,3
4,0.43,0.9535679010273895,0.04643209897261047,0.6118150996127776,1.9383996531354022,3
4,0.431,0.9533596501871915,0.04664034981280851,0.6118150996127776,1.9383996531354022,3
4,0.432,0.9531509882128345,0.046849011787165495,0.6118150996127776,1.9383996531354022,3
4,0.433,0.9529419155894243,0.047058084410575685,0.6118150996127776,1.9383996531354022,3
4,0.434,0.9527324328029567,0.04726756719704328,0.6118150996127776,1.9383996531354022,3
4,0.435,0.9525225403403252,0.04747745965967476,0.6118150996127776,1.9383996531354022,3
4,0.436,0.9523122386893088,0.04768776131069119,0.6118150996127776,1.9383996531354022,3
4,0.437,0.9521015283385811,0.04789847166141892,0.6118150996127776,1.9383996531354022,3
4,0.438,0.9518904097776856,0.048109590222314425,0.6118150996127776,1.9383996531354022,3
4,0.439,0.951678883497077,0.048321116502923034,0.6118150996127776,1.9383996531354022,3
4,0.44,0.9514669499880762,0.04853305001192376,0.6118150996127776,1.9383996531354022,3
4,0.441,0.9512546097428926,0.048745390257107446,0.6118150996127776,1.9383996531354022,3
4,0.442,0.9510418632546151,0.04895813674538485,0.6118150996127776,1.9383996531354022,3
4,0.443,0.9508287110172134,0.049171288982786554,0.6118150996127776,1.9383996531354022,3
4,0.444,0.9506151535255337,0.04938484647446628,0.6118150996127776,1.9383996531354022,3
4,0.445,0.9504011912752972,0.04959880872470279,0.6118150996127776,1.9383996531354022,3
4,0.446,0.9501868247631037,0.04981317523689632,0.6118150996127776,1.9383996531354022,3
4,0.447,0.9499720544864249,0.050027945513575145,0.6118150996127776,1.9383996531354022,3
4,0.448,0.949756880943596,0.050243119056403995,0.6118150996127776,1.9383996531354022,3
4,0.449,0.9495413046338373,0.050458695366162654,0.6118150996127776,1.9383996531354022,3
4,0.45,0.9493253260572245,0.05067467394277547,0.6118150996127776,1.9383996531354022,3
4,0.451,0.9491089457147083,0.050891054285291726,0.6118150996127776,1.9383996531354022,3
4,0.452,0.9488921641080981,0.05110783589190193,0.6118150996127776,1.9383996531354022,3
4,0.453,0.9486749817400727,0.0513250182599273,0.6118150996127776,1.9383996531354022,3
4,0.454,0.9484573991141684,0.051542600885831624,0.6118150996127776,1.9383996531354022,3
4,0.455,0.9482394167347856,0.05176058326521438,0.6118150996127776,1.9383996531354022,3
4,0.456,0.948021035107177,0.051978964892823054,0.6118150996127776,1.9383996531354022,3
4,0.457,0.9478022547374635,0.05219774526253651,0.6118150996127776,1.9383996531354022,3
4,0.458,0.9475830761326124,0.05241692386738761,0.6118150996127776,1.9383996531354022,3
4,0.459,0.9473634998004498,0.05263650019955024,0.6118150996127776,1.9383996531354022,3
4,0.46,0.9471435262496511,0.052856473750348854,0.6118150996127776,1.9383996531354022,3
4,0.461,0.9469231559897447,0.05307684401025525,0.6118150996127776,1.9383996531354022,3
4,0.462,0.946702389531107,0.05329761046889303,0.6118150996127776,1.9383996531354022,3
4,0.463,0.946481227384963,0.053518772615037014,0.6118150996127776,1.9383996531354022,3
4,0.464,0.9462596700633832,0.053740329936616815,0.6118150996127776,1.9383996531354022,3
4,0.465,0.9460377180792832,0.05396228192071684,0.6118150996127776,1.9383996531354022,3
4,0.466,0.9458153719464195,0.054184628053580486,0.6118150996127776,1.9383996531354022,3
4,0.467,0.9455926321793915,0.05440736782060851,0.6118150996127776,1.9383996531354022,3
4,0.468,0.9453694992936381,0.054630500706361884,0.6118150996127776,1.9383996531354022,3
4,0.469,0.9451459738054355,0.054854026194564476,0.6118150996127776,1.9383996531354022,3
4,0.47,0.944922056231893,0.05507794376810704,0.6118150996127776,1.9383996531354022,3
4,0.471,0.9446977470909617,0.05530225290903834,0.6118150996127776,1.9383996531354022,3
4,0.472,0.9444730469014194,0.05552695309858058,0.6118150996127776,1.9383996531354022,3
4,0.473,0.9442479561828785,0.05575204381712151,0.6118150996127776,1.9383996531354022,3
4,0.474,0.9440224754557797,0.055977524544220336,0.6118150996127776,1.9383996531354022,3
4,0.475,0.9437966052413914,0.05620339475860858,0.6118150996127776,1.9383996531354022,3
4,0.476,0.9435703460618095,0.05642965393819055,0.6118150996127776,1.9383996531354022,3
4,0.477,0.9433436984399542,0.05665630156004575,0.6118150996127776,1.9383996531354022,3
4,0.478,0.943116662899568,0.05688333710043203,0.6118150996127776,1.9383996531354022,3
4,0.479,0.9428892399652166,0.05711076003478344,0.6118150996127776,1.9383996531354022,3
4,0.48,0.9426614301622843,0.05733856983771568,0.6118150996127776,1.9383996531354022,3
4,0.481,0.9424332340169718,0.057566765983028234,0.6118150996127776,1.9383996531354022,3
4,0.482,0.9422046520562998,0.057795347943700226,0.6118150996127776,1.9383996531354022,3
4,0.483,0.9419756848081019,0.0580243151918981,0.6118150996127776,1.9383996531354022,3
4,0.484,0.9417463328010253,0.058253667198974735,0.6118150996127776,1.9383996531354022,3
4,0.485,0.9415165965645266,0.058483403435473424,0.6118150996127776,1.9383996531354022,3
4,0.486,0.9412864766288749,0.05871352337112512,0.6118150996127776,1.9383996531354022,3
4,0.487,0.9410559735251461,0.05894402647485386,0.6118150996127776,1.9383996531354022,3
4,0.488,0.9408250877852229,0.05917491221477711,0.6118150996127776,1.9383996531354022,3
4,0.489,0.9405938199417926,0.059406180058207414,0.6118150996127776,1.9383996531354022,3
4,0.49,0.940362170528345,0.05963782947165497,0.6118150996127776,1.9383996531354022,3
4,0.491,0.9401301400791718,0.05986985992082816,0.6118150996127776,1.9383996531354022,3
4,0.492,0.9398977291293642,0.0601022708706358,0.6118150996127776,1.9383996531354022,3
4,0.493,0.9396649382148119,0.060335061785188104,0.6118150996127776,1.9383996531354022,3
4,0.494,0.9394317678721996,0.06056823212780038,0.6118150996127776,1.9383996531354022,3
4,0.495,0.9391982186390082,0.06080178136099179,0.6118150996127776,1.9383996531354022,3
4,0.496,0.9389642910535111,0.06103570894648891,0.6118150996127776,1.9383996531354022,3
4,0.497,0.9387299856547698,0.06127001434523016,0.6118150996127776,1.9383996531354022,3
4,0.498,0.9384953029826394,0.06150469701736061,0.6118150996127776,1.9383996531354022,3
4,0.499,0.9382602435777629,0.06173975642223706,0.6118150996127776,1.9383996531354022,3
4,0.5,0.9380248079815655,0.06197519201843449,0.6118150996127776,1.9383996531354022,3
5,0.001,0.9999997162334263,2.8376657368323066e-07,0.6447170269094037,1.8630145317339337,3
5,0.002,0.99999886493436,1.135065640034405e-06,0.6447170269094037,1.8630145317339337,3
5,0.003,0.999997446104765,2.5538952349579702e-06,0.6447170269094037,1.8630145317339337,3
5,0.004,0.9999954574207333,4.542579266741953e-06,0.6447170269094037,1.8630145317339337,3
5,0.005,0.9999929022240582,7.0977759417667485e-06,0.6447170269094037,1.8630145317339337,3
5,0.006,0.9999897792261614,1.0220773838609531e-05,0.6447170269094037,1.8630145317339337,3
5,0.007,0.9999860884228563,1.3911577143699283e-05,0.6447170269094037,1.8630145317339337,3
5,0.008,0.999981829829097,1.8170170902997995e-05,0.6447170269094037,1.8630145317339337,3
5,0.009,0.9999770034527541,2.2996547245912602e-05,0.6447170269094037,1.8630145317339337,3
5,0.01,0.9999716093046281,2.8390695371860453e-05,0.6447170269094037,1.8630145317339337,3
5,0.011,0.9999656473976245,3.435260237549809e-05,0.6447170269094037,1.8630145317339337,3
5,0.012,0.9999591177456726,4.0882254327412326e-05,0.6447170269094037,1.8630145317339337,3
5,0.013,0.9999520203629331,4.7979637066930536e-05,0.6447170269094037,1.8630145317339337,3
5,0.014,0.999944355265662,5.5644734337945145e-05,0.6447170269094037,1.8630145317339337,3
5,0.015,0.9999361224730557,6.387752694425597e-05,0.6447170269094037,1.8630145317339337,3
5,0.016,0.9999273220028263,7.267799717369794e-05,0.6447170269094037,1.8630145317339337,3
5,0.017,0.9999179538764497,8.204612355033891e-05,0.6447170269094037,1.8630145317339337,3
5,0.018,0.9999080181140623,9.198188593773082e-05,0.6447170269094037,1.8630145317339337,3
5,0.019,0.9998975147399286,0.00010248526007139436,0.6447170269094037,1.8630145317339337,3
5,0.02,0.9998864437778869,0.00011355622211306482,0.6447170269094037,1.8630145317339337,3
5,0.021,0.9998748052532979,0.0001251947467021397,0.6447170269094037,1.8630145317339337,3
5,0.022,0.9998625991934337,0.00013740080656632347,0.6447170269094037,1.8630145317339337,3
5,0.023,0.9998498256260583,0.00015017437394171385,0.6447170269094037,1.8630145317339337,3
5,0.024,0.9998364845810271,0.00016351541897285937,0.6447170269094037,1.8630145317339337,3
5,0.025,0.9998225760892937,0.00017742391070629804,0.6447170269094037,1.8630145317339337,3
5,0.026,0.9998081001822557,0.00019189981774425657,0.6447170269094037,1.8630145317339337,3
5,0.027,0.999793056894133,0.00020694310586699682,0.6447170269094037,1.8630145317339337,3
5,0.028,0.9997774462593002,0.0002225537406997935,0.6447170269094037,1.8630145317339337,3
5,0.029,0.9997612683139634,0.00023873168603660844,0.6447170269094037,1.8630145317339337,3
5,0.03,0.999744523095477,0.00025547690452298877,0.6447170269094037,1.8630145317339337,3
5,0.031,0.999727210642451,0.00027278935754904143,0.6447170269094037,1.8630145317339337,3
5,0.032,0.9997093309949666,0.0002906690050333838,0.6447170269094037,1.8630145317339337,3
5,0.033,0.9996908841943597,0.00030911580564030317,0.6447170269094037,1.8630145317339337,3
5,0.034,0.9996718702834043,0.000328129716595682,0.6447170269094037,1.8630145317339337,3
5,0.035,0.9996522893050458,0.00034771069495420637,0.6447170269094037,1.8630145317339337,3
5,0.036,0.9996321413058075,0.0003678586941925355,0.6447170269094037,1.8630145317339337,3
5,0.037,0.9996114263315834,0.000388573668416603,0.6447170269094037,1.8630145317339337,3
5,0.038,0.9995901444303812,0.0004098555696188111,0.6447170269094037,1.8630145317339337,3
5,0.039,0.9995682956512877,0.000431704348712314,0.6447170269094037,1.8630145317339337,3
5,0.04,0.9995458800453014,0.000454119954698573,0.6447170269094037,1.8630145317339337,3
5,0.041,0.9995228976629679,0.00047710233703213145,0.6447170269094037,1.8630145317339337,3
5,0.042,0.9994993485583844,0.000500651441615596,0.6447170269094037,1.8630145317339337,3
5,0.043,0.9994752327857807,0.000524767214219346,0.6447170269094037,1.8630145317339337,3
5,0.044,0.9994505504008644,0.0005494495991356096,0.6447170269094037,1.8630145317339337,3
5,0.045,0.9994253014606402,0.0005746985393597637,0.6447170269094037,1.8630145317339337,3
5,0.046,0.9993994860230885,0.0006005139769115209,0.6447170269094037,1.8630145317339337,3
5,0.047,0.9993731041482994,0.0006268958517006151,0.6447170269094037,1.8630145317339337,3
5,0.048,0.9993461558971406,0.0006538441028594022,0.6447170269094037,1.8630145317339337,3
5,0.049,0.9993186413315934,0.0006813586684065731,0.6447170269094037,1.8630145317339337,3
5,0.05,0.9992905605155048,0.0007094394844952001,0.6447170269094037,1.8630145317339337,3
5,0.051,0.9992619135136191,0.0007380864863808512,0.6447170269094037,1.8630145317339337,3
5,0.052,0.9992327003920836,0.0007672996079164385,0.6447170269094037,1.8630145317339337,3
5,0.053,0.9992029212184953,0.0007970787815047009,0.6447170269094037,1.8630145317339337,3
5,0.054,0.9991725760614639,0.000827423938536076,0.6447170269094037,1.8630145317339337,3
5,0.055,0.9991416649912359,0.0008583350087640884,0.6447170269094037,1.8630145317339337,3
5,0.056,0.9991101880791624,0.000889811920837591,0.6447170269094037,1.8630145317339337,3
5,0.057,0.9990781453979349,0.0009218546020650642,0.6447170269094037,1.8630145317339337,3
5,0.058,0.9990455370215977,0.0009544629784022929,0.6447170269094037,1.8630145317339337,3
5,0.059,0.9990123630254388,0.000987636974561168,0.6447170269094037,1.8630145317339337,3
5,0.06,0.9989786234861558,0.0010213765138441522,0.6447170269094037,1.8630145317339337,3
5,0.061,0.9989443184815231,0.001055681518476903,0.6447170269094037,1.8630145317339337,3
5,0.062,0.9989094480909168,0.0010905519090832483,0.6447170269094037,1.8630145317339337,3
5,0.063,0.9988740123948526,0.0011259876051473716,0.6447170269094037,1.8630145317339337,3
5,0.064,0.9988380114751811,0.0011619885248188577,0.6447170269094037,1.8630145317339337,3
5,0.065,0.9988014454149964,0.0011985545850036194,0.6447170269094037,1.8630145317339337,3
5,0.066,0.9987643142988061,0.0012356857011939226,0.6447170269094037,1.8630145317339337,3
5,0.067,0.9987266182123552,0.0012733817876448006,0.6447170269094037,1.8630145317339337,3
5,0.068,0.9986883572426934,0.0013116427573065526,0.6447170269094037,1.8630145317339337,3
5,0.069,0.99864953147822,0.0013504685217800017,0.6447170269094037,1.8630145317339337,3
5,0.07,0.9986101410086544,0.0013898589913455828,0.6447170269094037,1.8630145317339337,3
5,0.071,0.9985701859248188,0.0014298140751811683,0.6447170269094037,1.8630145317339337,3
5,0.072,0.9985296663190768,0.001470333680923197,0.6447170269094037,1.8630145317339337,3
5,0.073,0.9984885822850272,0.0015114177149727626,0.6447170269094037,1.8630145317339337,3
5,0.074,0.9984469339175448,0.0015530660824552012,0.6447170269094037,1.8630145317339337,3
5,0.075,0.9984047213128084,0.0015952786871915592,0.6447170269094037,1.8630145317339337,3
5,0.076,0.9983619445682995,0.0016380554317004803,0.6447170269094037,1.8630145317339337,3
5,0.077,0.9983186037828126,0.0016813962171874364,0.6447170269094037,1.8630145317339337,3
5,0.078,0.9982746990564499,0.0017253009435500566,0.6447170269094037,1.8630145317339337,3
5,0.079,0.998230230490602,0.0017697695093980004,0.6447170269094037,1.8630145317339337,3
5,0.08,0.9981851981878612,0.0018148018121387777,0.6447170269094037,1.8630145317339337,3
5,0.081,0.9981396022523716,0.0018603977476283617,0.6447170269094037,1.8630145317339337,3
5,0.082,0.9980934427893233,0.0019065572106766737,0.6447170269094037,1.8630145317339337,3
5,0.083,0.9980467199053753,0.0019532800946246986,0.6447170269094037,1.8630145317339337,3
5,0.084,0.9979994337083766,0.0020005662916233735,0.6447170269094037,1.8630145317339337,3
5,0.085,0.9979515843075231,0.0020484156924769348,0.6447170269094037,1.8630145317339337,3
5,0.086,0.9979031718133182,0.002096828186681776,0.6447170269094037,1.8630145317339337,3
5,0.087,0.997854196337552,0.002145803662447987,0.6447170269094037,1.8630145317339337,3
5,0.088,0.9978046579933111,0.002195342006688916,0.6447170269094037,1.8630145317339337,3
5,0.089,0.9977545568949738,0.002245443105026168,0.6447170269094037,1.8630145317339337,3
5,0.09,0.9977038931582354,0.0022961068417646224,0.6447170269094037,1.8630145317339337,3
5,0.091,0.9976526669000646,0.0023473330999354003,0.6447170269094037,1.8630145317339337,3
5,0.092,0.99760087823874,0.0023991217612600035,0.6447170269094037,1.8630145317339337,3
5,0.093,0.9975485272938596,0.002451472706140434,0.6447170269094037,1.8630145317339337,3
5,0.094,0.9974956141862651,0.0025043858137349106,0.6447170269094037,1.8630145317339337,3
5,0.095,0.9974421390381466,0.0025578609618533976,0.6447170269094037,1.8630145317339337,3
5,0.096,0.9973881019729792,0.002611898027020776,0.6447170269094037,1.8630145317339337,3
5,0.097,0.9973335031155033,0.0026664968844967163,0.6447170269094037,1.8630145317339337,3
5,0.098,0.9972783425917358,0.002721657408264244,0.6447170269094037,1.8630145317339337,3
5,0.099,0.9972226205290852,0.0027773794709148314,0.6447170269094037,1.8630145317339337,3
5,0.1,0.9971663370561814,0.0028336629438185934,0.6447170269094037,1.8630145317339337,3
5,0.101,0.9971094923029581,0.002890507697041911,0.6447170269094037,1.8630145317339337,3
5,0.102,0.9970520864006487,0.002947913599351315,0.6447170269094037,1.8630145317339337,3
5,0.103,0.996994119481789,0.003005880518211046,0.6447170269094037,1.8630145317339337,3
5,0.104,0.9969355916801643,0.0030644083198356764,0.6447170269094037,1.8630145317339337,3
5,0.105,0.9968765031309191,0.003123496869080866,0.6447170269094037,1.8630145317339337,3
5,0.106,0.9968168539704508,0.0031831460295491665,0.6447170269094037,1.8630145317339337,3
5,0.107,0.9967566443364316,0.0032433556635683702,0.6447170269094037,1.8630145317339337,3
5,0.108,0.9966958743678742,0.0033041256321257872,0.6447170269094037,1.8630145317339337,3
5,0.109,0.9966345442050505,0.0033654557949495123,0.6447170269094037,1.8630145317339337,3
5,0.11,0.9965726539895252,0.0034273460104747855,0.6447170269094037,1.8630145317339337,3
5,0.111,0.9965102038641586,0.0034897961358414387,0.6447170269094037,1.8630145317339337,3
5,0.112,0.9964471939730992,0.003552806026900779,0.6447170269094037,1.8630145317339337,3
5,0.113,0.9963836244617876,0.0036163755382123686,0.6447170269094037,1.8630145317339337,3
5,0.114,0.9963194954769502,0.003680504523049799,0.6447170269094037,1.8630145317339337,3
5,0.115,0.9962548071665961,0.0037451928334039097,0.6447170269094037,1.8630145317339337,3
5,0.116,0.9961895596800421,0.0038104403199579195,0.6447170269094037,1.8630145317339337,3
5,0.117,0.9961237531678844,0.0038762468321156263,0.6447170269094037,1.8630145317339337,3
5,0.118,0.9960573877819772,0.003942612218022834,0.6447170269094037,1.8630145317339337,3
5,0.119,0.9959904636755045,0.004009536324495522,0.6447170269094037,1.8630145317339337,3
5,0.12,0.9959229810029263,0.004077018997073689,0.6447170269094037,1.8630145317339337,3
5,0.121,0.9958549399199792,0.0041450600800208015,0.6447170269094037,1.8630145317339337,3
5,0.122,0.9957863405836859,0.0042136594163141305,0.6447170269094037,1.8630145317339337,3
5,0.123,0.9957171831523467,0.0042828168476533035,0.6447170269094037,1.8630145317339337,3
5,0.124,0.9956474677855793,0.004352532214420668,0.6447170269094037,1.8630145317339337,3
5,0.125,0.9955771946442417,0.004422805355758341,0.6447170269094037,1.8630145317339337,3
5,0.126,0.9955063638905213,0.004493636109478727,0.6447170269094037,1.8630145317339337,3
5,0.127,0.9954349756878442,0.004565024312155774,0.6447170269094037,1.8630145317339337,3
5,0.128,0.9953630302009601,0.004636969799039936,0.6447170269094037,1.8630145317339337,3
5,0.129,0.9952905275958778,0.004709472404122228,0.6447170269094037,1.8630145317339337,3
5,0.13,0.9952174680398771,0.004782531960122904,0.6447170269094037,1.8630145317339337,3
5,0.131,0.9951438517015542,0.004856148298445828,0.6447170269094037,1.8630145317339337,3
5,0.132,0.9950696787507604,0.004930321249239644,0.6447170269094037,1.8630145317339337,3
5,0.133,0.9949949493586434,0.00500505064135659,0.6447170269094037,1.8630145317339337,3
5,0.134,0.9949196636976188,0.00508033630238125,0.6447170269094037,1.8630145317339337,3
5,0.135,0.9948438219413714,0.005156178058628558,0.6447170269094037,1.8630145317339337,3
5,0.136,0.994767424264914,0.005232575735085954,0.6447170269094037,1.8630145317339337,3
5,0.137,0.9946904708444718,0.005309529155528181,0.6447170269094037,1.8630145317339337,3
5,0.138,0.9946129618575885,0.005387038142411482,0.6447170269094037,1.8630145317339337,3
5,0.139,0.9945348974830848,0.005465102516915232,0.6447170269094037,1.8630145317339337,3
5,0.14,0.9944562779010683,0.005543722098931725,0.6447170269094037,1.8630145317339337,3
5,0.141,0.9943771032928704,0.0056228967071295655,0.6447170269094037,1.8630145317339337,3
5,0.142,0.9942973738411597,0.005702626158840318,0.6447170269094037,1.8630145317339337,3
5,0.143,0.9942170897298602,0.005782910270139774,0.6447170269094037,1.8630145317339337,3
5,0.144,0.9941362511441708,0.005863748855829187,0.6447170269094037,1.8630145317339337,3
5,0.145,0.9940548582705361,0.005945141729463921,0.6447170269094037,1.8630145317339337,3
5,0.146,0.9939729112967322,0.006027088703267847,0.6447170269094037,1.8630145317339337,3
5,0.147,0.9938904104117708,0.006109589588229158,0.6447170269094037,1.8630145317339337,3
5,0.148,0.9938073558059184,0.006192644194081609,0.6447170269094037,1.8630145317339337,3
5,0.149,0.9937237476707711,0.006276252329228904,0.6447170269094037,1.8630145317339337,3
5,0.15,0.9936395861991613,0.006360413800838738,0.6447170269094037,1.8630145317339337,3
5,0.151,0.9935548715851923,0.00644512841480771,0.6447170269094037,1.8630145317339337,3
5,0.152,0.9934696040242391,0.006530395975760883,0.6447170269094037,1.8630145317339337,3
5,0.153,0.993383783712963,0.006616216287037013,0.6447170269094037,1.8630145317339337,3
5,0.154,0.9932974108492816,0.006702589150718419,0.6447170269094037,1.8630145317339337,3
5,0.155,0.9932104856323911,0.006789514367608884,0.6447170269094037,1.8630145317339337,3
5,0.156,0.9931230082627355,0.006876991737264526,0.6447170269094037,1.8630145317339337,3
5,0.157,0.993034978942068,0.006965021057931953,0.6447170269094037,1.8630145317339337,3
5,0.158,0.9929463978733465,0.007053602126653513,0.6447170269094037,1.8630145317339337,3
5,0.159,0.992857265260867,0.007142734739132961,0.6447170269094037,1.8630145317339337,3
5,0.16,0.9927675813101484,0.007232418689851583,0.6447170269094037,1.8630145317339337,3
5,0.161,0.9926773462279845,0.007322653772015464,0.6447170269094037,1.8630145317339337,3
5,0.162,0.9925865602224553,0.007413439777544717,0.6447170269094037,1.8630145317339337,3
5,0.163,0.9924952235028464,0.007504776497153642,0.6447170269094037,1.8630145317339337,3
5,0.164,0.992403336279821,0.0075966637201789755,0.6447170269094037,1.8630145317339337,3
5,0.165,0.9923108987651166,0.007689101234883422,0.6447170269094037,1.8630145317339337,3
5,0.166,0.9922179111719585,0.0077820888280415446,0.6447170269094037,1.8630145317339337,3
5,0.167,0.9921243737146866,0.007875626285313353,0.6447170269094037,1.8630145317339337,3
5,0.168,0.9920302866089465,0.007969713391053457,0.6447170269094037,1.8630145317339337,3
5,0.169,0.9919356500716486,0.008064349928351366,0.6447170269094037,1.8630145317339337,3
5,0.17,0.9918404643209479,0.008159535679052143,0.6447170269094037,1.8630145317339337,3
5,0.171,0.9917447295762737,0.008255270423726313,0.6447170269094037,1.8630145317339337,3
5,0.172,0.9916484460583189,0.008351553941681078,0.6447170269094037,1.8630145317339337,3
5,0.173,0.9915516139890118,0.008448386010988185,0.6447170269094037,1.8630145317339337,3
5,0.174,0.9914542335915656,0.008545766408434408,0.6447170269094037,1.8630145317339337,3
5,0.175,0.9913563050904399,0.008643694909560073,0.6447170269094037,1.8630145317339337,3
5,0.176,0.9912578287113457,0.008742171288654288,0.6447170269094037,1.8630145317339337,3
5,0.177,0.9911588046812642,0.00884119531873584,0.6447170269094037,1.8630145317339337,3
5,0.178,0.9910592332284229,0.008940766771577069,0.6447170269094037,1.8630145317339337,3
5,0.179,0.9909591145823097,0.009040885417690325,0.6447170269094037,1.8630145317339337,3
5,0.18,0.9908584489736548,0.009141551026345174,0.6447170269094037,1.8630145317339337,3
5,0.181,0.9907572366344628,0.009242763365537199,0.6447170269094037,1.8630145317339337,3
5,0.182,0.9906554777979751,0.009344522202024863,0.6447170269094037,1.8630145317339337,3
5,0.183,0.9905531726986901,0.009446827301309857,0.6447170269094037,1.8630145317339337,3
5,0.184,0.9904503215723628,0.00954967842763721,0.6447170269094037,1.8630145317339337,3
5,0.185,0.9903469246559989,0.00965307534400106,0.6447170269094037,1.8630145317339337,3
5,0.186,0.9902429821878461,0.009757017812153879,0.6447170269094037,1.8630145317339337,3
5,0.187,0.9901384944074131,0.009861505592586917,0.6447170269094037,1.8630145317339337,3
5,0.188,0.990033461555459,0.009966538444540984,0.6447170269094037,1.8630145317339337,3
5,0.189,0.9899278838739656,0.010072116126034425,0.6447170269094037,1.8630145317339337,3
5,0.19,0.9898217616062046,0.010178238393795391,0.6447170269094037,1.8630145317339337,3
5,0.191,0.9897150949966653,0.010284905003334677,0.6447170269094037,1.8630145317339337,3
5,0.192,0.9896078842910934,0.010392115708906635,0.6447170269094037,1.8630145317339337,3
5,0.193,0.9895001297364786,0.010499870263521394,0.6447170269094037,1.8630145317339337,3
5,0.194,0.9893918315810579,0.010608168418942077,0.6447170269094037,1.8630145317339337,3
5,0.195,0.9892829900743132,0.010717009925686805,0.6447170269094037,1.8630145317339337,3
5,0.196,0.9891736054669648,0.010826394533035244,0.6447170269094037,1.8630145317339337,3
5,0.197,0.9890636780109813,0.010936321989018727,0.6447170269094037,1.8630145317339337,3
5,0.198,0.9889532079595778,0.011046792040422249,0.6447170269094037,1.8630145317339337,3
5,0.199,0.9888421955672023,0.01115780443279768,0.6447170269094037,1.8630145317339337,3
5,0.2,0.9887306410895534,0.011269358910446559,0.6447170269094037,1.8630145317339337,3
5,0.201,0.9886185447835544,0.011381455216445624,0.6447170269094037,1.8630145317339337,3
5,0.202,0.9885059069073926,0.011494093092607405,0.6447170269094037,1.8630145317339337,3
5,0.203,0.9883927277204844,0.011607272279515635,0.6447170269094037,1.8630145317339337,3
5,0.204,0.9882790074834473,0.011720992516552675,0.6447170269094037,1.8630145317339337,3
5,0.205,0.9881647464582053,0.01183525354179471,0.6447170269094037,1.8630145317339337,3
5,0.206,0.9880499449078674,0.01195005509213265,0.6447170269094037,1.8630145317339337,3
5,0.207,0.9879346030967997,0.012065396903200298,0.6447170269094037,1.8630145317339337,3
5,0.208,0.9878187212906034,0.012181278709396559,0.6447170269094037,1.8630145317339337,3
5,0.209,0.9877022997561054,0.01229770024389465,0.6447170269094037,1.8630145317339337,3
5,0.21,0.9875853387613807,0.01241466123861934,0.6447170269094037,1.8630145317339337,3
5,0.211,0.9874678385757113,0.012532161424288701,0.6447170269094037,1.8630145317339337,3
5,0.212,0.9873497994696302,0.012650200530369804,0.6447170269094037,1.8630145317339337,3
5,0.213,0.9872312217149147,0.01276877828508527,0.6447170269094037,1.8630145317339337,3
5,0.214,0.9871121055845512,0.012887894415448797,0.6447170269094037,1.8630145317339337,3
5,0.215,0.9869924513527639,0.013007548647236078,0.6447170269094037,1.8630145317339337,3
5,0.216,0.9868722592950083,0.013127740704991675,0.6447170269094037,1.8630145317339337,3
5,0.217,0.9867515296879606,0.013248470312039351,0.6447170269094037,1.8630145317339337,3
5,0.218,0.9866302628095364,0.013369737190463638,0.6447170269094037,1.8630145317339337,3
5,0.219,0.9865084589388725,0.013491541061127488,0.6447170269094037,1.8630145317339337,3
5,0.22,0.9863861183563283,0.013613881643671721,0.6447170269094037,1.8630145317339337,3
5,0.221,0.9862632413434981,0.013736758656501924,0.6447170269094037,1.8630145317339337,3
5,0.222,0.9861398281831973,0.013860171816802658,0.6447170269094037,1.8630145317339337,3
5,0.223,0.9860158791594527,0.013984120840547343,0.6447170269094037,1.8630145317339337,3
5,0.224,0.9858913945575294,0.014108605442470612,0.6447170269094037,1.8630145317339337,3
5,0.225,0.9857663746639295,0.014233625336070532,0.6447170269094037,1.8630145317339337,3
5,0.226,0.9856408197663195,0.014359180233680546,0.6447170269094037,1.8630145317339337,3
5,0.227,0.9855147301536598,0.014485269846340243,0.6447170269094037,1.8630145317339337,3
5,0.228,0.9853881061160827,0.01461189388391726,0.6447170269094037,1.8630145317339337,3
5,0.229,0.9852609479449542,0.014739052055045776,0.6447170269094037,1.8630145317339337,3
5,0.23,0.9851332559328588,0.014866744067141169,0.6447170269094037,1.8630145317339337,3
5,0.231,0.9850050303735972,0.014994969626402788,0.6447170269094037,1.8630145317339337,3
5,0.232,0.9848762715621867,0.015123728437813289,0.6447170269094037,1.8630145317339337,3
5,0.233,0.9847469797948621,0.015253020205137857,0.6447170269094037,1.8630145317339337,3
5,0.234,0.9846171553690733,0.015382844630926651,0.6447170269094037,1.8630145317339337,3
5,0.235,0.9844867985834813,0.015513201416518685,0.6447170269094037,1.8630145317339337,3
5,0.236,0.9843559097379595,0.0156440902620405,0.6447170269094037,1.8630145317339337,3
5,0.237,0.9842244891336032,0.015775510866396836,0.6447170269094037,1.8630145317339337,3
5,0.238,0.9840925370727165,0.01590746292728351,0.6447170269094037,1.8630145317339337,3
5,0.239,0.9839600538588062,0.01603994614119375,0.6447170269094037,1.8630145317339337,3
5,0.24,0.9838270397965782,0.01617296020342185,0.6447170269094037,1.8630145317339337,3
5,0.241,0.9836934951919928,0.016306504808007216,0.6447170269094037,1.8630145317339337,3
5,0.242,0.9835594203521765,0.016440579647823528,0.6447170269094037,1.8630145317339337,3
5,0.243,0.9834248155854876,0.016575184414512445,0.6447170269094037,1.8630145317339337,3
5,0.244,0.983289681201452,0.016710318798548007,0.6447170269094037,1.8630145317339337,3
5,0.245,0.9831540175108574,0.016845982489142597,0.6447170269094037,1.8630145317339337,3
5,0.246,0.9830178248256616,0.01698217517433842,0.6447170269094037,1.8630145317339337,3
5,0.247,0.9828811034590301,0.017118896540969875,0.6447170269094037,1.8630145317339337,3
5,0.248,0.982743853725342,0.01725614627465799,0.6447170269094037,1.8630145317339337,3
5,0.249,0.9826060759401644,0.01739392405983564,0.6447170269094037,1.8630145317339337,3
5,0.25,0.9824677704202759,0.017532229579724112,0.6447170269094037,1.8630145317339337,3
5,0.251,0.9823289374836568,0.017671062516343206,0.6447170269094037,1.8630145317339337,3
5,0.252,0.9821895774494819,0.017810422550518124,0.6447170269094037,1.8630145317339337,3
5,0.253,0.9820496906381277,0.017950309361872252,0.6447170269094037,1.8630145317339337,3
5,0.254,0.9819092773711682,0.018090722628831823,0.6447170269094037,1.8630145317339337,3
5,0.255,0.9817683379713735,0.018231662028626472,0.6447170269094037,1.8630145317339337,3
5,0.256,0.9816268727627084,0.018373127237291564,0.6447170269094037,1.8630145317339337,3
5,0.257,0.9814848820703373,0.01851511792966265,0.6447170269094037,1.8630145317339337,3
5,0.258,0.9813423662206214,0.01865763377937857,0.6447170269094037,1.8630145317339337,3
5,0.259,0.981199325541101,0.01880067445889899,0.6447170269094037,1.8630145317339337,3
5,0.26,0.9810557603605305,0.01894423963946945,0.6447170269094037,1.8630145317339337,3
5,0.261,0.9809116710088296,0.01908832899117041,0.6447170269094037,1.8630145317339337,3
5,0.262,0.980767057817148,0.019232942182851986,0.6447170269094037,1.8630145317339337,3
5,0.263,0.9806219211177652,0.01937807888223475,0.6447170269094037,1.8630145317339337,3
5,0.264,0.9804762612442122,0.019523738755787834,0.6447170269094037,1.8630145317339337,3
5,0.265,0.9803300785311749,0.01966992146882507,0.6447170269094037,1.8630145317339337,3
5,0.266,0.9801833733145331,0.01981662668546691,0.6447170269094037,1.8630145317339337,3
5,0.267,0.9800361459313535,0.019963854068646536,0.6447170269094037,1.8630145317339337,3
5,0.268,0.97988839671987,0.020111603280129953,0.6447170269094037,1.8630145317339337,3
5,0.269,0.9797401260195375,0.020259873980462473,0.6447170269094037,1.8630145317339337,3
5,0.27,0.9795913341709672,0.02040866582903278,0.6447170269094037,1.8630145317339337,3
5,0.271,0.9794420215159583,0.020557978484041728,0.6447170269094037,1.8630145317339337,3
5,0.272,0.97929218839749,0.020707811602510007,0.6447170269094037,1.8630145317339337,3
5,0.273,0.9791418351597313,0.0208581648402687,0.6447170269094037,1.8630145317339337,3
5,0.274,0.9789909621480151,0.021009037851984935,0.6447170269094037,1.8630145317339337,3
5,0.275,0.9788395697088684,0.02116043029113157,0.6447170269094037,1.8630145317339337,3
5,0.276,0.9786876581899866,0.021312341810013402,0.6447170269094037,1.8630145317339337,3
5,0.277,0.9785352279402466,0.02146477205975339,0.6447170269094037,1.8630145317339337,3
5,0.278,0.9783822793096916,0.02161772069030843,0.6447170269094037,1.8630145317339337,3
5,0.279,0.9782288126495536,0.021771187350446364,0.6447170269094037,1.8630145317339337,3
5,0.28,0.9780748283122291,0.02192517168777086,0.6447170269094037,1.8630145317339337,3
5,0.281,0.9779203266512871,0.022079673348712858,0.6447170269094037,1.8630145317339337,3
5,0.282,0.977765308021474,0.02223469197852601,0.6447170269094037,1.8630145317339337,3
5,0.283,0.9776097727786989,0.02239022722130113,0.6447170269094037,1.8630145317339337,3
5,0.284,0.9774537212800516,0.02254627871994841,0.6447170269094037,1.8630145317339337,3
5,0.285,0.9772971538837776,0.02270284611622242,0.6447170269094037,1.8630145317339337,3
5,0.286,0.9771400709493038,0.022859929050696226,0.6447170269094037,1.8630145317339337,3
5,0.287,0.9769824728372085,0.023017527162791485,0.6447170269094037,1.8630145317339337,3
5,0.288,0.976824359909255,0.02317564009074502,0.6447170269094037,1.8630145317339337,3
5,0.289,0.9766657325283525,0.023334267471647463,0.6447170269094037,1.8630145317339337,3
5,0.29,0.976506591058583,0.02349340894141705,0.6447170269094037,1.8630145317339337,3
5,0.291,0.9763469358651956,0.02365306413480439,0.6447170269094037,1.8630145317339337,3
5,0.292,0.9761867673145913,0.023813232685408692,0.6447170269094037,1.8630145317339337,3
5,0.293,0.9760260857743406,0.02397391422565942,0.6447170269094037,1.8630145317339337,3
5,0.294,0.975864891613165,0.02413510838683497,0.6447170269094037,1.8630145317339337,3
5,0.295,0.9757031852009543,0.024296814799045663,0.6447170269094037,1.8630145317339337,3
5,0.296,0.9755409669087481,0.02445903309125186,0.6447170269094037,1.8630145317339337,3
5,0.297,0.9753782371087475,0.024621762891252508,0.6447170269094037,1.8630145317339337,3
5,0.298,0.9752149961743057,0.024785003825694263,0.6447170269094037,1.8630145317339337,3
5,0.299,0.9750512444799346,0.02494875552006537,0.6447170269094037,1.8630145317339337,3
5,0.3,0.9748869824012938,0.02511301759870621,0.6447170269094037,1.8630145317339337,3
5,0.301,0.9747222103152021,0.02527778968479788,0.6447170269094037,1.8630145317339337,3
5,0.302,0.9745569285996256,0.025443071400374384,0.6447170269094037,1.8630145317339337,3
5,0.303,0.97439113763368,0.025608862366319984,0.6447170269094037,1.8630145317339337,3
5,0.304,0.9742248377976349,0.025775162202365087,0.6447170269094037,1.8630145317339337,3
5,0.305,0.9740580294729011,0.0259419705270989,0.6447170269094037,1.8630145317339337,3
5,0.306,0.9738907130420459,0.026109286957954114,0.6447170269094037,1.8630145317339337,3
5,0.307,0.973722888888775,0.026277111111224993,0.6447170269094037,1.8630145317339337,3
5,0.308,0.9735545573979417,0.026445442602058278,0.6447170269094037,1.8630145317339337,3
5,0.309,0.9733857189555465,0.026614281044453514,0.6447170269094037,1.8630145317339337,3
5,0.31,0.9732163739487255,0.02678362605127449,0.6447170269094037,1.8630145317339337,3
5,0.311,0.9730465227657646,0.026953477234235357,0.6447170269094037,1.8630145317339337,3
5,0.312,0.9728761657960928,0.027123834203907182,0.6447170269094037,1.8630145317339337,3
5,0.313,0.9727053034302536,0.02729469656974637,0.6447170269094037,1.8630145317339337,3
5,0.314,0.9725339360599665,0.02746606394003348,0.6447170269094037,1.8630145317339337,3
5,0.315,0.9723620640780671,0.027637935921932866,0.6447170269094037,1.8630145317339337,3
5,0.316,0.9721896878785294,0.02781031212147056,0.6447170269094037,1.8630145317339337,3
5,0.317,0.9720168078564632,0.02798319214353684,0.6447170269094037,1.8630145317339337,3
5,0.318,0.9718434244081178,0.028156575591882227,0.6447170269094037,1.8630145317339337,3
5,0.319,0.9716695379308687,0.028330462069131257,0.6447170269094037,1.8630145317339337,3
5,0.32,0.9714951488232278,0.02850485117677215,0.6447170269094037,1.8630145317339337,3
5,0.321,0.9713202574848362,0.02867974251516381,0.6447170269094037,1.8630145317339337,3
5,0.322,0.9711448643164643,0.028855135683535704,0.6447170269094037,1.8630145317339337,3
5,0.323,0.9709689697200151,0.029031030279984882,0.6447170269094037,1.8630145317339337,3
5,0.324,0.9707925740985178,0.029207425901482176,0.6447170269094037,1.8630145317339337,3
5,0.325,0.9706156778561204,0.02938432214387965,0.6447170269094037,1.8630145317339337,3
5,0.326,0.9704382813981057,0.02956171860189427,0.6447170269094037,1.8630145317339337,3
5,0.327,0.9702603851308809,0.029739614869119135,0.6447170269094037,1.8630145317339337,3
5,0.328,0.9700819894619723,0.029918010538027673,0.6447170269094037,1.8630145317339337,3
5,0.329,0.9699030948000262,0.030096905199973767,0.6447170269094037,1.8630145317339337,3
5,0.33,0.9697237015548142,0.030276298445185756,0.6447170269094037,1.8630145317339337,3
5,0.331,0.9695438101372279,0.0304561898627721,0.6447170269094037,1.8630145317339337,3
5,0.332,0.9693634209592736,0.030636579040726364,0.6447170269094037,1.8630145317339337,3
5,0.333,0.9691825344340775,0.030817465565922464,0.6447170269094037,1.8630145317339337,3
5,0.334,0.9690011509758857,0.030998849024114317,0.6447170269094037,1.8630145317339337,3
5,0.335,0.9688192710000493,0.031180728999950724,0.6447170269094037,1.8630145317339337,3
5,0.336,0.9686368949230448,0.03136310507695517,0.6447170269094037,1.8630145317339337,3
5,0.337,0.9684540231624553,0.031545976837544676,0.6447170269094037,1.8630145317339337,3
5,0.338,0.9682706561369757,0.031729343863024284,0.6447170269094037,1.8630145317339337,3
5,0.339,0.9680867942664151,0.031913205733584915,0.6447170269094037,1.8630145317339337,3
5,0.34,0.9679024379716856,0.032097562028314375,0.6447170269094037,1.8630145317339337,3
5,0.341,0.9677175876748146,0.03228241232518536,0.6447170269094037,1.8630145317339337,3
5,0.342,0.9675322437989318,0.03246775620106823,0.6447170269094037,1.8630145317339337,3
5,0.343,0.9673464067682755,0.032653593231724454,0.6447170269094037,1.8630145317339337,3
5,0.344,0.9671600770081857,0.03283992299181426,0.6447170269094037,1.8630145317339337,3
5,0.345,0.9669732549451117,0.03302674505488834,0.6447170269094037,1.8630145317339337,3
5,0.346,0.9667859410065943,0.03321405899340568,0.6447170269094037,1.8630145317339337,3
5,0.347,0.9665981356212873,0.03340186437871273,0.6447170269094037,1.8630145317339337,3
5,0.348,0.9664098392189384,0.033590160781061584,0.6447170269094037,1.8630145317339337,3
5,0.349,0.9662210522303941,0.03377894776960588,0.6447170269094037,1.8630145317339337,3
5,0.35,0.9660317750876002,0.033968224912399814,0.6447170269094037,1.8630145317339337,3
5,0.351,0.9658420082235979,0.03415799177640211,0.6447170269094037,1.8630145317339337,3
5,0.352,0.9656517520725267,0.03434824792747326,0.6447170269094037,1.8630145317339337,3
5,0.353,0.9654610070696056,0.03453899293039442,0.6447170269094037,1.8630145317339337,3
5,0.354,0.96526977365117,0.03473022634883005,0.6447170269094037,1.8630145317339337,3
5,0.355,0.9650780522546302,0.03492194774536983,0.6447170269094037,1.8630145317339337,3
5,0.356,0.9648858433184915,0.035114156681508524,0.6447170269094037,1.8630145317339337,3
5,0.357,0.9646931472823513,0.03530685271764866,0.6447170269094037,1.8630145317339337,3
5,0.358,0.9644999645868817,0.0355000354131183,0.6447170269094037,1.8630145317339337,3
5,0.359,0.9643062956738598,0.03569370432614016,0.6447170269094037,1.8630145317339337,3
5,0.36,0.9641121409861375,0.03588785901386249,0.6447170269094037,1.8630145317339337,3
5,0.361,0.9639175009676535,0.036082499032346504,0.6447170269094037,1.8630145317339337,3
5,0.362,0.9637223760634303,0.03627762393656975,0.6447170269094037,1.8630145317339337,3
5,0.363,0.963526766719566,0.03647323328043395,0.6447170269094037,1.8630145317339337,3
5,0.364,0.9633306733832461,0.03666932661675393,0.6447170269094037,1.8630145317339337,3
5,0.365,0.9631340965027362,0.03686590349726382,0.6447170269094037,1.8630145317339337,3
5,0.366,0.9629370365273745,0.0370629634726255,0.6447170269094037,1.8630145317339337,3
5,0.367,0.9627394939075782,0.03726050609242182,0.6447170269094037,1.8630145317339337,3
5,0.368,0.9625414690948464,0.03745853090515361,0.6447170269094037,1.8630145317339337,3
5,0.369,0.9623429625417297,0.037657037458270315,0.6447170269094037,1.8630145317339337,3
5,0.37,0.9621439747018941,0.037856025298105944,0.6447170269094037,1.8630145317339337,3
5,0.371,0.9619445060300172,0.03805549396998276,0.6447170269094037,1.8630145317339337,3
5,0.372,0.9617445569819114,0.038255443018088586,0.6447170269094037,1.8630145317339337,3
5,0.373,0.9615441280144152,0.038455871985584755,0.6447170269094037,1.8630145317339337,3
5,0.374,0.9613432195854535,0.038656780414546454,0.6447170269094037,1.8630145317339337,3
5,0.375,0.9611418321540064,0.03885816784599361,0.6447170269094037,1.8630145317339337,3
5,0.376,0.9609399661801299,0.03906003381987011,0.6447170269094037,1.8630145317339337,3
5,0.377,0.9607376221249387,0.03926237787506126,0.6447170269094037,1.8630145317339337,3
5,0.378,0.9605348004506101,0.03946519954938987,0.6447170269094037,1.8630145317339337,3
5,0.379,0.9603315016203858,0.03966849837961417,0.6447170269094037,1.8630145317339337,3
5,0.38,0.9601277260985657,0.03987227390143433,0.6447170269094037,1.8630145317339337,3
5,0.381,0.9599234743505081,0.040076525649491934,0.6447170269094037,1.8630145317339337,3
5,0.382,0.9597187468426314,0.040281253157368635,0.6447170269094037,1.8630145317339337,3
5,0.383,0.9595135440424084,0.040486455957591594,0.6447170269094037,1.8630145317339337,3
5,0.384,0.9593078664183678,0.04069213358163215,0.6447170269094037,1.8630145317339337,3
5,0.385,0.9591017144400902,0.04089828555990982,0.6447170269094037,1.8630145317339337,3
5,0.386,0.9588950885782138,0.04110491142178618,0.6447170269094037,1.8630145317339337,3
5,0.387,0.9586879893044224,0.04131201069557755,0.6447170269094037,1.8630145317339337,3
5,0.388,0.9584804170914515,0.041519582908548514,0.6447170269094037,1.8630145317339337,3
5,0.389,0.9582723724130866,0.041727627586913396,0.6447170269094037,1.8630145317339337,3
5,0.39,0.9580638557441593,0.04193614425584069,0.6447170269094037,1.8630145317339337,3
5,0.391,0.9578548675605463,0.042145132439453725,0.6447170269094037,1.8630145317339337,3
5,0.392,0.9576454083391707,0.04235459166082933,0.6447170269094037,1.8630145317339337,3
5,0.393,0.9574354785579972,0.042564521442002845,0.6447170269094037,1.8630145317339337,3
5,0.394,0.9572250786960332,0.04277492130396676,0.6447170269094037,1.8630145317339337,3
5,0.395,0.957014209233329,0.04298579076667097,0.6447170269094037,1.8630145317339337,3
5,0.396,0.9568028706509674,0.04319712934903264,0.6447170269094037,1.8630145317339337,3
5,0.397,0.956591063431077,0.04340893656892297,0.6447170269094037,1.8630145317339337,3
5,0.398,0.9563787880568212,0.043621211943178806,0.6447170269094037,1.8630145317339337,3
5,0.399,0.9561660450123916,0.04383395498760845,0.6447170269094037,1.8630145317339337,3
5,0.4,0.9559528347830235,0.04404716521697649,0.6447170269094037,1.8630145317339337,3
5,0.401,0.9557391578549803,0.044260842145019685,0.6447170269094037,1.8630145317339337,3
5,0.402,0.9555250147155557,0.04447498528444427,0.6447170269094037,1.8630145317339337,3
5,0.403,0.9553104058530758,0.044689594146924194,0.6447170269094037,1.8630145317339337,3
5,0.404,0.9550953317568917,0.04490466824310835,0.6447170269094037,1.8630145317339337,3
5,0.405,0.9548797929173862,0.04512020708261377,0.6447170269094037,1.8630145317339337,3
5,0.406,0.9546637898259637,0.04533621017403633,0.6447170269094037,1.8630145317339337,3
5,0.407,0.9544473229750567,0.045552677024943256,0.6447170269094037,1.8630145317339337,3
5,0.408,0.9542303928581167,0.04576960714188327,0.6447170269094037,1.8630145317339337,3
5,0.409,0.9540129999696212,0.04598700003037881,0.6447170269094037,1.8630145317339337,3
5,0.41,0.9537951448050649,0.04620485519493511,0.6447170269094037,1.8630145317339337,3
5,0.411,0.9535768278609634,0.04642317213903657,0.6447170269094037,1.8630145317339337,3
5,0.412,0.9533580496348465,0.046641950365153506,0.6447170269094037,1.8630145317339337,3
5,0.413,0.9531388106252653,0.04686118937473471,0.6447170269094037,1.8630145317339337,3
5,0.414,0.9529191113317819,0.047080888668218135,0.6447170269094037,1.8630145317339337,3
5,0.415,0.9526989522549719,0.04730104774502808,0.6447170269094037,1.8630145317339337,3
5,0.416,0.9524783338964266,0.047521666103573446,0.6447170269094037,1.8630145317339337,3
5,0.417,0.9522572567587422,0.04774274324125782,0.6447170269094037,1.8630145317339337,3
5,0.418,0.9520357213455296,0.047964278654470394,0.6447170269094037,1.8630145317339337,3
5,0.419,0.9518137281614062,0.04818627183859381,0.6447170269094037,1.8630145317339337,3
5,0.42,0.9515912777119878,0.048408722288012185,0.6447170269094037,1.8630145317339337,3
5,0.421,0.9513683705039117,0.04863162949608835,0.6447170269094037,1.8630145317339337,3
5,0.422,0.9511450070448013,0.048854992955198684,0.6447170269094037,1.8630145317339337,3
5,0.423,0.9509211878432936,0.0490788121567064,0.6447170269094037,1.8630145317339337,3
5,0.424,0.9506969134090237,0.049303086590976264,0.6447170269094037,1.8630145317339337,3
5,0.425,0.9504721842526248,0.04952781574737519,0.6447170269094037,1.8630145317339337,3
5,0.426,0.9502470008857282,0.04975299911427178,0.6447170269094037,1.8630145317339337,3
5,0.427,0.9500213638209623,0.04997863617903775,0.6447170269094037,1.8630145317339337,3
5,0.428,0.9497952735719496,0.050204726428050406,0.6447170269094037,1.8630145317339337,3
5,0.429,0.9495687306533082,0.05043126934669184,0.6447170269094037,1.8630145317339337,3
5,0.43,0.9493417355806468,0.05065826441935317,0.6447170269094037,1.8630145317339337,3
5,0.431,0.9491142888705656,0.05088571112943441,0.6447170269094037,1.8630145317339337,3
5,0.432,0.9488863910406533,0.05111360895934669,0.6447170269094037,1.8630145317339337,3
5,0.433,0.9486580426094883,0.05134195739051173,0.6447170269094037,1.8630145317339337,3
5,0.434,0.9484292440966363,0.051570755903363685,0.6447170269094037,1.8630145317339337,3
5,0.435,0.948199996022641,0.051800003977358955,0.6447170269094037,1.8630145317339337,3
5,0.436,0.9479702989090374,0.05202970109096261,0.6447170269094037,1.8630145317339337,3
5,0.437,0.9477401532783423,0.05225984672165773,0.6447170269094037,1.8630145317339337,3
5,0.438,0.9475095596540525,0.05249044034594752,0.6447170269094037,1.8630145317339337,3
5,0.439,0.9472785185606328,0.05272148143936717,0.6447170269094037,1.8630145317339337,3
5,0.44,0.9470470305235463,0.05295296947645367,0.6447170269094037,1.8630145317339337,3
5,0.441,0.9468150960692171,0.0531849039307829,0.6447170269094037,1.8630145317339337,3
5,0.442,0.94658271572505,0.05341728427494996,0.6447170269094037,1.8630145317339337,3
5,0.443,0.9463498900194216,0.0536501099805784,0.6447170269094037,1.8630145317339337,3
5,0.444,0.9461166194816806,0.053883380518319424,0.6447170269094037,1.8630145317339337,3
5,0.445,0.945882904642146,0.05411709535785403,0.6447170269094037,1.8630145317339337,3
5,0.446,0.9456487460321086,0.05435125396789142,0.6447170269094037,1.8630145317339337,3
5,0.447,0.9454141441838209,0.05458585581617914,0.6447170269094037,1.8630145317339337,3
5,0.448,0.9451790996305066,0.054820900369493386,0.6447170269094037,1.8630145317339337,3
5,0.449,0.9449436129063529,0.05505638709364713,0.6447170269094037,1.8630145317339337,3
5,0.45,0.9447076845465077,0.055292315453492336,0.6447170269094037,1.8630145317339337,3
5,0.451,0.9444713150870834,0.055528684912916626,0.6447170269094037,1.8630145317339337,3
5,0.452,0.9442345050651504,0.05576549493484961,0.6447170269094037,1.8630145317339337,3
5,0.453,0.9439972550187375,0.05600274498126245,0.6447170269094037,1.8630145317339337,3
5,0.454,0.9437595654868326,0.0562404345131674,0.6447170269094037,1.8630145317339337,3
5,0.455,0.9435214370093785,0.056478562990621484,0.6447170269094037,1.8630145317339337,3
5,0.456,0.9432828701272732,0.05671712987272681,0.6447170269094037,1.8630145317339337,3
5,0.457,0.9430438653823605,0.05695613461763949,0.6447170269094037,1.8630145317339337,3
5,0.458,0.9428044233174455,0.05719557668255448,0.6447170269094037,1.8630145317339337,3
5,0.459,0.9425645444762761,0.057435455523723866,0.6447170269094037,1.8630145317339337,3
5,0.46,0.9423242294035501,0.057675770596449905,0.6447170269094037,1.8630145317339337,3
5,0.461,0.9420834786449126,0.0579165213550874,0.6447170269094037,1.8630145317339337,3
5,0.462,0.9418422927469517,0.05815770725304825,0.6447170269094037,1.8630145317339337,3
5,0.463,0.9416006722572023,0.05839932774279766,0.6447170269094037,1.8630145317339337,3
5,0.464,0.9413586177241352,0.058641382275864795,0.6447170269094037,1.8630145317339337,3
5,0.465,0.9411161296971695,0.05888387030283049,0.6447170269094037,1.8630145317339337,3
5,0.466,0.9408732087266578,0.059126791273342194,0.6447170269094037,1.8630145317339337,3
5,0.467,0.9406298553638908,0.059370144636109234,0.6447170269094037,1.8630145317339337,3
5,0.468,0.9403860701610967,0.059613929838903346,0.6447170269094037,1.8630145317339337,3
5,0.469,0.9401418536714375,0.059858146328562456,0.6447170269094037,1.8630145317339337,3
5,0.47,0.9398972064490075,0.06010279355099246,0.6447170269094037,1.8630145317339337,3
5,0.471,0.9396521290488337,0.06034787095116634,0.6447170269094037,1.8630145317339337,3
5,0.472,0.939406622026867,0.06059337797313302,0.6447170269094037,1.8630145317339337,3
5,0.473,0.939160685939995,0.06083931406000498,0.6447170269094037,1.8630145317339337,3
5,0.474,0.9389143213460286,0.06108567865397141,0.6447170269094037,1.8630145317339337,3
5,0.475,0.9386675288036971,0.06133247119630292,0.6447170269094037,1.8630145317339337,3
5,0.476,0.9384203088726648,0.06157969112733519,0.6447170269094037,1.8630145317339337,3
5,0.477,0.9381726621135099,0.061827337886490086,0.6447170269094037,1.8630145317339337,3
5,0.478,0.9379245890877349,0.062075410912265094,0.6447170269094037,1.8630145317339337,3
5,0.479,0.9376760903577587,0.062323909642241326,0.6447170269094037,1.8630145317339337,3
5,0.48,0.9374271664869139,0.06257283351308607,0.6447170269094037,1.8630145317339337,3
5,0.481,0.9371778180394592,0.06282218196054079,0.6447170269094037,1.8630145317339337,3
5,0.482,0.9369280455805585,0.06307195441944147,0.6447170269094037,1.8630145317339337,3
5,0.483,0.9366778496762921,0.06332215032370792,0.6447170269094037,1.8630145317339337,3
5,0.484,0.9364272308936485,0.06357276910635146,0.6447170269094037,1.8630145317339337,3
5,0.485,0.936176189800528,0.06382381019947203,0.6447170269094037,1.8630145317339337,3
5,0.486,0.9359247269657383,0.06407527303426175,0.6447170269094037,1.8630145317339337,3
5,0.487,0.9356728429589899,0.06432715704101011,0.6447170269094037,1.8630145317339337,3
5,0.488,0.9354205383509032,0.06457946164909678,0.6447170269094037,1.8630145317339337,3
5,0.489,0.9351678137129991,0.06483218628700094,0.6447170269094037,1.8630145317339337,3
5,0.49,0.9349146696177033,0.06508533038229669,0.6447170269094037,1.8630145317339337,3
5,0.491,0.9346611066383297,0.06533889336167031,0.6447170269094037,1.8630145317339337,3
5,0.492,0.9344071253491056,0.06559287465089436,0.6447170269094037,1.8630145317339337,3
5,0.493,0.9341527263251461,0.06584727367485388,0.6447170269094037,1.8630145317339337,3
5,0.494,0.9338979101424634,0.06610208985753663,0.6447170269094037,1.8630145317339337,3
5,0.495,0.9336426773779635,0.06635732262203653,0.6447170269094037,1.8630145317339337,3
5,0.496,0.9333870286094428,0.06661297139055722,0.6447170269094037,1.8630145317339337,3
5,0.497,0.9331309644155884,0.0668690355844116,0.6447170269094037,1.8630145317339337,3
5,0.498,0.9328744853759788,0.06712551462402117,0.6447170269094037,1.8630145317339337,3
5,0.499,0.9326175920710746,0.06738240792892536,0.6447170269094037,1.8630145317339337,3
5,0.5,0.9323602850822253,0.06763971491777465,0.6447170269094037,1.8630145317339337,3
6,0.001,0.9999997313273851,2.686726149336849e-07,0.6733299493260243,1.9197109014118103,3
6,0.002,0.999998925310155,1.0746898450042508e-06,0.6733299493260243,1.9197109014118103,3
6,0.003,0.9999975819501523,2.418049847685566e-06,0.6733299493260243,1.9197109014118103,3
6,0.004,0.999995701250453,4.298749546993719e-06,0.6733299493260243,1.9197109014118103,3
6,0.005,0.9999932819787195,6.718021280494035e-06,0.6733299493260243,1.9197109014118103,3
6,0.006,0.9999903260671609,9.673932839127097e-06,0.6733299493260243,1.9197109014118103,3
6,0.007,0.9999868327340937,1.3167265906277592e-05,0.6733299493260243,1.9197109014118103,3
6,0.008,0.9999828019872286,1.7198012771446614e-05,0.6733299493260243,1.9197109014118103,3
6,0.009,0.9999782338360048,2.176616399518494e-05,0.6733299493260243,1.9197109014118103,3
6,0.01,0.9999731282888237,2.687171117632392e-05,0.6733299493260243,1.9197109014118103,3
6,0.011,0.9999674853588217,3.251464117826064e-05,0.6733299493260243,1.9197109014118103,3
6,0.012,0.9999613050593452,3.869494065478207e-05,0.6733299493260243,1.9197109014118103,3
6,0.013,0.9999545874031875,4.541259681245524e-05,0.6733299493260243,1.9197109014118103,3
6,0.014,0.9999473324089743,5.2667591025734595e-05,0.6733299493260243,1.9197109014118103,3
6,0.015,0.9999395400848213,6.045991517866778e-05,0.6733299493260243,1.9197109014118103,3
6,0.016,0.999931210457269,6.878954273104032e-05,0.6733299493260243,1.9197109014118103,3
6,0.017,0.9999223435420026,7.765645799739929e-05,0.6733299493260243,1.9197109014118103,3
6,0.018,0.9999129393594037,8.706064059627039e-05,0.6733299493260243,1.9197109014118103,3
6,0.019,0.9999029979310388,9.700206896123831e-05,0.6733299493260243,1.9197109014118103,3
6,0.02,0.9998925192794389,0.00010748072056110392,0.6733299493260243,1.9197109014118103,3
6,0.021,0.999881503428454,0.00011849657154594517,0.6733299493260243,1.9197109014118103,3
6,0.022,0.9998699504032462,0.00013004959675377847,0.6733299493260243,1.9197109014118103,3
6,0.023,0.9998578602303135,0.0001421397696864668,0.6733299493260243,1.9197109014118103,3
6,0.024,0.9998452329367814,0.00015476706321859712,0.6733299493260243,1.9197109014118103,3
6,0.025,0.9998320685520746,0.0001679314479253735,0.6733299493260243,1.9197109014118103,3
6,0.026,0.9998183671055765,0.00018163289442352237,0.6733299493260243,1.9197109014118103,3
6,0.027,0.9998041286290096,0.00019587137099041918,0.6733299493260243,1.9197109014118103,3
6,0.028,0.9997893531540238,0.00021064684597615901,0.6733299493260243,1.9197109014118103,3
6,0.029,0.9997740407150747,0.00022595928492530337,0.6733299493260243,1.9197109014118103,3
6,0.03,0.9997581913469313,0.00024180865306866473,0.6733299493260243,1.9197109014118103,3
6,0.031,0.9997418050857112,0.0002581949142888007,0.6733299493260243,1.9197109014118103,3
6,0.032,0.9997248819691251,0.00027511803087487685,0.6733299493260243,1.9197109014118103,3
6,0.033,0.9997074220342876,0.0002925779657123595,0.6733299493260243,1.9197109014118103,3
6,0.034,0.9996894253227058,0.0003105746772942286,0.6733299493260243,1.9197109014118103,3
6,0.035,0.9996708918744703,0.0003291081255296646,0.6733299493260243,1.9197109014118103,3
6,0.036,0.999651821732123,0.00034817826787703066,0.6733299493260243,1.9197109014118103,3
6,0.037,0.9996322149390467,0.0003677850609532518,0.6733299493260243,1.9197109014118103,3
6,0.038,0.9996120715399877,0.0003879284600123434,0.6733299493260243,1.9197109014118103,3
6,0.039,0.9995913915808557,0.00040860841914425183,0.6733299493260243,1.9197109014118103,3
6,0.04,0.9995701751089042,0.0004298248910957758,0.6733299493260243,1.9197109014118103,3
6,0.041,0.9995484221717766,0.00045157782822335957,0.6733299493260243,1.9197109014118103,3
6,0.042,0.9995261328200379,0.00047386717996211747,0.6733299493260243,1.9197109014118103,3
6,0.043,0.9995033071041816,0.0004966928958184402,0.6733299493260243,1.9197109014118103,3
6,0.044,0.9994799450754264,0.0005200549245736319,0.6733299493260243,1.9197109014118103,3
6,0.045,0.9994560467880963,0.0005439532119037027,0.6733299493260243,1.9197109014118103,3
6,0.046,0.9994316122962645,0.0005683877037354623,0.6733299493260243,1.9197109014118103,3
6,0.047,0.9994066416554842,0.0005933583445157931,0.6733299493260243,1.9197109014118103,3
6,0.048,0.9993811349228933,0.0006188650771067339,0.6733299493260243,1.9197109014118103,3
6,0.049,0.9993550921562677,0.0006449078437322786,0.6733299493260243,1.9197109014118103,3
6,0.05,0.9993285134153985,0.0006714865846014773,0.6733299493260243,1.9197109014118103,3
6,0.051,0.9993013987604263,0.0006986012395736596,0.6733299493260243,1.9197109014118103,3
6,0.052,0.999273748253406,0.0007262517465940199,0.6733299493260243,1.9197109014118103,3
6,0.053,0.9992455619573366,0.0007544380426633968,0.6733299493260243,1.9197109014118103,3
6,0.054,0.9992168399362782,0.0007831600637218106,0.6733299493260243,1.9197109014118103,3
6,0.055,0.9991875822558255,0.0008124177441745095,0.6733299493260243,1.9197109014118103,3
6,0.056,0.9991577889826353,0.0008422110173647024,0.6733299493260243,1.9197109014118103,3
6,0.057,0.9991274601845688,0.000872539815431228,0.6733299493260243,1.9197109014118103,3
6,0.058,0.999096595930991,0.0009034040690090173,0.6733299493260243,1.9197109014118103,3
6,0.059,0.9990651962913066,0.0009348037086933658,0.6733299493260243,1.9197109014118103,3
6,0.06,0.9990332613383536,0.0009667386616464269,0.6733299493260243,1.9197109014118103,3
6,0.061,0.9990007911436933,0.000999208856306666,0.6733299493260243,1.9197109014118103,3
6,0.062,0.9989677857821321,0.0010322142178679217,0.6733299493260243,1.9197109014118103,3
6,0.063,0.9989342453285801,0.001065754671419894,0.6733299493260243,1.9197109014118103,3
6,0.064,0.9989001698595127,0.0010998301404873123,0.6733299493260243,1.9197109014118103,3
6,0.065,0.998865559452648,0.0011344405473520114,0.6733299493260243,1.9197109014118103,3
6,0.066,0.9988304141864405,0.001169585813559526,0.6733299493260243,1.9197109014118103,3
6,0.067,0.9987947341413167,0.001205265858683302,0.6733299493260243,1.9197109014118103,3
6,0.068,0.9987585193984797,0.001241480601520295,0.6733299493260243,1.9197109014118103,3
6,0.069,0.9987217700404186,0.0012782299595813784,0.6733299493260243,1.9197109014118103,3
6,0.07,0.9986844861508699,0.00131551384913009,0.6733299493260243,1.9197109014118103,3
6,0.071,0.9986466678147977,0.0013533321852022828,0.6733299493260243,1.9197109014118103,3
6,0.072,0.9986083151181842,0.0013916848818158467,0.6733299493260243,1.9197109014118103,3
6,0.073,0.9985694281485838,0.0014305718514161514,0.6733299493260243,1.9197109014118103,3
6,0.074,0.9985300069945511,0.0014699930054489219,0.6733299493260243,1.9197109014118103,3
6,0.075,0.9984900517457062,0.001509948254293847,0.6733299493260243,1.9197109014118103,3
6,0.076,0.9984495624932829,0.0015504375067171283,0.6733299493260243,1.9197109014118103,3
6,0.077,0.9984085393293325,0.0015914606706675105,0.6733299493260243,1.9197109014118103,3
6,0.078,0.9983669823474702,0.0016330176525297668,0.6733299493260243,1.9197109014118103,3
6,0.079,0.9983248916421966,0.0016751083578033787,0.6733299493260243,1.9197109014118103,3
6,0.08,0.9982822673093978,0.0017177326906021584,0.6733299493260243,1.9197109014118103,3
6,0.081,0.998239109446083,0.0017608905539170383,0.6733299493260243,1.9197109014118103,3
6,0.082,0.9981954181509123,0.0018045818490877163,0.6733299493260243,1.9197109014118103,3
6,0.083,0.9981511935227435,0.0018488064772564927,0.6733299493260243,1.9197109014118103,3
6,0.084,0.9981064356628719,0.001893564337128062,0.6733299493260243,1.9197109014118103,3
6,0.085,0.9980611446729473,0.0019388553270527353,0.6733299493260243,1.9197109014118103,3
6,0.086,0.998015320656224,0.001984679343775997,0.6733299493260243,1.9197109014118103,3
6,0.087,0.9979689637170475,0.0020310362829525364,0.6733299493260243,1.9197109014118103,3
6,0.088,0.9979220739607931,0.0020779260392068677,0.6733299493260243,1.9197109014118103,3
6,0.089,0.9978746514944856,0.0021253485055143795,0.6733299493260243,1.9197109014118103,3
6,0.09,0.9978266964259414,0.0021733035740586493,0.6733299493260243,1.9197109014118103,3
6,0.091,0.9977782088644176,0.002221791135582407,0.6733299493260243,1.9197109014118103,3
6,0.092,0.9977291889203179,0.002270811079682078,0.6733299493260243,1.9197109014118103,3
6,0.093,0.99767963670524,0.0023203632947600417,0.6733299493260243,1.9197109014118103,3
6,0.094,0.9976295523321755,0.00237044766782446,0.6733299493260243,1.9197109014118103,3
6,0.095,0.9975789359146652,0.002421064085334823,0.6733299493260243,1.9197109014118103,3
6,0.096,0.9975277875684553,0.002472212431544718,0.6733299493260243,1.9197109014118103,3
6,0.097,0.9974761074097064,0.0025238925902936193,0.6733299493260243,1.9197109014118103,3
6,0.098,0.9974238955561852,0.0025761044438148417,0.6733299493260243,1.9197109014118103,3
6,0.099,0.9973711521267373,0.002628847873262674,0.6733299493260243,1.9197109014118103,3
6,0.1,0.9973178772414432,0.0026821227585568375,0.6733299493260243,1.9197109014118103,3
6,0.101,0.9972640710215721,0.002735928978427893,0.6733299493260243,1.9197109014118103,3
6,0.102,0.9972097335895241,0.002790266410475861,0.6733299493260243,1.9197109014118103,3
6,0.103,0.9971548650691795,0.002845134930820503,0.6733299493260243,1.9197109014118103,3
6,0.104,0.9970994655850887,0.0029005344149113377,0.6733299493260243,1.9197109014118103,3
6,0.105,0.9970435352636663,0.002956464736333708,0.6733299493260243,1.9197109014118103,3
6,0.106,0.9969870742320143,0.00301292576798573,0.6733299493260243,1.9197109014118103,3
6,0.107,0.9969300826187634,0.003069917381236631,0.6733299493260243,1.9197109014118103,3
6,0.108,0.9968725605535701,0.0031274394464299027,0.6733299493260243,1.9197109014118103,3
6,0.109,0.9968145081673535,0.003185491832646492,0.6733299493260243,1.9197109014118103,3
6,0.11,0.9967559255922007,0.00324407440779928,0.6733299493260243,1.9197109014118103,3
6,0.111,0.9966968129614685,0.0033031870385314965,0.6733299493260243,1.9197109014118103,3
6,0.112,0.9966371704096044,0.0033628295903955774,0.6733299493260243,1.9197109014118103,3
6,0.113,0.9965769980724093,0.0034230019275907075,0.6733299493260243,1.9197109014118103,3
6,0.114,0.9965162960867326,0.0034837039132673553,0.6733299493260243,1.9197109014118103,3
6,0.115,0.9964550645907472,0.003544935409252825,0.6733299493260243,1.9197109014118103,3
6,0.116,0.9963933037239062,0.0036066962760937793,0.6733299493260243,1.9197109014118103,3
6,0.117,0.996331013626246,0.003668986373754013,0.6733299493260243,1.9197109014118103,3
6,0.118,0.9962681944399828,0.0037318055600171762,0.6733299493260243,1.9197109014118103,3
6,0.119,0.9962048463078996,0.0037951536921003726,0.6733299493260243,1.9197109014118103,3
6,0.12,0.9961409693740257,0.003859030625974258,0.6733299493260243,1.9197109014118103,3
6,0.121,0.9960765637837651,0.003923436216234921,0.6733299493260243,1.9197109014118103,3
6,0.122,0.9960116296835911,0.003988370316408862,0.6733299493260243,1.9197109014118103,3
6,0.123,0.9959461672212266,0.004053832778773359,0.6733299493260243,1.9197109014118103,3
6,0.124,0.9958801765455718,0.004119823454428184,0.6733299493260243,1.9197109014118103,3
6,0.125,0.995813657806742,0.004186342193257975,0.6733299493260243,1.9197109014118103,3
6,0.126,0.9957466111560194,0.004253388843980632,0.6733299493260243,1.9197109014118103,3
6,0.127,0.9956790367459076,0.004320963254092369,0.6733299493260243,1.9197109014118103,3
6,0.128,0.9956109347301129,0.004389065269887138,0.6733299493260243,1.9197109014118103,3
6,0.129,0.9955423052634539,0.004457694736546114,0.6733299493260243,1.9197109014118103,3
6,0.13,0.9954731485020795,0.0045268514979205365,0.6733299493260243,1.9197109014118103,3
6,0.131,0.9954034646032491,0.004596535396750867,0.6733299493260243,1.9197109014118103,3
6,0.132,0.9953332537253795,0.004666746274620492,0.6733299493260243,1.9197109014118103,3
6,0.133,0.9952625160281758,0.0047374839718241635,0.6733299493260243,1.9197109014118103,3
6,0.134,0.9951912516724754,0.004808748327524648,0.6733299493260243,1.9197109014118103,3
6,0.135,0.9951194608203678,0.0048805391796321596,0.6733299493260243,1.9197109014118103,3
6,0.136,0.9950471436348846,0.004952856365115443,0.6733299493260243,1.9197109014118103,3
6,0.137,0.9949743002806964,0.005025699719303556,0.6733299493260243,1.9197109014118103,3
6,0.138,0.9949009309232479,0.005099069076752061,0.6733299493260243,1.9197109014118103,3
6,0.139,0.9948270357294152,0.005172964270584779,0.6733299493260243,1.9197109014118103,3
6,0.14,0.9947526148671514,0.005247385132848614,0.6733299493260243,1.9197109014118103,3
6,0.141,0.9946776685056611,0.005322331494338917,0.6733299493260243,1.9197109014118103,3
6,0.142,0.9946021968153012,0.005397803184698846,0.6733299493260243,1.9197109014118103,3
6,0.143,0.9945261999676112,0.0054738000323888425,0.6733299493260243,1.9197109014118103,3
6,0.144,0.9944496781353721,0.005550321864627894,0.6733299493260243,1.9197109014118103,3
6,0.145,0.9943726314923882,0.005627368507611807,0.6733299493260243,1.9197109014118103,3
6,0.146,0.9942950602138981,0.00570493978610187,0.6733299493260243,1.9197109014118103,3
6,0.147,0.994216964476153,0.005783035523846958,0.6733299493260243,1.9197109014118103,3
6,0.148,0.9941383444566304,0.005861655543369593,0.6733299493260243,1.9197109014118103,3
6,0.149,0.9940592003339958,0.005940799666004248,0.6733299493260243,1.9197109014118103,3
6,0.15,0.9939795322880866,0.006020467711913446,0.6733299493260243,1.9197109014118103,3
6,0.151,0.9938993404999419,0.006100659500058114,0.6733299493260243,1.9197109014118103,3
6,0.152,0.993818625151793,0.006181374848207022,0.6733299493260243,1.9197109014118103,3
6,0.153,0.9937373864269677,0.006262613573032261,0.6733299493260243,1.9197109014118103,3
6,0.154,0.9936556245101101,0.006344375489889864,0.6733299493260243,1.9197109014118103,3
6,0.155,0.9935733395869808,0.006426660413019203,0.6733299493260243,1.9197109014118103,3
6,0.156,0.9934905318444361,0.006509468155563858,0.6733299493260243,1.9197109014118103,3
6,0.157,0.9934072014706358,0.00659279852936423,0.6733299493260243,1.9197109014118103,3
6,0.158,0.9933233486548935,0.006676651345106532,0.6733299493260243,1.9197109014118103,3
6,0.159,0.9932389735876741,0.006761026412325899,0.6733299493260243,1.9197109014118103,3
6,0.16,0.9931540764605925,0.006845923539407495,0.6733299493260243,1.9197109014118103,3
6,0.161,0.9930686574665136,0.006931342533486373,0.6733299493260243,1.9197109014118103,3
6,0.162,0.9929827167994214,0.0070172832005785946,0.6733299493260243,1.9197109014118103,3
6,0.163,0.9928962546545068,0.007103745345493184,0.6733299493260243,1.9197109014118103,3
6,0.164,0.9928092712280956,0.007190728771904409,0.6733299493260243,1.9197109014118103,3
6,0.165,0.9927217667177616,0.007278233282238422,0.6733299493260243,1.9197109014118103,3
6,0.166,0.992633741322129,0.007366258677870996,0.6733299493260243,1.9197109014118103,3
6,0.167,0.992545195241179,0.007454804758820988,0.6733299493260243,1.9197109014118103,3
6,0.168,0.9924561286758457,0.00754387132415435,0.6733299493260243,1.9197109014118103,3
6,0.169,0.992366541828465,0.007633458171535046,0.6733299493260243,1.9197109014118103,3
6,0.17,0.992276434902311,0.007723565097689011,0.6733299493260243,1.9197109014118103,3
6,0.171,0.9921858081020408,0.007814191897959177,0.6733299493260243,1.9197109014118103,3
6,0.172,0.9920946616333384,0.00790533836666163,0.6733299493260243,1.9197109014118103,3
6,0.173,0.9920029957031338,0.007997004296866228,0.6733299493260243,1.9197109014118103,3
6,0.174,0.9919108105194732,0.008089189480526837,0.6733299493260243,1.9197109014118103,3
6,0.175,0.9918181062915992,0.008181893708400834,0.6733299493260243,1.9197109014118103,3
6,0.176,0.9917248832299314,0.008275116770068647,0.6733299493260243,1.9197109014118103,3
6,0.177,0.99163114154603,0.008368858453969952,0.6733299493260243,1.9197109014118103,3
6,0.178,0.991536881452675,0.008463118547324955,0.6733299493260243,1.9197109014118103,3
6,0.179,0.9914421031636798,0.008557896836320245,0.6733299493260243,1.9197109014118103,3
6,0.18,0.991346806894204,0.008653193105796042,0.6733299493260243,1.9197109014118103,3
6,0.181,0.9912509928604487,0.00874900713955129,0.6733299493260243,1.9197109014118103,3
6,0.182,0.9911546612798292,0.008845338720170792,0.6733299493260243,1.9197109014118103,3
6,0.183,0.9910578123708615,0.008942187629138454,0.6733299493260243,1.9197109014118103,3
6,0.184,0.9909604463533124,0.009039553646687626,0.6733299493260243,1.9197109014118103,3
6,0.185,0.9908625634480558,0.009137436551944211,0.6733299493260243,1.9197109014118103,3
6,0.186,0.9907641638771341,0.009235836122865937,0.6733299493260243,1.9197109014118103,3
6,0.187,0.9906652478637654,0.009334752136234581,0.6733299493260243,1.9197109014118103,3
6,0.188,0.9905658156322877,0.009434184367712262,0.6733299493260243,1.9197109014118103,3
6,0.189,0.9904658674082434,0.009534132591756617,0.6733299493260243,1.9197109014118103,3
6,0.19,0.9903654034183279,0.009634596581672095,0.6733299493260243,1.9197109014118103,3
6,0.191,0.9902644238903419,0.00973557610965814,0.6733299493260243,1.9197109014118103,3
6,0.192,0.9901629290533164,0.009837070946683624,0.6733299493260243,1.9197109014118103,3
6,0.193,0.9900609191373906,0.009939080862609417,0.6733299493260243,1.9197109014118103,3
6,0.194,0.9899583943738861,0.010041605626113892,0.6733299493260243,1.9197109014118103,3
6,0.195,0.9898553549952297,0.010144645004770303,0.6733299493260243,1.9197109014118103,3
6,0.196,0.9897518012350901,0.0102481987649099,0.6733299493260243,1.9197109014118103,3
6,0.197,0.9896477333281605,0.010352266671839527,0.6733299493260243,1.9197109014118103,3
6,0.198,0.9895431515104339,0.010456848489566073,0.6733299493260243,1.9197109014118103,3
6,0.199,0.9894380560189348,0.010561943981065247,0.6733299493260243,1.9197109014118103,3
6,0.2,0.9893324470919239,0.010667552908076083,0.6733299493260243,1.9197109014118103,3
6,0.201,0.9892263249687459,0.010773675031254148,0.6733299493260243,1.9197109014118103,3
6,0.202,0.9891196898899374,0.01088031011006263,0.6733299493260243,1.9197109014118103,3
6,0.203,0.9890125420971652,0.01098745790283484,0.6733299493260243,1.9197109014118103,3
6,0.204,0.9889048818332494,0.011095118166750573,0.6733299493260243,1.9197109014118103,3
6,0.205,0.9887967093421687,0.011203290657831322,0.6733299493260243,1.9197109014118103,3
6,0.206,0.9886880248689932,0.01131197513100679,0.6733299493260243,1.9197109014118103,3
6,0.207,0.9885788286600281,0.011421171339971892,0.6733299493260243,1.9197109014118103,3
6,0.208,0.988469120962651,0.011530879037348951,0.6733299493260243,1.9197109014118103,3
6,0.209,0.9883589020254311,0.011641097974568915,0.6733299493260243,1.9197109014118103,3
6,0.21,0.9882481720980185,0.011751827901981482,0.6733299493260243,1.9197109014118103,3
6,0.211,0.98813693143128,0.011863068568719992,0.6733299493260243,1.9197109014118103,3
6,0.212,0.98802518027718,0.011974819722819996,0.6733299493260243,1.9197109014118103,3
6,0.213,0.9879129188888364,0.012087081111163633,0.6733299493260243,1.9197109014118103,3
6,0.214,0.9878001475204926,0.01219985247950739,0.6733299493260243,1.9197109014118103,3
6,0.215,0.9876868664275543,0.012313133572445678,0.6733299493260243,1.9197109014118103,3
6,0.216,0.987573075866559,0.012426924133441042,0.6733299493260243,1.9197109014118103,3
6,0.217,0.9874587760951483,0.012541223904851684,0.6733299493260243,1.9197109014118103,3
6,0.218,0.9873439673721653,0.012656032627834657,0.6733299493260243,1.9197109014118103,3
6,0.219,0.9872286499575297,0.01277135004247032,0.6733299493260243,1.9197109014118103,3
6,0.22,0.9871128241123318,0.01288717588766819,0.6733299493260243,1.9197109014118103,3
6,0.221,0.9869964900987847,0.013003509901215349,0.6733299493260243,1.9197109014118103,3
6,0.222,0.9868796481802342,0.013120351819765785,0.6733299493260243,1.9197109014118103,3
6,0.223,0.9867622986211504,0.013237701378849609,0.6733299493260243,1.9197109014118103,3
6,0.224,0.9866444416871566,0.013355558312843407,0.6733299493260243,1.9197109014118103,3
6,0.225,0.9865260776449937,0.01347392235500633,0.6733299493260243,1.9197109014118103,3
6,0.226,0.9864072067625298,0.013592793237470202,0.6733299493260243,1.9197109014118103,3
6,0.227,0.9862878293087771,0.01371217069122288,0.6733299493260243,1.9197109014118103,3
6,0.228,0.9861679455538549,0.013832054446145103,0.6733299493260243,1.9197109014118103,3
6,0.229,0.9860475557690377,0.013952444230962313,0.6733299493260243,1.9197109014118103,3
6,0.23,0.9859266602266994,0.014073339773300608,0.6733299493260243,1.9197109014118103,3
6,0.231,0.9858052592003504,0.014194740799649552,0.6733299493260243,1.9197109014118103,3
6,0.232,0.9856833529646397,0.014316647035360286,0.6733299493260243,1.9197109014118103,3
6,0.233,0.9855609417953377,0.014439058204662292,0.6733299493260243,1.9197109014118103,3
6,0.234,0.98543802596929,0.014561974030710023,0.6733299493260243,1.9197109014118103,3
6,0.235,0.9853146057645469,0.01468539423545312,0.6733299493260243,1.9197109014118103,3
6,0.236,0.9851906814602311,0.014809318539768856,0.6733299493260243,1.9197109014118103,3
6,0.237,0.9850662533365717,0.014933746663428282,0.6733299493260243,1.9197109014118103,3
6,0.238,0.9849413216750001,0.015058678324999852,0.6733299493260243,1.9197109014118103,3
6,0.239,0.9848158867578949,0.015184113242105113,0.6733299493260243,1.9197109014118103,3
6,0.24,0.9846899488689611,0.015310051131038893,0.6733299493260243,1.9197109014118103,3
6,0.241,0.9845635082929007,0.015436491707099265,0.6733299493260243,1.9197109014118103,3
6,0.242,0.9844365653155563,0.015563434684443656,0.6733299493260243,1.9197109014118103,3
6,0.243,0.9843091202238832,0.01569087977611683,0.6733299493260243,1.9197109014118103,3
6,0.244,0.9841811733059544,0.01581882669404555,0.6733299493260243,1.9197109014118103,3
6,0.245,0.9840527248509657,0.015947275149034268,0.6733299493260243,1.9197109014118103,3
6,0.246,0.9839237751492023,0.016076224850797738,0.6733299493260243,1.9197109014118103,3
6,0.247,0.9837943244920928,0.01620567550790719,0.6733299493260243,1.9197109014118103,3
6,0.248,0.9836643731721516,0.016335626827848393,0.6733299493260243,1.9197109014118103,3
6,0.249,0.9835339214830182,0.016466078516981786,0.6733299493260243,1.9197109014118103,3
6,0.25,0.9834029697194342,0.016597030280565805,0.6733299493260243,1.9197109014118103,3
6,0.251,0.9832715181772528,0.01672848182274722,0.6733299493260243,1.9197109014118103,3
6,0.252,0.9831395671534533,0.016860432846546702,0.6733299493260243,1.9197109014118103,3
6,0.253,0.9830071169460449,0.016992883053955077,0.6733299493260243,1.9197109014118103,3
6,0.254,0.9828741678542646,0.017125832145735376,0.6733299493260243,1.9197109014118103,3
6,0.255,0.9827407201783486,0.01725927982165143,0.6733299493260243,1.9197109014118103,3
6,0.256,0.9826067742196821,0.017393225780317878,0.6733299493260243,1.9197109014118103,3
6,0.257,0.9824723302807669,0.01752766971923314,0.6733299493260243,1.9197109014118103,3
6,0.258,0.9823373886651797,0.017662611334820277,0.6733299493260243,1.9197109014118103,3
6,0.259,0.9822019496776053,0.017798050322394676,0.6733299493260243,1.9197109014118103,3
6,0.26,0.9820660136238345,0.0179339863761655,0.6733299493260243,1.9197109014118103,3
6,0.261,0.9819295808107474,0.018070419189252562,0.6733299493260243,1.9197109014118103,3
6,0.262,0.9817926515463361,0.018207348453663896,0.6733299493260243,1.9197109014118103,3
6,0.263,0.9816552261396668,0.018344773860333174,0.6733299493260243,1.9197109014118103,3
6,0.264,0.9815173049009339,0.018482695099066082,0.6733299493260243,1.9197109014118103,3
6,0.265,0.9813788881413975,0.01862111185860249,0.6733299493260243,1.9197109014118103,3
6,0.266,0.9812399761734321,0.01876002382656794,0.6733299493260243,1.9197109014118103,3
6,0.267,0.9811005693104963,0.018899430689503727,0.6733299493260243,1.9197109014118103,3
6,0.268,0.9809606678671438,0.019039332132856246,0.6733299493260243,1.9197109014118103,3
6,0.269,0.9808202721590165,0.01917972784098354,0.6733299493260243,1.9197109014118103,3
6,0.27,0.9806793825028798,0.019320617497120218,0.6733299493260243,1.9197109014118103,3
6,0.271,0.9805379992164688,0.01946200078353122,0.6733299493260243,1.9197109014118103,3
6,0.272,0.9803961226187865,0.019603877381213497,0.6733299493260243,1.9197109014118103,3
6,0.273,0.9802537530298,0.0197462469702,0.6733299493260243,1.9197109014118103,3
6,0.274,0.9801108907706043,0.019889109229395685,0.6733299493260243,1.9197109014118103,3
6,0.275,0.9799675361633511,0.020032463836648917,0.6733299493260243,1.9197109014118103,3
6,0.276,0.9798236895313184,0.020176310468681624,0.6733299493260243,1.9197109014118103,3
6,0.277,0.9796793511988381,0.02032064880116191,0.6733299493260243,1.9197109014118103,3
6,0.278,0.9795345214913298,0.0204654785086702,0.6733299493260243,1.9197109014118103,3
6,0.279,0.9793892007353016,0.020610799264698443,0.6733299493260243,1.9197109014118103,3
6,0.28,0.9792433892583353,0.020756610741664683,0.6733299493260243,1.9197109014118103,3
6,0.281,0.9790970873890992,0.020902912610900826,0.6733299493260243,1.9197109014118103,3
6,0.282,0.9789502954573257,0.021049704542674297,0.6733299493260243,1.9197109014118103,3
6,0.283,0.9788030137938428,0.021196986206157176,0.6733299493260243,1.9197109014118103,3
6,0.284,0.9786552427305454,0.021344757269454617,0.6733299493260243,1.9197109014118103,3
6,0.285,0.9785069826004105,0.02149301739958953,0.6733299493260243,1.9197109014118103,3
6,0.286,0.9783582337374551,0.02164176626254488,0.6733299493260243,1.9197109014118103,3
6,0.287,0.97820899647683,0.021791003523169983,0.6733299493260243,1.9197109014118103,3
6,0.288,0.9780592711547235,0.021940728845276536,0.6733299493260243,1.9197109014118103,3
6,0.289,0.9779090581083824,0.022090941891617644,0.6733299493260243,1.9197109014118103,3
6,0.29,0.9777583576761378,0.022241642323862165,0.6733299493260243,1.9197109014118103,3
6,0.291,0.9776071701974023,0.022392829802597713,0.6733299493260243,1.9197109014118103,3
6,0.292,0.977455496012642,0.022544503987357967,0.6733299493260243,1.9197109014118103,3
6,0.293,0.9773033354633951,0.022696664536604905,0.6733299493260243,1.9197109014118103,3
6,0.294,0.9771506888922623,0.02284931110773769,0.6733299493260243,1.9197109014118103,3
6,0.295,0.976997556642915,0.023002443357085012,0.6733299493260243,1.9197109014118103,3
6,0.296,0.9768439390600698,0.023156060939930168,0.6733299493260243,1.9197109014118103,3
6,0.297,0.9766898364895366,0.023310163510463444,0.6733299493260243,1.9197109014118103,3
6,0.298,0.9765352492781586,0.0234647507218414,0.6733299493260243,1.9197109014118103,3
6,0.299,0.9763801777738663,0.02361982222613368,0.6733299493260243,1.9197109014118103,3
6,0.3,0.9762246223256227,0.023775377674377318,0.6733299493260243,1.9197109014118103,3
6,0.301,0.9760685832834524,0.023931416716547638,0.6733299493260243,1.9197109014118103,3
6,0.302,0.975912060998468,0.024087939001532055,0.6733299493260243,1.9197109014118103,3
6,0.303,0.9757550558228132,0.02424494417718681,0.6733299493260243,1.9197109014118103,3
6,0.304,0.9755975681096752,0.02440243189032476,0.6733299493260243,1.9197109014118103,3
6,0.305,0.9754395982133247,0.02456040178667529,0.6733299493260243,1.9197109014118103,3
6,0.306,0.9752811464890669,0.02471885351093306,0.6733299493260243,1.9197109014118103,3
6,0.307,0.9751222132932684,0.024877786706731575,0.6733299493260243,1.9197109014118103,3
6,0.308,0.9749627989833275,0.025037201016672506,0.6733299493260243,1.9197109014118103,3
6,0.309,0.9748029039177277,0.025197096082272274,0.6733299493260243,1.9197109014118103,3
6,0.31,0.9746425284559649,0.025357471544035115,0.6733299493260243,1.9197109014118103,3
6,0.311,0.9744816729585793,0.025518327041420652,0.6733299493260243,1.9197109014118103,3
6,0.312,0.9743203377872092,0.025679662212790832,0.6733299493260243,1.9197109014118103,3
6,0.313,0.9741585233044849,0.025841476695515064,0.6733299493260243,1.9197109014118103,3
6,0.314,0.973996229874121,0.026003770125878956,0.6733299493260243,1.9197109014118103,3
6,0.315,0.973833457860813,0.02616654213918701,0.6733299493260243,1.9197109014118103,3
6,0.316,0.9736702076303745,0.026329792369625515,0.6733299493260243,1.9197109014118103,3
6,0.317,0.9735064795496166,0.026493520450383445,0.6733299493260243,1.9197109014118103,3
6,0.318,0.9733422739863862,0.026657726013613825,0.6733299493260243,1.9197109014118103,3
6,0.319,0.9731775913095916,0.026822408690408417,0.6733299493260243,1.9197109014118103,3
6,0.32,0.9730124318891644,0.02698756811083558,0.6733299493260243,1.9197109014118103,3
6,0.321,0.9728467960960778,0.027153203903922174,0.6733299493260243,1.9197109014118103,3
6,0.322,0.9726806843023321,0.02731931569766788,0.6733299493260243,1.9197109014118103,3
6,0.323,0.9725140968809681,0.027485903119031874,0.6733299493260243,1.9197109014118103,3
6,0.324,0.9723470342060617,0.027652965793938278,0.6733299493260243,1.9197109014118103,3
6,0.325,0.9721794966527092,0.027820503347290804,0.6733299493260243,1.9197109014118103,3
6,0.326,0.9720114845970509,0.02798851540294911,0.6733299493260243,1.9197109014118103,3
6,0.327,0.9718429984162421,0.02815700158375789,0.6733299493260243,1.9197109014118103,3
6,0.328,0.9716740384884827,0.02832596151151734,0.6733299493260243,1.9197109014118103,3
6,0.329,0.9715046051929856,0.02849539480701435,0.6733299493260243,1.9197109014118103,3
6,0.33,0.9713346989099982,0.02866530109000176,0.6733299493260243,1.9197109014118103,3
6,0.331,0.9711643200207818,0.02883567997921821,0.6733299493260243,1.9197109014118103,3
6,0.332,0.970993468907635,0.02900653109236495,0.6733299493260243,1.9197109014118103,3
6,0.333,0.9708221459538684,0.0291778540461316,0.6733299493260243,1.9197109014118103,3
6,0.334,0.9706503515438176,0.029349648456182376,0.6733299493260243,1.9197109014118103,3
6,0.335,0.9704780860628435,0.02952191393715653,0.6733299493260243,1.9197109014118103,3
6,0.336,0.9703053498973057,0.029694650102694342,0.6733299493260243,1.9197109014118103,3
6,0.337,0.9701321434345977,0.02986785656540225,0.6733299493260243,1.9197109014118103,3
6,0.338,0.9699584670631347,0.03004153293686529,0.6733299493260243,1.9197109014118103,3
6,0.339,0.9697843211723409,0.030215678827659076,0.6733299493260243,1.9197109014118103,3
6,0.34,0.9696097061526333,0.03039029384736669,0.6733299493260243,1.9197109014118103,3
6,0.341,0.9694346223954776,0.03056537760452238,0.6733299493260243,1.9197109014118103,3
6,0.342,0.9692590702933281,0.03074092970667186,0.6733299493260243,1.9197109014118103,3
6,0.343,0.9690830502396665,0.030916949760333545,0.6733299493260243,1.9197109014118103,3
6,0.344,0.968906562628941,0.031093437371058963,0.6733299493260243,1.9197109014118103,3
6,0.345,0.9687296078566661,0.031270392143333936,0.6733299493260243,1.9197109014118103,3
6,0.346,0.9685521863193273,0.03144781368067273,0.6733299493260243,1.9197109014118103,3
6,0.347,0.9683742984144215,0.031625701585578536,0.6733299493260243,1.9197109014118103,3
6,0.348,0.968195944540455,0.03180405545954501,0.6733299493260243,1.9197109014118103,3
6,0.349,0.9680171250969343,0.03198287490306573,0.6733299493260243,1.9197109014118103,3
6,0.35,0.9678378404843534,0.032162159515646604,0.6733299493260243,1.9197109014118103,3
6,0.351,0.9676580911042304,0.0323419088957696,0.6733299493260243,1.9197109014118103,3
6,0.352,0.9674778773590754,0.03252212264092458,0.6733299493260243,1.9197109014118103,3
6,0.353,0.9672971996523914,0.03270280034760864,0.6733299493260243,1.9197109014118103,3
6,0.354,0.9671160583886811,0.03288394161131891,0.6733299493260243,1.9197109014118103,3
6,0.355,0.9669344539734271,0.033065546026572856,0.6733299493260243,1.9197109014118103,3
6,0.356,0.9667523868131355,0.03324761318686453,0.6733299493260243,1.9197109014118103,3
6,0.357,0.96656985731529,0.03343014268471001,0.6733299493260243,1.9197109014118103,3
6,0.358,0.9663868658883594,0.033613134111640575,0.6733299493260243,1.9197109014118103,3
6,0.359,0.9662034129418174,0.03379658705818256,0.6733299493260243,1.9197109014118103,3
6,0.36,0.9660194988861108,0.03398050111388917,0.6733299493260243,1.9197109014118103,3
6,0.361,0.9658351241326913,0.03416487586730865,0.6733299493260243,1.9197109014118103,3
6,0.362,0.9656502890939791,0.0343497109060209,0.6733299493260243,1.9197109014118103,3
6,0.363,0.965464994183399,0.03453500581660096,0.6733299493260243,1.9197109014118103,3
6,0.364,0.965279239815349,0.03472076018465098,0.6733299493260243,1.9197109014118103,3
6,0.365,0.9650930264052024,0.03490697359479755,0.6733299493260243,1.9197109014118103,3
6,0.366,0.9649063543693357,0.035093645630664305,0.6733299493260243,1.9197109014118103,3
6,0.367,0.9647192241250825,0.035280775874917514,0.6733299493260243,1.9197109014118103,3
6,0.368,0.9645316360907702,0.035468363909229805,0.6733299493260243,1.9197109014118103,3
6,0.369,0.9643435906857004,0.035656409314299586,0.6733299493260243,1.9197109014118103,3
6,0.37,0.96415508833015,0.035844911669850044,0.6733299493260243,1.9197109014118103,3
6,0.371,0.9639661294453679,0.03603387055463214,0.6733299493260243,1.9197109014118103,3
6,0.372,0.9637767144536018,0.0362232855463982,0.6733299493260243,1.9197109014118103,3
6,0.373,0.9635868437779977,0.03641315622200225,0.6733299493260243,1.9197109014118103,3
6,0.374,0.963396517842773,0.036603482157226974,0.6733299493260243,1.9197109014118103,3
6,0.375,0.9632057370730562,0.036794262926943766,0.6733299493260243,1.9197109014118103,3
6,0.376,0.9630145018949471,0.036985498105052916,0.6733299493260243,1.9197109014118103,3
6,0.377,0.9628228127355254,0.03717718726447461,0.6733299493260243,1.9197109014118103,3
6,0.378,0.962630670022832,0.03736932997716802,0.6733299493260243,1.9197109014118103,3
6,0.379,0.9624380741858776,0.03756192581412243,0.6733299493260243,1.9197109014118103,3
6,0.38,0.9622450256546299,0.03775497434537012,0.6733299493260243,1.9197109014118103,3
6,0.381,0.9620515248600192,0.037948475139980786,0.6733299493260243,1.9197109014118103,3
6,0.382,0.9618575722339359,0.038142427766064135,0.6733299493260243,1.9197109014118103,3
6,0.383,0.9616631682092343,0.038336831790765746,0.6733299493260243,1.9197109014118103,3
6,0.384,0.9614683132197236,0.03853168678027641,0.6733299493260243,1.9197109014118103,3
6,0.385,0.961273007700178,0.038726992299822016,0.6733299493260243,1.9197109014118103,3
6,0.386,0.9610772520862946,0.038922747913705424,0.6733299493260243,1.9197109014118103,3
6,0.387,0.9608810468147754,0.039118953185224625,0.6733299493260243,1.9197109014118103,3
6,0.388,0.9606843923232389,0.03931560767676112,0.6733299493260243,1.9197109014118103,3
6,0.389,0.9604872890502666,0.03951271094973341,0.6733299493260243,1.9197109014118103,3
6,0.39,0.9602897374353879,0.039710262564612075,0.6733299493260243,1.9197109014118103,3
6,0.391,0.960091737919071,0.03990826208092901,0.6733299493260243,1.9197109014118103,3
6,0.392,0.9598932909427642,0.04010670905723579,0.6733299493260243,1.9197109014118103,3
6,0.393,0.9596943969488148,0.040305603051185246,0.6733299493260243,1.9197109014118103,3
6,0.394,0.9594950563805562,0.04050494361944379,0.6733299493260243,1.9197109014118103,3
6,0.395,0.9592952696822438,0.04070473031775623,0.6733299493260243,1.9197109014118103,3
6,0.396,0.9590950372990801,0.04090496270091992,0.6733299493260243,1.9197109014118103,3
6,0.397,0.9588943596772007,0.041105640322799286,0.6733299493260243,1.9197109014118103,3
6,0.398,0.9586932372636944,0.041306762736305624,0.6733299493260243,1.9197109014118103,3
6,0.399,0.9584916705065738,0.0415083294934262,0.6733299493260243,1.9197109014118103,3
6,0.4,0.9582896598548012,0.04171034014519881,0.6733299493260243,1.9197109014118103,3
6,0.401,0.9580872057582654,0.04191279424173455,0.6733299493260243,1.9197109014118103,3
6,0.402,0.9578843086677796,0.04211569133222037,0.6733299493260243,1.9197109014118103,3
6,0.403,0.9576809690351139,0.042319030964886095,0.6733299493260243,1.9197109014118103,3
6,0.404,0.9574771873129541,0.04252281268704594,0.6733299493260243,1.9197109014118103,3
6,0.405,0.9572729639549067,0.042727036045093314,0.6733299493260243,1.9197109014118103,3
6,0.406,0.9570682994155272,0.04293170058447282,0.6733299493260243,1.9197109014118103,3
6,0.407,0.9568631941502833,0.043136805849716686,0.6733299493260243,1.9197109014118103,3
6,0.408,0.9566576486155755,0.04334235138442455,0.6733299493260243,1.9197109014118103,3
6,0.409,0.9564516632687083,0.04354833673129166,0.6733299493260243,1.9197109014118103,3
6,0.41,0.9562452385679476,0.04375476143205237,0.6733299493260243,1.9197109014118103,3
6,0.411,0.9560383749724432,0.04396162502755685,0.6733299493260243,1.9197109014118103,3
6,0.412,0.9558310729422826,0.044168927057717355,0.6733299493260243,1.9197109014118103,3
6,0.413,0.9556233329384708,0.04437666706152921,0.6733299493260243,1.9197109014118103,3
6,0.414,0.9554151554229273,0.04458484457707268,0.6733299493260243,1.9197109014118103,3
6,0.415,0.9552065408584934,0.044793459141506564,0.6733299493260243,1.9197109014118103,3
6,0.416,0.9549974897088869,0.04500251029111313,0.6733299493260243,1.9197109014118103,3
6,0.417,0.9547880024388037,0.045211997561196315,0.6733299493260243,1.9197109014118103,3
6,0.418,0.9545780795138045,0.04542192048619553,0.6733299493260243,1.9197109014118103,3
6,0.419,0.9543677214003734,0.0456322785996266,0.6733299493260243,1.9197109014118103,3
6,0.42,0.9541569285658964,0.0458430714341036,0.6733299493260243,1.9197109014118103,3
6,0.421,0.9539457014786781,0.046054298521321924,0.6733299493260243,1.9197109014118103,3
6,0.422,0.9537340406079158,0.04626595939208422,0.6733299493260243,1.9197109014118103,3
6,0.423,0.9535219464237238,0.04647805357627621,0.6733299493260243,1.9197109014118103,3
6,0.424,0.9533094193971046,0.04669058060289544,0.6733299493260243,1.9197109014118103,3
6,0.425,0.9530964599999743,0.04690354000002572,0.6733299493260243,1.9197109014118103,3
6,0.426,0.9528830687051386,0.047116931294861386,0.6733299493260243,1.9197109014118103,3
6,0.427,0.9526692459863113,0.04733075401368869,0.6733299493260243,1.9197109014118103,3
6,0.428,0.9524549923180999,0.047545007681900064,0.6733299493260243,1.9197109014118103,3
6,0.429,0.9522403081760041,0.047759691823995865,0.6733299493260243,1.9197109014118103,3
6,0.43,0.95202519403642,0.04797480596357995,0.6733299493260243,1.9197109014118103,3
6,0.431,0.9518096503766345,0.04819034962336555,0.6733299493260243,1.9197109014118103,3
6,0.432,0.9515936776748282,0.048406322325171836,0.6733299493260243,1.9197109014118103,3
6,0.433,0.9513772764100711,0.04862272358992892,0.6733299493260243,1.9197109014118103,3
6,0.434,0.9511604470623155,0.048839552937684494,0.6733299493260243,1.9197109014118103,3
6,0.435,0.9509431901124085,0.049056809887591535,0.6733299493260243,1.9197109014118103,3
6,0.436,0.9507255060420791,0.04927449395792094,0.6733299493260243,1.9197109014118103,3
6,0.437,0.9505073953339387,0.04949260466606131,0.6733299493260243,1.9197109014118103,3
6,0.438,0.9502888584714817,0.0497111415285183,0.6733299493260243,1.9197109014118103,3
6,0.439,0.9500698959390823,0.04993010406091769,0.6733299493260243,1.9197109014118103,3
6,0.44,0.9498505082220003,0.050149491777999655,0.6733299493260243,1.9197109014118103,3
6,0.441,0.9496306958063638,0.050369304193636166,0.6733299493260243,1.9197109014118103,3
6,0.442,0.9494104591791849,0.050589540820815126,0.6733299493260243,1.9197109014118103,3
6,0.443,0.9491897988283502,0.050810201171649805,0.6733299493260243,1.9197109014118103,3
6,0.444,0.9489687152426057,0.05103128475739427,0.6733299493260243,1.9197109014118103,3
6,0.445,0.9487472089115918,0.05125279108840819,0.6733299493260243,1.9197109014118103,3
6,0.446,0.9485252803258103,0.051474719674189706,0.6733299493260243,1.9197109014118103,3
6,0.447,0.948302929976614,0.05169707002338597,0.6733299493260243,1.9197109014118103,3
6,0.448,0.948080158356251,0.051919841643748965,0.6733299493260243,1.9197109014118103,3
6,0.449,0.9478569659578228,0.05214303404217724,0.6733299493260243,1.9197109014118103,3
6,0.45,0.9476333532752942,0.05236664672470581,0.6733299493260243,1.9197109014118103,3
6,0.451,0.9474093208034973,0.05259067919650273,0.6733299493260243,1.9197109014118103,3
6,0.452,0.9471848690381135,0.0528151309618865,0.6733299493260243,1.9197109014118103,3
6,0.453,0.9469599984757021,0.053040001524297886,0.6733299493260243,1.9197109014118103,3
6,0.454,0.9467347096136665,0.05326529038633354,0.6733299493260243,1.9197109014118103,3
6,0.455,0.9465090029502753,0.05349099704972471,0.6733299493260243,1.9197109014118103,3
6,0.456,0.946282878984653,0.05371712101534698,0.6733299493260243,1.9197109014118103,3
6,0.457,0.9460563382167658,0.053943661783234176,0.6733299493260243,1.9197109014118103,3
6,0.458,0.9458293811474472,0.05417061885255281,0.6733299493260243,1.9197109014118103,3
6,0.459,0.9456020082783743,0.05439799172162574,0.6733299493260243,1.9197109014118103,3
6,0.46,0.9453742201120734,0.05462577988792661,0.6733299493260243,1.9197109014118103,3
6,0.461,0.94514601715192,0.05485398284807996,0.6733299493260243,1.9197109014118103,3
6,0.462,0.9449173999021365,0.05508260009786348,0.6733299493260243,1.9197109014118103,3
6,0.463,0.9446883688677842,0.05531163113221582,0.6733299493260243,1.9197109014118103,3
6,0.464,0.9444589245547834,0.05554107544521658,0.6733299493260243,1.9197109014118103,3
6,0.465,0.9442290674698657,0.05577093253013432,0.6733299493260243,1.9197109014118103,3
6,0.466,0.9439987981206346,0.056001201879365414,0.6733299493260243,1.9197109014118103,3
6,0.467,0.9437681170155184,0.05623188298448156,0.6733299493260243,1.9197109014118103,3
6,0.468,0.9435370246637845,0.05646297533621547,0.6733299493260243,1.9197109014118103,3
6,0.469,0.9433055215755285,0.056694478424471506,0.6733299493260243,1.9197109014118103,3
6,0.47,0.9430736082616946,0.05692639173830538,0.6733299493260243,1.9197109014118103,3
6,0.471,0.9428412852340394,0.05715871476596057,0.6733299493260243,1.9197109014118103,3
6,0.472,0.9426085530051769,0.057391446994823125,0.6733299493260243,1.9197109014118103,3
6,0.473,0.9423754120885139,0.05762458791148606,0.6733299493260243,1.9197109014118103,3
6,0.474,0.9421418629983207,0.0578581370016793,0.6733299493260243,1.9197109014118103,3
6,0.475,0.9419079062496772,0.05809209375032276,0.6733299493260243,1.9197109014118103,3
6,0.476,0.9416735423584898,0.05832645764151023,0.6733299493260243,1.9197109014118103,3
6,0.477,0.9414387718414828,0.058561228158517165,0.6733299493260243,1.9197109014118103,3
6,0.478,0.941203595216212,0.058796404783788,0.6733299493260243,1.9197109014118103,3
6,0.479,0.9409680130010416,0.0590319869989584,0.6733299493260243,1.9197109014118103,3
6,0.48,0.9407320257151678,0.059267974284832214,0.6733299493260243,1.9197109014118103,3
6,0.481,0.9404956338785896,0.05950436612141041,0.6733299493260243,1.9197109014118103,3
6,0.482,0.9402588380121363,0.05974116198786372,0.6733299493260243,1.9197109014118103,3
6,0.483,0.940021638637426,0.05997836136257395,0.6733299493260243,1.9197109014118103,3
6,0.484,0.9397840362769179,0.06021596372308213,0.6733299493260243,1.9197109014118103,3
6,0.485,0.9395460314538626,0.06045396854613738,0.6733299493260243,1.9197109014118103,3
6,0.486,0.9393076246923276,0.06069237530767235,0.6733299493260243,1.9197109014118103,3
6,0.487,0.939068816517186,0.06093118348281401,0.6733299493260243,1.9197109014118103,3
6,0.488,0.9388296074541141,0.061170392545885854,0.6733299493260243,1.9197109014118103,3
6,0.489,0.9385899980295936,0.06141000197040636,0.6733299493260243,1.9197109014118103,3
6,0.49,0.9383499887709115,0.06165001122908853,0.6733299493260243,1.9197109014118103,3
6,0.491,0.9381095802061531,0.06189041979384691,0.6733299493260243,1.9197109014118103,3
6,0.492,0.9378687728641931,0.06213122713580688,0.6733299493260243,1.9197109014118103,3
6,0.493,0.9376275672747265,0.062372432725273486,0.6733299493260243,1.9197109014118103,3
6,0.494,0.9373859639682239,0.06261403603177607,0.6733299493260243,1.9197109014118103,3
6,0.495,0.9371439634759627,0.06285603652403726,0.6733299493260243,1.9197109014118103,3
6,0.496,0.9369015663300072,0.06309843366999279,0.6733299493260243,1.9197109014118103,3
6,0.497,0.9366587730632117,0.06334122693678834,0.6733299493260243,1.9197109014118103,3
6,0.498,0.9364155842092228,0.06358441579077723,0.6733299493260243,1.9197109014118103,3
6,0.499,0.9361720003024753,0.06382799969752473,0.6733299493260243,1.9197109014118103,3
6,0.5,0.9359280218781914,0.06407197812180865,0.6733299493260243,1.9197109014118103,3
7,0.001,0.9999997137420698,2.8625793024872337e-07,0.6520668527194132,1.8649697402596042,3
7,0.002,0.9999988549688251,1.1450311748761877e-06,0.6520668527194132,1.8649697402596042,3
7,0.003,0.9999974236819,2.5763180999671675e-06,0.6520668527194132,1.8649697402596042,3
7,0.004,0.9999954198840226,4.580115977370625e-06,0.6520668527194132,1.8649697402596042,3
7,0.005,0.9999928435790113,7.15642098869651e-06,0.6520668527194132,1.8649697402596042,3
7,0.006,0.9999896929095136,1.0307090486438852e-05,0.6520668527194132,1.8649697402596042,3
7,0.007,0.9999859710008375,1.4028999162474243e-05,0.6520668527194132,1.8649697402596042,3
7,0.008,0.9999816763682555,1.832363174447682e-05,0.6520668527194132,1.8649697402596042,3
7,0.009,0.9999768092227286,2.319077727142016e-05,0.6520668527194132,1.8649697402596042,3
7,0.01,0.999971369479484,2.863052051604864e-05,0.6520668527194132,1.8649697402596042,3
7,0.011,0.9999653571860972,3.4642813902752145e-05,0.6520668527194132,1.8649697402596042,3
7,0.012,0.9999587723417273,4.122765827274666e-05,0.6520668527194132,1.8649697402596042,3
7,0.013,0.9999516149553912,4.8385044608800776e-05,0.6520668527194132,1.8649697402596042,3
7,0.014,0.9999438850454492,5.611495455082327e-05,0.6520668527194132,1.8649697402596042,3
7,0.015,0.9999355826064914,6.441739350859788e-05,0.6520668527194132,1.8649697402596042,3
7,0.016,0.9999267076836793,7.329231632069444e-05,0.6520668527194132,1.8649697402596042,3
7,0.017,0.9999172602838856,8.273971611438835e-05,0.6520668527194132,1.8649697402596042,3
7,0.018,0.9999072404145989,9.275958540111429e-05,0.6520668527194132,1.8649697402596042,3
7,0.019,0.9998966481067599,0.00010335189324006677,0.6520668527194132,1.8649697402596042,3
7,0.02,0.9998854833767732,0.00011451662322681244,0.6520668527194132,1.8649697402596042,3
7,0.021,0.9998737462461058,0.0001262537538941899,0.6520668527194132,1.8649697402596042,3
7,0.022,0.9998614367369894,0.00013856326301064925,0.6520668527194132,1.8649697402596042,3
7,0.023,0.9998485548745824,0.00015144512541764854,0.6520668527194132,1.8649697402596042,3
7,0.024,0.9998351006799673,0.00016489932003271868,0.6520668527194132,1.8649697402596042,3
7,0.025,0.9998210741793606,0.00017892582063938622,0.6520668527194132,1.8649697402596042,3
7,0.026,0.999806475402518,0.0001935245974820088,0.6520668527194132,1.8649697402596042,3
7,0.027,0.9997913043759059,0.0002086956240940907,0.6520668527194132,1.8649697402596042,3
7,0.028,0.9997755611267286,0.0002244388732713931,0.6520668527194132,1.8649697402596042,3
7,0.029,0.9997592456872263,0.00024075431277370551,0.6520668527194132,1.8649697402596042,3
7,0.03,0.9997423580880007,0.00025764191199928455,0.6520668527194132,1.8649697402596042,3
7,0.031,0.9997248983607623,0.00027510163923771813,0.6520668527194132,1.8649697402596042,3
7,0.032,0.9997068665392457,0.00029313346075432456,0.6520668527194132,1.8649697402596042,3
7,0.033,0.999688262657789,0.0003117373422110159,0.6520668527194132,1.8649697402596042,3
7,0.034,0.9996690867517986,0.00033091324820144763,0.6520668527194132,1.8649697402596042,3
7,0.035,0.9996493388601575,0.0003506611398425008,0.6520668527194132,1.8649697402596042,3
7,0.036,0.9996290190140104,0.000370980985989644,0.6520668527194132,1.8649697402596042,3
7,0.037,0.999608127258598,0.00039187274140195516,0.6520668527194132,1.8649697402596042,3
7,0.038,0.9995866636322458,0.00041333636775420235,0.6520668527194132,1.8649697402596042,3
7,0.039,0.9995646281740129,0.00043537182598707425,0.6520668527194132,1.8649697402596042,3
7,0.04,0.9995420209281639,0.0004579790718360899,0.6520668527194132,1.8649697402596042,3
7,0.041,0.999518841936562,0.00048115806343795864,0.6520668527194132,1.8649697402596042,3
7,0.042,0.9994950912440941,0.0005049087559059195,0.6520668527194132,1.8649697402596042,3
7,0.043,0.999470768895808,0.0005292311041920073,0.6520668527194132,1.8649697402596042,3
7,0.044,0.9994458749388958,0.0005541250611041937,0.6520668527194132,1.8649697402596042,3
7,0.045,0.9994204094187452,0.0005795905812547852,0.6520668527194132,1.8649697402596042,3
7,0.046,0.9993943723854161,0.0006056276145839368,0.6520668527194132,1.8649697402596042,3
7,0.047,0.9993677638889801,0.0006322361110199237,0.6520668527194132,1.8649697402596042,3
7,0.048,0.9993405839797452,0.0006594160202547661,0.6520668527194132,1.8649697402596042,3
7,0.049,0.9993128327094488,0.0006871672905511828,0.6520668527194132,1.8649697402596042,3
7,0.05,0.9992845101312527,0.0007154898687472544,0.6520668527194132,1.8649697402596042,3
7,0.051,0.9992556162991764,0.0007443837008236365,0.6520668527194132,1.8649697402596042,3
7,0.052,0.9992261512686853,0.0007738487313146969,0.6520668527194132,1.8649697402596042,3
7,0.053,0.9991961150949792,0.000803884905020813,0.6520668527194132,1.8649697402596042,3
7,0.054,0.9991655078362074,0.0008344921637926106,0.6520668527194132,1.8649697402596042,3
7,0.055,0.999134329550639,0.0008656704493610334,0.6520668527194132,1.8649697402596042,3
7,0.056,0.9991025802978994,0.0008974197021005548,0.6520668527194132,1.8649697402596042,3
7,0.057,0.9990702601384204,0.000929739861579626,0.6520668527194132,1.8649697402596042,3
7,0.058,0.9990373691336879,0.0009626308663120975,0.6520668527194132,1.8649697402596042,3
7,0.059,0.9990039073468282,0.0009960926531717984,0.6520668527194132,1.8649697402596042,3
7,0.06,0.9989698748415693,0.0010301251584307058,0.6520668527194132,1.8649697402596042,3
7,0.061,0.9989352716827977,0.0010647283172022792,0.6520668527194132,1.8649697402596042,3
7,0.062,0.9989000979364651,0.001099902063534941,0.6520668527194132,1.8649697402596042,3
7,0.063,0.9988643536699403,0.001135646330059692,0.6520668527194132,1.8649697402596042,3
7,0.064,0.9988280389512263,0.0011719610487737064,0.6520668527194132,1.8649697402596042,3
7,0.065,0.9987911538496826,0.0012088461503173553,0.6520668527194132,1.8649697402596042,3
7,0.066,0.9987536984358014,0.001246301564198582,0.6520668527194132,1.8649697402596042,3
7,0.067,0.998715672780912,0.0012843272190879995,0.6520668527194132,1.8649697402596042,3
7,0.068,0.9986770769576027,0.0013229230423973393,0.6520668527194132,1.8649697402596042,3
7,0.069,0.9986379110394641,0.001362088960535912,0.6520668527194132,1.8649697402596042,3
7,0.07,0.9985981751013479,0.0014018248986521487,0.6520668527194132,1.8649697402596042,3
7,0.071,0.9985578692190684,0.001442130780931583,0.6520668527194132,1.8649697402596042,3
7,0.072,0.9985169934696887,0.0014830065303113038,0.6520668527194132,1.8649697402596042,3
7,0.073,0.9984755479307088,0.0015244520692911934,0.6520668527194132,1.8649697402596042,3
7,0.074,0.9984335326816287,0.0015664673183712896,0.6520668527194132,1.8649697402596042,3
7,0.075,0.9983909478026045,0.0016090521973954885,0.6520668527194132,1.8649697402596042,3
7,0.076,0.9983477933747563,0.0016522066252436796,0.6520668527194132,1.8649697402596042,3
7,0.077,0.9983040694804702,0.0016959305195297647,0.6520668527194132,1.8649697402596042,3
7,0.078,0.9982597762031977,0.001740223796802276,0.6520668527194132,1.8649697402596042,3
7,0.079,0.9982149136275107,0.0017850863724893085,0.6520668527194132,1.8649697402596042,3
7,0.08,0.9981694818387985,0.0018305181612014998,0.6520668527194132,1.8649697402596042,3
7,0.081,0.9981234809240753,0.0018765190759246764,0.6520668527194132,1.8649697402596042,3
7,0.082,0.9980769109706936,0.0019230890293063796,0.6520668527194132,1.8649697402596042,3
7,0.083,0.9980297720678585,0.0019702279321415217,0.6520668527194132,1.8649697402596042,3
7,0.084,0.9979820643053859,0.002017935694614059,0.6520668527194132,1.8649697402596042,3
7,0.085,0.997933787774514,0.002066212225485975,0.6520668527194132,1.8649697402596042,3
7,0.086,0.99788494256678,0.0021150574332200467,0.6520668527194132,1.8649697402596042,3
7,0.087,0.9978355287759084,0.0021644712240915798,0.6520668527194132,1.8649697402596042,3
7,0.088,0.9977855464959953,0.002214453504004732,0.6520668527194132,1.8649697402596042,3
7,0.089,0.9977349958225677,0.0022650041774322505,0.6520668527194132,1.8649697402596042,3
7,0.09,0.9976838768518962,0.0023161231481038103,0.6520668527194132,1.8649697402596042,3
7,0.091,0.9976321896812548,0.0023678103187452226,0.6520668527194132,1.8649697402596042,3
7,0.092,0.9975799344097152,0.002420065590284848,0.6520668527194132,1.8649697402596042,3
7,0.093,0.9975271111368107,0.0024728888631893042,0.6520668527194132,1.8649697402596042,3
7,0.094,0.9974737199633009,0.00252628003669908,0.6520668527194132,1.8649697402596042,3
7,0.095,0.9974197609911792,0.0025802390088207616,0.6520668527194132,1.8649697402596042,3
7,0.096,0.9973652343230152,0.0026347656769848404,0.6520668527194132,1.8649697402596042,3
7,0.097,0.997310140063204,0.0026898599367960463,0.6520668527194132,1.8649697402596042,3
7,0.098,0.9972544783167965,0.0027455216832035223,0.6520668527194132,1.8649697402596042,3
7,0.099,0.9971982491898428,0.002801750810157211,0.6520668527194132,1.8649697402596042,3
7,0.1,0.9971414527896151,0.0028585472103849208,0.6520668527194132,1.8649697402596042,3
7,0.101,0.9970840892245474,0.0029159107754526126,0.6520668527194132,1.8649697402596042,3
7,0.102,0.9970261586041453,0.0029738413958546595,0.6520668527194132,1.8649697402596042,3
7,0.103,0.9969676610387048,0.003032338961295178,0.6520668527194132,1.8649697402596042,3
7,0.104,0.9969085966400083,0.0030914033599916957,0.6520668527194132,1.8649697402596042,3
7,0.105,0.9968489655206643,0.0031510344793357348,0.6520668527194132,1.8649697402596042,3
7,0.106,0.9967887677944423,0.003211232205557746,0.6520668527194132,1.8649697402596042,3
7,0.107,0.9967280035761111,0.0032719964238888677,0.6520668527194132,1.8649697402596042,3
7,0.108,0.9966666729816612,0.003333327018338772,0.6520668527194132,1.8649697402596042,3
7,0.109,0.9966047761280427,0.0033952238719573424,0.6520668527194132,1.8649697402596042,3
7,0.11,0.9965423131333024,0.0034576868666975624,0.6520668527194132,1.8649697402596042,3
7,0.111,0.9964792841165931,0.0035207158834068553,0.6520668527194132,1.8649697402596042,3
7,0.112,0.9964156891981966,0.0035843108018034364,0.6520668527194132,1.8649697402596042,3
7,0.113,0.9963515284994025,0.00364847150059755,0.6520668527194132,1.8649697402596042,3
7,0.114,0.9962868021425498,0.003713197857450168,0.6520668527194132,1.8649697402596042,3
7,0.115,0.9962215102511491,0.003778489748850866,0.6520668527194132,1.8649697402596042,3
7,0.116,0.9961556529497723,0.0038443470502277366,0.6520668527194132,1.8649697402596042,3
7,0.117,0.9960892303638504,0.003910769636149558,0.6520668527194132,1.8649697402596042,3
7,0.118,0.9960222426202173,0.003977757379782676,0.6520668527194132,1.8649697402596042,3
7,0.119,0.9959546898466437,0.004045310153356296,0.6520668527194132,1.8649697402596042,3
7,0.12,0.995886572172009,0.004113427827990956,0.6520668527194132,1.8649697402596042,3
7,0.121,0.9958178897262167,0.004182110273783346,0.6520668527194132,1.8649697402596042,3
7,0.122,0.9957486426399857,0.004251357360014252,0.6520668527194132,1.8649697402596042,3
7,0.123,0.995678831045775,0.004321168954224963,0.6520668527194132,1.8649697402596042,3
7,0.124,0.995608455076595,0.004391544923404989,0.6520668527194132,1.8649697402596042,3
7,0.125,0.9955375148665679,0.004462485133432059,0.6520668527194132,1.8649697402596042,3
7,0.126,0.9954660105510996,0.004533989448900377,0.6520668527194132,1.8649697402596042,3
7,0.127,0.9953939422666082,0.004606057733391844,0.6520668527194132,1.8649697402596042,3
7,0.128,0.9953213101504027,0.004678689849597295,0.6520668527194132,1.8649697402596042,3
7,0.129,0.9952481143409284,0.004751885659071586,0.6520668527194132,1.8649697402596042,3
7,0.13,0.9951743549780007,0.004825645021999336,0.6520668527194132,1.8649697402596042,3
7,0.131,0.9951000322021883,0.004899967797811655,0.6520668527194132,1.8649697402596042,3
7,0.132,0.9950251461551699,0.004974853844830096,0.6520668527194132,1.8649697402596042,3
7,0.133,0.994949696979825,0.005050303020174951,0.6520668527194132,1.8649697402596042,3
7,0.134,0.9948736848200023,0.005126315179997731,0.6520668527194132,1.8649697402596042,3
7,0.135,0.994797109820638,0.005202890179362041,0.6520668527194132,1.8649697402596042,3
7,0.136,0.9947199721278123,0.005280027872187731,0.6520668527194132,1.8649697402596042,3
7,0.137,0.9946422718885198,0.0053577281114801645,0.6520668527194132,1.8649697402596042,3
7,0.138,0.9945640092510399,0.005435990748960062,0.6520668527194132,1.8649697402596042,3
7,0.139,0.9944851843644889,0.00551481563551115,0.6520668527194132,1.8649697402596042,3
7,0.14,0.9944057973792448,0.005594202620755162,0.6520668527194132,1.8649697402596042,3
7,0.141,0.9943258484466748,0.00567415155332518,0.6520668527194132,1.8649697402596042,3
7,0.142,0.9942453377192109,0.005754662280789136,0.6520668527194132,1.8649697402596042,3
7,0.143,0.9941642653503363,0.005835734649663693,0.6520668527194132,1.8649697402596042,3
7,0.144,0.9940826314947255,0.005917368505274467,0.6520668527194132,1.8649697402596042,3
7,0.145,0.9940004363078819,0.005999563692118071,0.6520668527194132,1.8649697402596042,3
7,0.146,0.9939176799466425,0.006082320053357515,0.6520668527194132,1.8649697402596042,3
7,0.147,0.9938343625687652,0.006165637431234772,0.6520668527194132,1.8649697402596042,3
7,0.148,0.993750484333066,0.006249515666933991,0.6520668527194132,1.8649697402596042,3
7,0.149,0.9936660453995037,0.00633395460049635,0.6520668527194132,1.8649697402596042,3
7,0.15,0.9935810459290413,0.006418954070958716,0.6520668527194132,1.8649697402596042,3
7,0.151,0.9934954860837418,0.00650451391625817,0.6520668527194132,1.8649697402596042,3
7,0.152,0.9934093660267121,0.006590633973287852,0.6520668527194132,1.8649697402596042,3
7,0.153,0.993322685922148,0.006677314077851992,0.6520668527194132,1.8649697402596042,3
7,0.154,0.9932354459352756,0.006764554064724426,0.6520668527194132,1.8649697402596042,3
7,0.155,0.9931476462324301,0.006852353767569874,0.6520668527194132,1.8649697402596042,3
7,0.156,0.9930592869809877,0.0069407130190123345,0.6520668527194132,1.8649697402596042,3
7,0.157,0.9929703683493699,0.007029631650630086,0.6520668527194132,1.8649697402596042,3
7,0.158,0.9928808905071068,0.007119109492893183,0.6520668527194132,1.8649697402596042,3
7,0.159,0.9927908536247823,0.007209146375217745,0.6520668527194132,1.8649697402596042,3
7,0.16,0.9927002578739775,0.007299742126022468,0.6520668527194132,1.8649697402596042,3
7,0.161,0.9926091034273705,0.0073908965726294795,0.6520668527194132,1.8649697402596042,3
7,0.162,0.9925173904588063,0.00748260954119373,0.6520668527194132,1.8649697402596042,3
7,0.163,0.9924251191430349,0.007574880856965116,0.6520668527194132,1.8649697402596042,3
7,0.164,0.99233228965594,0.007667710344059997,0.6520668527194132,1.8649697402596042,3
7,0.165,0.9922389021745031,0.007761097825496943,0.6520668527194132,1.8649697402596042,3
7,0.166,0.992144956876694,0.007855043123305983,0.6520668527194132,1.8649697402596042,3
7,0.167,0.9920504539415593,0.00794954605844067,0.6520668527194132,1.8649697402596042,3
7,0.168,0.991955393549282,0.008044606450718028,0.6520668527194132,1.8649697402596042,3
7,0.169,0.9918597758809686,0.00814022411903137,0.6520668527194132,1.8649697402596042,3
7,0.17,0.9917636011188747,0.008236398881125262,0.6520668527194132,1.8649697402596042,3
7,0.171,0.9916668694463222,0.008333130553677792,0.6520668527194132,1.8649697402596042,3
7,0.172,0.9915695810476675,0.008430418952332541,0.6520668527194132,1.8649697402596042,3
7,0.173,0.9914717361083254,0.008528263891674603,0.6520668527194132,1.8649697402596042,3
7,0.174,0.9913733348147462,0.00862666518525379,0.6520668527194132,1.8649697402596042,3
7,0.175,0.9912743773544695,0.00872562264553045,0.6520668527194132,1.8649697402596042,3
7,0.176,0.99117486391609,0.008825136083910001,0.6520668527194132,1.8649697402596042,3
7,0.177,0.9910747946892361,0.008925205310763906,0.6520668527194132,1.8649697402596042,3
7,0.178,0.9909741698646174,0.009025830135382606,0.6520668527194132,1.8649697402596042,3
7,0.179,0.9908729896339562,0.009127010366043797,0.6520668527194132,1.8649697402596042,3
7,0.18,0.9907712541901017,0.009228745809898298,0.6520668527194132,1.8649697402596042,3
7,0.181,0.9906689637268882,0.009331036273111826,0.6520668527194132,1.8649697402596042,3
7,0.182,0.9905661184392428,0.009433881560757196,0.6520668527194132,1.8649697402596042,3
7,0.183,0.9904627185231512,0.009537281476848847,0.6520668527194132,1.8649697402596042,3
7,0.184,0.9903587641755828,0.009641235824417227,0.6520668527194132,1.8649697402596042,3
7,0.185,0.9902542555946716,0.009745744405328383,0.6520668527194132,1.8649697402596042,3
7,0.186,0.9901491929795163,0.009850807020483687,0.6520668527194132,1.8649697402596042,3
7,0.187,0.990043576530327,0.00995642346967296,0.6520668527194132,1.8649697402596042,3
7,0.188,0.9899374064483132,0.010062593551686816,0.6520668527194132,1.8649697402596042,3
7,0.189,0.989830682935633,0.010169317064366967,0.6520668527194132,1.8649697402596042,3
7,0.19,0.9897234061958284,0.010276593804171563,0.6520668527194132,1.8649697402596042,3
7,0.191,0.9896155764332,0.010384423566800027,0.6520668527194132,1.8649697402596042,3
7,0.192,0.989507193853147,0.010492806146852995,0.6520668527194132,1.8649697402596042,3
7,0.193,0.989398258662214,0.01060174133778602,0.6520668527194132,1.8649697402596042,3
7,0.194,0.9892887710678503,0.010711228932149708,0.6520668527194132,1.8649697402596042,3
7,0.195,0.989178731278703,0.010821268721296962,0.6520668527194132,1.8649697402596042,3
7,0.196,0.9890681395043687,0.01093186049563133,0.6520668527194132,1.8649697402596042,3
7,0.197,0.9889569959555308,0.011043004044469229,0.6520668527194132,1.8649697402596042,3
7,0.198,0.9888453008439072,0.011154699156092795,0.6520668527194132,1.8649697402596042,3
7,0.199,0.9887330543822581,0.011266945617741886,0.6520668527194132,1.8649697402596042,3
7,0.2,0.9886202567844238,0.011379743215576221,0.6520668527194132,1.8649697402596042,3
7,0.201,0.9885069082652014,0.011493091734798622,0.6520668527194132,1.8649697402596042,3
7,0.202,0.9883930090406019,0.0116069909593981,0.6520668527194132,1.8649697402596042,3
7,0.203,0.9882785593274126,0.011721440672587402,0.6520668527194132,1.8649697402596042,3
7,0.204,0.9881635593437653,0.011836440656234681,0.6520668527194132,1.8649697402596042,3
7,0.205,0.9880480093087075,0.011951990691292491,0.6520668527194132,1.8649697402596042,3
7,0.206,0.9879319094421473,0.01206809055785274,0.6520668527194132,1.8649697402596042,3
7,0.207,0.9878152599653829,0.012184740034617114,0.6520668527194132,1.8649697402596042,3
7,0.208,0.9876980611004864,0.012301938899513587,0.6520668527194132,1.8649697402596042,3
7,0.209,0.9875803130707134,0.012419686929286633,0.6520668527194132,1.8649697402596042,3
7,0.21,0.9874620161002787,0.012537983899721272,0.6520668527194132,1.8649697402596042,3
7,0.211,0.9873431704144824,0.012656829585517615,0.6520668527194132,1.8649697402596042,3
7,0.212,0.9872237762396383,0.012776223760361693,0.6520668527194132,1.8649697402596042,3
7,0.213,0.9871038338031275,0.012896166196872505,0.6520668527194132,1.8649697402596042,3
7,0.214,0.9869833433333375,0.013016656666662518,0.6520668527194132,1.8649697402596042,3
7,0.215,0.9868623050597541,0.013137694940245859,0.6520668527194132,1.8649697402596042,3
7,0.216,0.9867407192127952,0.013259280787204841,0.6520668527194132,1.8649697402596042,3
7,0.217,0.9866185860240329,0.013381413975967149,0.6520668527194132,1.8649697402596042,3
7,0.218,0.9864959057259969,0.01350409427400312,0.6520668527194132,1.8649697402596042,3
7,0.219,0.9863726785523086,0.01362732144769141,0.6520668527194132,1.8649697402596042,3
7,0.22,0.986248904737567,0.01375109526243301,0.6520668527194132,1.8649697402596042,3
7,0.221,0.9861245845174726,0.013875415482527353,0.6520668527194132,1.8649697402596042,3
7,0.222,0.9859997181286765,0.014000281871323517,0.6520668527194132,1.8649697402596042,3
7,0.223,0.9858743058089676,0.014125694191032379,0.6520668527194132,1.8649697402596042,3
7,0.224,0.9857483477970738,0.014251652202926235,0.6520668527194132,1.8649697402596042,3
7,0.225,0.9856218443328176,0.014378155667182368,0.6520668527194132,1.8649697402596042,3
7,0.226,0.9854947956570336,0.014505204342966427,0.6520668527194132,1.8649697402596042,3
7,0.227,0.9853672020115849,0.014632797988415103,0.6520668527194132,1.8649697402596042,3
7,0.228,0.9852390636393835,0.014760936360616483,0.6520668527194132,1.8649697402596042,3
7,0.229,0.9851103807843433,0.01488961921565668,0.6520668527194132,1.8649697402596042,3
7,0.23,0.9849811536914311,0.015018846308568867,0.6520668527194132,1.8649697402596042,3
7,0.231,0.9848513826066361,0.015148617393363928,0.6520668527194132,1.8649697402596042,3
7,0.232,0.9847210677769976,0.015278932223002362,0.6520668527194132,1.8649697402596042,3
7,0.233,0.9845902094505423,0.01540979054945768,0.6520668527194132,1.8649697402596042,3
7,0.234,0.984458807876372,0.015541192123628034,0.6520668527194132,1.8649697402596042,3
7,0.235,0.9843268633045623,0.015673136695437684,0.6520668527194132,1.8649697402596042,3
7,0.236,0.9841943759863236,0.015805624013676356,0.6520668527194132,1.8649697402596042,3
7,0.237,0.9840613461737396,0.015938653826260363,0.6520668527194132,1.8649697402596042,3
7,0.238,0.9839277741199631,0.016072225880036872,0.6520668527194132,1.8649697402596042,3
7,0.239,0.9837936600793198,0.016206339920680213,0.6520668527194132,1.8649697402596042,3
7,0.24,0.9836590043069875,0.016340995693012506,0.6520668527194132,1.8649697402596042,3
7,0.241,0.9835238070592532,0.01647619294074676,0.6520668527194132,1.8649697402596042,3
7,0.242,0.9833880685933902,0.01661193140660977,0.6520668527194132,1.8649697402596042,3
7,0.243,0.9832517891677132,0.016748210832286836,0.6520668527194132,1.8649697402596042,3
7,0.244,0.983114969041567,0.016885030958432967,0.6520668527194132,1.8649697402596042,3
7,0.245,0.9829776084752961,0.01702239152470386,0.6520668527194132,1.8649697402596042,3
7,0.246,0.9828397077302897,0.017160292269710276,0.6520668527194132,1.8649697402596042,3
7,0.247,0.9827012670689393,0.017298732931060656,0.6520668527194132,1.8649697402596042,3
7,0.248,0.9825622867546734,0.017437713245326614,0.6520668527194132,1.8649697402596042,3
7,0.249,0.9824227670519301,0.0175772329480699,0.6520668527194132,1.8649697402596042,3
7,0.25,0.9822827082261777,0.017717291773822308,0.6520668527194132,1.8649697402596042,3
7,0.251,0.9821421105438829,0.017857889456117104,0.6520668527194132,1.8649697402596042,3
7,0.252,0.9820009742725611,0.017999025727438944,0.6520668527194132,1.8649697402596042,3
7,0.253,0.9818592996807162,0.01814070031928383,0.6520668527194132,1.8649697402596042,3
7,0.254,0.9817170870379008,0.018282912962099163,0.6520668527194132,1.8649697402596042,3
7,0.255,0.9815743366146215,0.018425663385378543,0.6520668527194132,1.8649697402596042,3
7,0.256,0.9814310486825292,0.018568951317470828,0.6520668527194132,1.8649697402596042,3
7,0.257,0.9812872235140684,0.018712776485931615,0.6520668527194132,1.8649697402596042,3
7,0.258,0.9811428613829659,0.018857138617034086,0.6520668527194132,1.8649697402596042,3
7,0.259,0.9809979625637752,0.01900203743622475,0.6520668527194132,1.8649697402596042,3
7,0.26,0.9808525273321235,0.01914747266787653,0.6520668527194132,1.8649697402596042,3
7,0.261,0.9807065559646534,0.019293444035346607,0.6520668527194132,1.8649697402596042,3
7,0.262,0.9805600487390221,0.01943995126097786,0.6520668527194132,1.8649697402596042,3
7,0.263,0.9804130059338765,0.01958699406612352,0.6520668527194132,1.8649697402596042,3
7,0.264,0.9802654278289166,0.01973457217108343,0.6520668527194132,1.8649697402596042,3
7,0.265,0.9801173147047785,0.019882685295221525,0.6520668527194132,1.8649697402596042,3
7,0.266,0.9799686668431885,0.020031333156811493,0.6520668527194132,1.8649697402596042,3
7,0.267,0.9798194845268533,0.0201805154731467,0.6520668527194132,1.8649697402596042,3
7,0.268,0.9796697680394607,0.02033023196053929,0.6520668527194132,1.8649697402596042,3
7,0.269,0.9795195176657346,0.02048048233426536,0.6520668527194132,1.8649697402596042,3
7,0.27,0.9793687336914372,0.020631266308562823,0.6520668527194132,1.8649697402596042,3
7,0.271,0.9792174164032269,0.020782583596773097,0.6520668527194132,1.8649697402596042,3
7,0.272,0.9790655660889205,0.02093443391107952,0.6520668527194132,1.8649697402596042,3
7,0.273,0.9789131830372192,0.021086816962780808,0.6520668527194132,1.8649697402596042,3
7,0.274,0.9787602675378902,0.02123973246210975,0.6520668527194132,1.8649697402596042,3
7,0.275,0.9786068198816869,0.02139318011831315,0.6520668527194132,1.8649697402596042,3
7,0.276,0.9784528403603704,0.02154715963962961,0.6520668527194132,1.8649697402596042,3
7,0.277,0.9782983292666699,0.02170167073333007,0.6520668527194132,1.8649697402596042,3
7,0.278,0.9781432868943775,0.02185671310562254,0.6520668527194132,1.8649697402596042,3
7,0.279,0.9779877135382564,0.02201228646174358,0.6520668527194132,1.8649697402596042,3
7,0.28,0.9778316094940722,0.022168390505927782,0.6520668527194132,1.8649697402596042,3
7,0.281,0.9776749750585734,0.02232502494142663,0.6520668527194132,1.8649697402596042,3
7,0.282,0.9775178105295455,0.02248218947045455,0.6520668527194132,1.8649697402596042,3
7,0.283,0.9773601162057791,0.022639883794220883,0.6520668527194132,1.8649697402596042,3
7,0.284,0.9772018923869443,0.022798107613055674,0.6520668527194132,1.8649697402596042,3
7,0.285,0.9770431393739607,0.0229568606260393,0.6520668527194132,1.8649697402596042,3
7,0.286,0.9768838574683398,0.023116142531660167,0.6520668527194132,1.8649697402596042,3
7,0.287,0.9767240469730623,0.023275953026937746,0.6520668527194132,1.8649697402596042,3
7,0.288,0.9765637081917916,0.023436291808208387,0.6520668527194132,1.8649697402596042,3
7,0.289,0.9764028414292865,0.02359715857071354,0.6520668527194132,1.8649697402596042,3
7,0.29,0.9762414469912917,0.023758553008708327,0.6520668527194132,1.8649697402596042,3
7,0.291,0.976079525184508,0.023920474815491977,0.6520668527194132,1.8649697402596042,3
7,0.292,0.975917076316688,0.024082923683311996,0.6520668527194132,1.8649697402596042,3
7,0.293,0.9757541006965477,0.024245899303452334,0.6520668527194132,1.8649697402596042,3
7,0.294,0.9755905986337973,0.024409401366202732,0.6520668527194132,1.8649697402596042,3
7,0.295,0.9754265704391336,0.02457342956086639,0.6520668527194132,1.8649697402596042,3
7,0.296,0.9752620164242587,0.024737983575741307,0.6520668527194132,1.8649697402596042,3
7,0.297,0.9750969369018309,0.024903063098169143,0.6520668527194132,1.8649697402596042,3
7,0.298,0.9749313321855422,0.025068667814457823,0.6520668527194132,1.8649697402596042,3
7,0.299,0.9747652025900432,0.025234797409956822,0.6520668527194132,1.8649697402596042,3
7,0.3,0.9745985484309804,0.02540145156901963,0.6520668527194132,1.8649697402596042,3
7,0.301,0.9744313700249875,0.025568629975012525,0.6520668527194132,1.8649697402596042,3
7,0.302,0.9742636676897095,0.02573633231029049,0.6520668527194132,1.8649697402596042,3
7,0.303,0.9740954417436882,0.02590455825631177,0.6520668527194132,1.8649697402596042,3
7,0.304,0.9739266925065418,0.026073307493458153,0.6520668527194132,1.8649697402596042,3
7,0.305,0.9737574202988666,0.026242579701133417,0.6520668527194132,1.8649697402596042,3
7,0.306,0.9735876254422043,0.02641237455779566,0.6520668527194132,1.8649697402596042,3
7,0.307,0.9734173082590922,0.02658269174090777,0.6520668527194132,1.8649697402596042,3
7,0.308,0.9732464690730522,0.026753530926947766,0.6520668527194132,1.8649697402596042,3
7,0.309,0.9730751082086138,0.02692489179138624,0.6520668527194132,1.8649697402596042,3
7,0.31,0.9729032259911828,0.02709677400881716,0.6520668527194132,1.8649697402596042,3
7,0.311,0.9727308227472944,0.027269177252705612,0.6520668527194132,1.8649697402596042,3
7,0.312,0.9725578988043727,0.02744210119562729,0.6520668527194132,1.8649697402596042,3
7,0.313,0.9723844544908292,0.02761554550917078,0.6520668527194132,1.8649697402596042,3
7,0.314,0.9722104901360717,0.027789509863928252,0.6520668527194132,1.8649697402596042,3
7,0.315,0.9720360060704605,0.02796399392953952,0.6520668527194132,1.8649697402596042,3
7,0.316,0.9718610026253554,0.028138997374644648,0.6520668527194132,1.8649697402596042,3
7,0.317,0.9716854801330835,0.028314519866916465,0.6520668527194132,1.8649697402596042,3
7,0.318,0.971509438926945,0.028490561073055032,0.6520668527194132,1.8649697402596042,3
7,0.319,0.9713328793412142,0.02866712065878585,0.6520668527194132,1.8649697402596042,3
7,0.32,0.9711558017111369,0.028844198288863088,0.6520668527194132,1.8649697402596042,3
7,0.321,0.9709782063729365,0.029021793627063475,0.6520668527194132,1.8649697402596042,3
7,0.322,0.9708000936638034,0.029199906336196624,0.6520668527194132,1.8649697402596042,3
7,0.323,0.9706214639219035,0.029378536078096484,0.6520668527194132,1.8649697402596042,3
7,0.324,0.9704423174863707,0.029557682513629335,0.6520668527194132,1.8649697402596042,3
7,0.325,0.9702626546973,0.029737345302700002,0.6520668527194132,1.8649697402596042,3
7,0.326,0.9700824758957836,0.029917524104216442,0.6520668527194132,1.8649697402596042,3
7,0.327,0.9699017814238242,0.030098218576175784,0.6520668527194132,1.8649697402596042,3
7,0.328,0.9697205716244711,0.030279428375528883,0.6520668527194132,1.8649697402596042,3
7,0.329,0.9695388468416621,0.03046115315833786,0.6520668527194132,1.8649697402596042,3
7,0.33,0.9693566074203748,0.030643392579625228,0.6520668527194132,1.8649697402596042,3
7,0.331,0.9691738537064661,0.030826146293533863,0.6520668527194132,1.8649697402596042,3
7,0.332,0.9689905860468424,0.031009413953157594,0.6520668527194132,1.8649697402596042,3
7,0.333,0.9688068047893236,0.031193195210676428,0.6520668527194132,1.8649697402596042,3
7,0.334,0.9686225102827121,0.03137748971728793,0.6520668527194132,1.8649697402596042,3
7,0.335,0.9684377028767598,0.03156229712324021,0.6520668527194132,1.8649697402596042,3
7,0.336,0.9682523829221541,0.0317476170778459,0.6520668527194132,1.8649697402596042,3
7,0.337,0.9680665507706173,0.03193344922938268,0.6520668527194132,1.8649697402596042,3
7,0.338,0.9678802067747682,0.03211979322523184,0.6520668527194132,1.8649697402596042,3
7,0.339,0.9676933512882082,0.032306648711791786,0.6520668527194132,1.8649697402596042,3
7,0.34,0.9675059846654879,0.03249401533451213,0.6520668527194132,1.8649697402596042,3
7,0.341,0.967318107262118,0.03268189273788202,0.6520668527194132,1.8649697402596042,3
7,0.342,0.9671297194345745,0.032870280565425514,0.6520668527194132,1.8649697402596042,3
7,0.343,0.9669408215402782,0.03305917845972184,0.6520668527194132,1.8649697402596042,3
7,0.344,0.9667514139375953,0.03324858606240466,0.6520668527194132,1.8649697402596042,3
7,0.345,0.966561496985876,0.03343850301412399,0.6520668527194132,1.8649697402596042,3
7,0.346,0.9663710710454128,0.033628928954587245,0.6520668527194132,1.8649697402596042,3
7,0.347,0.9661801364774174,0.033819863522582594,0.6520668527194132,1.8649697402596042,3
7,0.348,0.9659886936440892,0.034011306355910764,0.6520668527194132,1.8649697402596042,3
7,0.349,0.9657967429085886,0.034203257091411365,0.6520668527194132,1.8649697402596042,3
7,0.35,0.9656042846349898,0.03439571536501018,0.6520668527194132,1.8649697402596042,3
7,0.351,0.9654113191883388,0.03458868081166122,0.6520668527194132,1.8649697402596042,3
7,0.352,0.9652178469346326,0.03478215306536736,0.6520668527194132,1.8649697402596042,3
7,0.353,0.9650238682407892,0.03497613175921077,0.6520668527194132,1.8649697402596042,3
7,0.354,0.9648293834747125,0.035170616525287524,0.6520668527194132,1.8649697402596042,3
7,0.355,0.9646343930052246,0.03536560699477542,0.6520668527194132,1.8649697402596042,3
7,0.356,0.9644388972021147,0.03556110279788527,0.6520668527194132,1.8649697402596042,3
7,0.357,0.9642428964360631,0.03575710356393691,0.6520668527194132,1.8649697402596042,3
7,0.358,0.9640463910787757,0.035953608921224345,0.6520668527194132,1.8649697402596042,3
7,0.359,0.9638493815028546,0.036150618497145404,0.6520668527194132,1.8649697402596042,3
7,0.36,0.9636518680818159,0.03634813191818409,0.6520668527194132,1.8649697402596042,3
7,0.361,0.9634538511901843,0.03654614880981566,0.6520668527194132,1.8649697402596042,3
7,0.362,0.963255331203376,0.03674466879662397,0.6520668527194132,1.8649697402596042,3
7,0.363,0.9630563084977588,0.036943691502241194,0.6520668527194132,1.8649697402596042,3
7,0.364,0.9628567834506485,0.03714321654935149,0.6520668527194132,1.8649697402596042,3
7,0.365,0.962656756440287,0.03734324355971297,0.6520668527194132,1.8649697402596042,3
7,0.366,0.9624562278458662,0.03754377215413385,0.6520668527194132,1.8649697402596042,3
7,0.367,0.962255198047484,0.03774480195251595,0.6520668527194132,1.8649697402596042,3
7,0.368,0.9620536674262199,0.037946332573780106,0.6520668527194132,1.8649697402596042,3
7,0.369,0.9618516363640524,0.038148363635947646,0.6520668527194132,1.8649697402596042,3
7,0.37,0.961649105243913,0.038350894756086995,0.6520668527194132,1.8649697402596042,3
7,0.371,0.9614460744496319,0.03855392555036807,0.6520668527194132,1.8649697402596042,3
7,0.372,0.9612425443660259,0.03875745563397415,0.6520668527194132,1.8649697402596042,3
7,0.373,0.9610385153788072,0.038961484621192755,0.6520668527194132,1.8649697402596042,3
7,0.374,0.9608339878746242,0.03916601212537585,0.6520668527194132,1.8649697402596042,3
7,0.375,0.960628962241051,0.03937103775894901,0.6520668527194132,1.8649697402596042,3
7,0.376,0.9604234388666012,0.0395765611333988,0.6520668527194132,1.8649697402596042,3
7,0.377,0.9602174181407099,0.03978258185929007,0.6520668527194132,1.8649697402596042,3
7,0.378,0.960010900453743,0.039989099546256957,0.6520668527194132,1.8649697402596042,3
7,0.379,0.9598038861969758,0.040196113803024236,0.6520668527194132,1.8649697402596042,3
7,0.38,0.9595963757626335,0.04040362423736654,0.6520668527194132,1.8649697402596042,3
7,0.381,0.959388369543856,0.04061163045614402,0.6520668527194132,1.8649697402596042,3
7,0.382,0.9591798679347,0.0408201320653,0.6520668527194132,1.8649697402596042,3
7,0.383,0.95897087133014,0.04102912866985997,0.6520668527194132,1.8649697402596042,3
7,0.384,0.958761380126099,0.041238619873900983,0.6520668527194132,1.8649697402596042,3
7,0.385,0.9585513947194024,0.04144860528059757,0.6520668527194132,1.8649697402596042,3
7,0.386,0.9583409155077757,0.04165908449222433,0.6520668527194132,1.8649697402596042,3
7,0.387,0.9581299428899088,0.041870057110091174,0.6520668527194132,1.8649697402596042,3
7,0.388,0.9579184772653848,0.042081522734615184,0.6520668527194132,1.8649697402596042,3
7,0.389,0.9577065190346872,0.042293480965312824,0.6520668527194132,1.8649697402596042,3
7,0.39,0.9574940685992316,0.042505931400768415,0.6520668527194132,1.8649697402596042,3
7,0.391,0.9572811263613868,0.04271887363861315,0.6520668527194132,1.8649697402596042,3
7,0.392,0.9570676927243512,0.042932307275648784,0.6520668527194132,1.8649697402596042,3
7,0.393,0.9568537680923248,0.04314623190767519,0.6520668527194132,1.8649697402596042,3
7,0.394,0.9566393528703699,0.04336064712963006,0.6520668527194132,1.8649697402596042,3
7,0.395,0.9564244474644749,0.04357555253552514,0.6520668527194132,1.8649697402596042,3
7,0.396,0.9562090522815397,0.04379094771846026,0.6520668527194132,1.8649697402596042,3
7,0.397,0.9559931677293636,0.0440068322706364,0.6520668527194132,1.8649697402596042,3
7,0.398,0.95577679421666,0.04422320578334005,0.6520668527194132,1.8649697402596042,3
7,0.399,0.9555599321530693,0.044440067846930664,0.6520668527194132,1.8649697402596042,3
7,0.4,0.9553425819491196,0.044657418050880415,0.6520668527194132,1.8649697402596042,3
7,0.401,0.9551247440162515,0.04487525598374853,0.6520668527194132,1.8649697402596042,3
7,0.402,0.9549064187668078,0.04509358123319218,0.6520668527194132,1.8649697402596042,3
7,0.403,0.9546876066140401,0.04531239338595994,0.6520668527194132,1.8649697402596042,3
7,0.404,0.9544683079721062,0.045531692027893755,0.6520668527194132,1.8649697402596042,3
7,0.405,0.9542485232560588,0.0457514767439412,0.6520668527194132,1.8649697402596042,3
7,0.406,0.9540282528818793,0.04597174711812069,0.6520668527194132,1.8649697402596042,3
7,0.407,0.9538074972663811,0.046192502733618857,0.6520668527194132,1.8649697402596042,3
7,0.408,0.95358625682735,0.04641374317265001,0.6520668527194132,1.8649697402596042,3
7,0.409,0.9533645319834597,0.04663546801654028,0.6520668527194132,1.8649697402596042,3
7,0.41,0.9531423231542574,0.0468576768457426,0.6520668527194132,1.8649697402596042,3
7,0.411,0.9529196307601977,0.0470803692398023,0.6520668527194132,1.8649697402596042,3
7,0.412,0.9526964552226374,0.04730354477736265,0.6520668527194132,1.8649697402596042,3
7,0.413,0.9524727969638347,0.04752720303616531,0.6520668527194132,1.8649697402596042,3
7,0.414,0.9522486564068993,0.04775134359310074,0.6520668527194132,1.8649697402596042,3
7,0.415,0.9520240339758945,0.047975966024105476,0.6520668527194132,1.8649697402596042,3
7,0.416,0.9517989300957497,0.04820106990425033,0.6520668527194132,1.8649697402596042,3
7,0.417,0.95157334519228,0.048426654807720015,0.6520668527194132,1.8649697402596042,3
7,0.418,0.9513472796922029,0.048652720307797104,0.6520668527194132,1.8649697402596042,3
7,0.419,0.9511207340231106,0.04887926597688941,0.6520668527194132,1.8649697402596042,3
7,0.42,0.9508937086135045,0.04910629138649547,0.6520668527194132,1.8649697402596042,3
7,0.421,0.9506662038927656,0.04933379610723443,0.6520668527194132,1.8649697402596042,3
7,0.422,0.9504382202911488,0.04956177970885123,0.6520668527194132,1.8649697402596042,3
7,0.423,0.9502097582398267,0.049790241760173326,0.6520668527194132,1.8649697402596042,3
7,0.424,0.9499808181708108,0.050019181829189185,0.6520668527194132,1.8649697402596042,3
7,0.425,0.9497514005170551,0.05024859948294491,0.6520668527194132,1.8649697402596042,3
7,0.426,0.9495215057123337,0.050478494287666265,0.6520668527194132,1.8649697402596042,3
7,0.427,0.9492911341913617,0.050708865808638315,0.6520668527194132,1.8649697402596042,3
7,0.428,0.9490602863896961,0.050939713610303916,0.6520668527194132,1.8649697402596042,3
7,0.429,0.9488289627437974,0.051171037256202645,0.6520668527194132,1.8649697402596042,3
7,0.43,0.9485971636909811,0.05140283630901887,0.6520668527194132,1.8649697402596042,3
7,0.431,0.9483648896694696,0.051635110330530365,0.6520668527194132,1.8649697402596042,3
7,0.432,0.9481321411183449,0.05186785888165513,0.6520668527194132,1.8649697402596042,3
7,0.433,0.9478989184775722,0.05210108152242776,0.6520668527194132,1.8649697402596042,3
7,0.434,0.9476652221879825,0.05233477781201745,0.6520668527194132,1.8649697402596042,3
7,0.435,0.9474310526913021,0.05256894730869788,0.6520668527194132,1.8649697402596042,3
7,0.436,0.9471964104301068,0.05280358956989317,0.6520668527194132,1.8649697402596042,3
7,0.437,0.9469612958478638,0.053038704152136185,0.6520668527194132,1.8649697402596042,3
7,0.438,0.946725709388898,0.053274290611102004,0.6520668527194132,1.8649697402596042,3
7,0.439,0.946489651498433,0.053510348501566996,0.6520668527194132,1.8649697402596042,3
7,0.44,0.9462531226225039,0.05374687737749606,0.6520668527194132,1.8649697402596042,3
7,0.441,0.946016123208089,0.05398387679191097,0.6520668527194132,1.8649697402596042,3
7,0.442,0.9457786537029815,0.05422134629701847,0.6520668527194132,1.8649697402596042,3
7,0.443,0.9455407145558661,0.05445928544413392,0.6520668527194132,1.8649697402596042,3
7,0.444,0.9453023062162658,0.054697693783734236,0.6520668527194132,1.8649697402596042,3
7,0.445,0.9450634291346107,0.05493657086538928,0.6520668527194132,1.8649697402596042,3
7,0.446,0.9448240837621674,0.05517591623783258,0.6520668527194132,1.8649697402596042,3
7,0.447,0.9445842705510602,0.0554157294489398,0.6520668527194132,1.8649697402596042,3
7,0.448,0.9443439899542947,0.055656010045705306,0.6520668527194132,1.8649697402596042,3
7,0.449,0.9441032424257213,0.0558967575742787,0.6520668527194132,1.8649697402596042,3
7,0.45,0.9438620284200665,0.0561379715799335,0.6520668527194132,1.8649697402596042,3
7,0.451,0.9436203483928962,0.05637965160710379,0.6520668527194132,1.8649697402596042,3
7,0.452,0.943378202800653,0.05662179719934701,0.6520668527194132,1.8649697402596042,3
7,0.453,0.9431355921006231,0.056864407899376856,0.6520668527194132,1.8649697402596042,3
7,0.454,0.9428925167509605,0.05710748324903947,0.6520668527194132,1.8649697402596042,3
7,0.455,0.9426489772106611,0.0573510227893389,0.6520668527194132,1.8649697402596042,3
7,0.456,0.9424049739395831,0.05759502606041689,0.6520668527194132,1.8649697402596042,3
7,0.457,0.9421605073984253,0.05783949260157473,0.6520668527194132,1.8649697402596042,3
7,0.458,0.9419155780487644,0.05808442195123564,0.6520668527194132,1.8649697402596042,3
7,0.459,0.9416701863530086,0.05832981364699141,0.6520668527194132,1.8649697402596042,3
7,0.46,0.9414243327744171,0.05857566722558294,0.6520668527194132,1.8649697402596042,3
7,0.461,0.9411780177770986,0.05882198222290136,0.6520668527194132,1.8649697402596042,3
7,0.462,0.940931241826021,0.05906875817397905,0.6520668527194132,1.8649697402596042,3
7,0.463,0.9406840053869724,0.05931599461302761,0.6520668527194132,1.8649697402596042,3
7,0.464,0.9404363089266289,0.05956369107337112,0.6520668527194132,1.8649697402596042,3
7,0.465,0.9401881529124618,0.05981184708753817,0.6520668527194132,1.8649697402596042,3
7,0.466,0.9399395378128126,0.06006046218718741,0.6520668527194132,1.8649697402596042,3
7,0.467,0.9396904640968793,0.060309535903120715,0.6520668527194132,1.8649697402596042,3
7,0.468,0.9394409322346812,0.06055906776531883,0.6520668527194132,1.8649697402596042,3
7,0.469,0.9391909426970807,0.0608090573029193,0.6520668527194132,1.8649697402596042,3
7,0.47,0.9389404959557888,0.06105950404421123,0.6520668527194132,1.8649697402596042,3
7,0.471,0.9386895924833298,0.06131040751667016,0.6520668527194132,1.8649697402596042,3
7,0.472,0.9384382327531127,0.06156176724688733,0.6520668527194132,1.8649697402596042,3
7,0.473,0.938186417239321,0.06181358276067905,0.6520668527194132,1.8649697402596042,3
7,0.474,0.9379341464170328,0.062065853582967234,0.6520668527194132,1.8649697402596042,3
7,0.475,0.9376814207621286,0.06231857923787143,0.6520668527194132,1.8649697402596042,3
7,0.476,0.9374282407513286,0.06257175924867142,0.6520668527194132,1.8649697402596042,3
7,0.477,0.9371746068621837,0.06282539313781632,0.6520668527194132,1.8649697402596042,3
7,0.478,0.9369205195730829,0.06307948042691713,0.6520668527194132,1.8649697402596042,3
7,0.479,0.936665979363232,0.06333402063676796,0.6520668527194132,1.8649697402596042,3
7,0.48,0.9364109867126821,0.06358901328731792,0.6520668527194132,1.8649697402596042,3
7,0.481,0.9361555421023036,0.06384445789769644,0.6520668527194132,1.8649697402596042,3
7,0.482,0.9358996460137914,0.06410035398620861,0.6520668527194132,1.8649697402596042,3
7,0.483,0.9356432989296741,0.06435670107032587,0.6520668527194132,1.8649697402596042,3
7,0.484,0.9353865013333005,0.06461349866669952,0.6520668527194132,1.8649697402596042,3
7,0.485,0.9351292537088445,0.06487074629115552,0.6520668527194132,1.8649697402596042,3
7,0.486,0.9348715565413016,0.06512844345869839,0.6520668527194132,1.8649697402596042,3
7,0.487,0.9346134103164938,0.06538658968350619,0.6520668527194132,1.8649697402596042,3
7,0.488,0.9343548155210503,0.06564518447894974,0.6520668527194132,1.8649697402596042,3
7,0.489,0.9340957726424398,0.06590422735756019,0.6520668527194132,1.8649697402596042,3
7,0.49,0.9338362821689332,0.06616371783106678,0.6520668527194132,1.8649697402596042,3
7,0.491,0.9335763445896277,0.06642365541037232,0.6520668527194132,1.8649697402596042,3
7,0.492,0.9333159603944365,0.06668403960556346,0.6520668527194132,1.8649697402596042,3
7,0.493,0.9330551300740916,0.06694486992590842,0.6520668527194132,1.8649697402596042,3
7,0.494,0.9327938541201104,0.0672061458798896,0.6520668527194132,1.8649697402596042,3
7,0.495,0.9325321330248694,0.06746786697513063,0.6520668527194132,1.8649697402596042,3
7,0.496,0.9322699672815272,0.06773003271847278,0.6520668527194132,1.8649697402596042,3
7,0.497,0.9320073573840655,0.06799264261593452,0.6520668527194132,1.8649697402596042,3
7,0.498,0.9317443038272589,0.06825569617274108,0.6520668527194132,1.8649697402596042,3
7,0.499,0.931480807106722,0.06851919289327801,0.6520668527194132,1.8649697402596042,3
7,0.5,0.9312168677188312,0.06878313228116884,0.6520668527194132,1.8649697402596042,3
8,0.001,0.999999676121924,3.238780760250748e-07,0.6974296234000507,1.8952186287264685,3
8,0.002,0.999998704488404,1.295511596000054e-06,0.6974296234000507,1.8952186287264685,3
8,0.003,0.9999970844669296,2.9155330704133675e-06,0.6974296234000507,1.8952186287264685,3
8,0.004,0.9999948167174484,5.183282551612933e-06,0.6974296234000507,1.8952186287264685,3
8,0.005,0.9999919011423107,8.098857689264882e-06,0.6974296234000507,1.8952186287264685,3
8,0.006,0.9999883376569922,1.1662343007756704e-05,0.6974296234000507,1.8952186287264685,3
8,0.007,0.9999841262963072,1.5873703692825814e-05,0.6974296234000507,1.8952186287264685,3
8,0.008,0.9999792670558684,2.0732944131629516e-05,0.6974296234000507,1.8952186287264685,3
8,0.009,0.999973759946683,2.6240053316972656e-05,0.6974296234000507,1.8952186287264685,3
8,0.01,0.9999676049843367,3.239501566332237e-05,0.6974296234000507,1.8952186287264685,3
8,0.011,0.9999608021808042,3.919781919581311e-05,0.6974296234000507,1.8952186287264685,3
8,0.012,0.9999533515524781,4.66484475218909e-05,0.6974296234000507,1.8952186287264685,3
8,0.013,0.9999452531146401,5.474688535989092e-05,0.6974296234000507,1.8952186287264685,3
8,0.014,0.9999365068854801,6.349311451991912e-05,0.6974296234000507,1.8952186287264685,3
8,0.015,0.9999271128841078,7.288711589215069e-05,0.6974296234000507,1.8952186287264685,3
8,0.016,0.9999170711310951,8.292886890493012e-05,0.6974296234000507,1.8952186287264685,3
8,0.017,0.99990638165003,9.361834997001495e-05,0.6974296234000507,1.8952186287264685,3
8,0.018,0.9998950444602719,0.00010495553972811322,0.6974296234000507,1.8952186287264685,3
8,0.019,0.999883059591004,0.00011694040899601355,0.6974296234000507,1.8952186287264685,3
8,0.02,0.9998704270672,0.00012957293280002613,0.6974296234000507,1.8952186287264685,3
8,0.021,0.9998571469166777,0.00014285308332229185,0.6974296234000507,1.8952186287264685,3
8,0.022,0.9998432191686291,0.00015678083137093957,0.6974296234000507,1.8952186287264685,3
8,0.023,0.9998286438538425,0.0001713561461574864,0.6974296234000507,1.8952186287264685,3
8,0.024,0.9998134210044098,0.00018657899559015867,0.6974296234000507,1.8952186287264685,3
8,0.025,0.9997975506538282,0.00020244934617175137,0.6974296234000507,1.8952186287264685,3
8,0.026,0.9997810328372804,0.0002189671627196299,0.6974296234000507,1.8952186287264685,3
8,0.027,0.9997638675902589,0.0002361324097410744,0.6974296234000507,1.8952186287264685,3
8,0.028,0.9997460549518454,0.0002539450481545691,0.6974296234000507,1.8952186287264685,3
8,0.029,0.9997275949601475,0.00027240503985248576,0.6974296234000507,1.8952186287264685,3
8,0.03,0.9997084876565799,0.00029151234342006394,0.6974296234000507,1.8952186287264685,3
8,0.031,0.9996887330830238,0.0003112669169762494,0.6974296234000507,1.8952186287264685,3
8,0.032,0.9996683312829149,0.0003316687170851207,0.6974296234000507,1.8952186287264685,3
8,0.033,0.9996472823011214,0.0003527176988785685,0.6974296234000507,1.8952186287264685,3
8,0.034,0.9996255861841502,0.0003744138158497945,0.6974296234000507,1.8952186287264685,3
8,0.035,0.9996032429797619,0.0003967570202381143,0.6974296234000507,1.8952186287264685,3
8,0.036,0.99958025273708,0.00041974726292004494,0.6974296234000507,1.8952186287264685,3
8,0.037,0.9995566155068425,0.00044338449315750594,0.6974296234000507,1.8952186287264685,3
8,0.038,0.9995323313410395,0.00046766865896052945,0.6974296234000507,1.8952186287264685,3
8,0.039,0.9995074002931416,0.0004925997068584431,0.6974296234000507,1.8952186287264685,3
8,0.04,0.9994818224181227,0.0005181775818773326,0.6974296234000507,1.8952186287264685,3
8,0.041,0.9994555977722326,0.0005444022277674154,0.6974296234000507,1.8952186287264685,3
8,0.042,0.9994287264132962,0.0005712735867038354,0.6974296234000507,1.8952186287264685,3
8,0.043,0.9994012084004702,0.0005987915995298021,0.6974296234000507,1.8952186287264685,3
8,0.044,0.9993730437943774,0.0006269562056225864,0.6974296234000507,1.8952186287264685,3
8,0.045,0.9993442326569943,0.0006557673430056532,0.6974296234000507,1.8952186287264685,3
8,0.046,0.9993147750518147,0.0006852249481853478,0.6974296234000507,1.8952186287264685,3
8,0.047,0.9992846710437222,0.0007153289562777942,0.6974296234000507,1.8952186287264685,3
8,0.048,0.9992539206989691,0.0007460793010308775,0.6974296234000507,1.8952186287264685,3
8,0.049,0.9992225240852779,0.0007774759147221033,0.6974296234000507,1.8952186287264685,3
8,0.05,0.999190481271853,0.0008095187281470517,0.6974296234000507,1.8952186287264685,3
8,0.051,0.9991577923291799,0.0008422076708201054,0.6974296234000507,1.8952186287264685,3
8,0.052,0.9991244573292827,0.000875542670717322,0.6974296234000507,1.8952186287264685,3
8,0.053,0.9990904763455898,0.0009095236544102159,0.6974296234000507,1.8952186287264685,3
8,0.054,0.9990558494528969,0.000944150547103062,0.6974296234000507,1.8952186287264685,3
8,0.055,0.9990205767274895,0.000979423272510549,0.6974296234000507,1.8952186287264685,3
8,0.056,0.9989846582470083,0.001015341752991672,0.6974296234000507,1.8952186287264685,3
8,0.057,0.9989480940905661,0.0010519059094339367,0.6974296234000507,1.8952186287264685,3
8,0.058,0.9989108843386783,0.001089115661321749,0.6974296234000507,1.8952186287264685,3
8,0.059,0.998873029073296,0.0011269709267039962,0.6974296234000507,1.8952186287264685,3
8,0.06,0.9988345283777469,0.0011654716222531114,0.6974296234000507,1.8952186287264685,3
8,0.061,0.9987953823368433,0.0012046176631567151,0.6974296234000507,1.8952186287264685,3
8,0.062,0.9987555910367661,0.0012444089632338562,0.6974296234000507,1.8952186287264685,3
8,0.063,0.9987151545651173,0.0012848454348827199,0.6974296234000507,1.8952186287264685,3
8,0.064,0.9986740730109744,0.001325926989025561,0.6974296234000507,1.8952186287264685,3
8,0.065,0.998632346464828,0.0013676535351719865,0.6974296234000507,1.8952186287264685,3
8,0.066,0.9985899750183748,0.0014100249816252353,0.6974296234000507,1.8952186287264685,3
8,0.067,0.998546958765107,0.0014530412348929822,0.6974296234000507,1.8952186287264685,3
8,0.068,0.9985032977996916,0.0014967022003083974,0.6974296234000507,1.8952186287264685,3
8,0.069,0.9984589922181984,0.001541007781801551,0.6974296234000507,1.8952186287264685,3
8,0.07,0.9984140421182457,0.0015859578817543074,0.6974296234000507,1.8952186287264685,3
8,0.071,0.99836844759879,0.0016315524012100457,0.6974296234000507,1.8952186287264685,3
8,0.072,0.9983222087601987,0.001677791239801274,0.6974296234000507,1.8952186287264685,3
8,0.073,0.9982753257042861,0.0017246742957138794,0.6974296234000507,1.8952186287264685,3
8,0.074,0.9982277985342705,0.0017722014657295393,0.6974296234000507,1.8952186287264685,3
8,0.075,0.9981796273548138,0.0018203726451861968,0.6974296234000507,1.8952186287264685,3
8,0.076,0.9981308122719212,0.0018691877280787583,0.6974296234000507,1.8952186287264685,3
8,0.077,0.9980813533931202,0.0019186466068797925,0.6974296234000507,1.8952186287264685,3
8,0.078,0.9980312508272597,0.0019687491727402584,0.6974296234000507,1.8952186287264685,3
8,0.079,0.9979805046846693,0.0020194953153307438,0.6974296234000507,1.8952186287264685,3
8,0.08,0.9979291150770682,0.002070884922931837,0.6974296234000507,1.8952186287264685,3
8,0.081,0.9978770821175629,0.0021229178824371253,0.6974296234000507,1.8952186287264685,3
8,0.082,0.9978244059207007,0.0021755940792993478,0.6974296234000507,1.8952186287264685,3
8,0.083,0.9977710866024796,0.0022289133975204045,0.6974296234000507,1.8952186287264685,3
8,0.084,0.9977171242802666,0.0022828757197334015,0.6974296234000507,1.8952186287264685,3
8,0.085,0.9976625190728212,0.002337480927178781,0.6974296234000507,1.8952186287264685,3
8,0.086,0.997607271100392,0.0023927288996079543,0.6974296234000507,1.8952186287264685,3
8,0.087,0.9975513804845764,0.0024486195154236334,0.6974296234000507,1.8952186287264685,3
8,0.088,0.9974948473484154,0.0025051526515845746,0.6974296234000507,1.8952186287264685,3
8,0.089,0.9974376718163394,0.002562328183660645,0.6974296234000507,1.8952186287264685,3
8,0.09,0.9973798540141982,0.002620145985801847,0.6974296234000507,1.8952186287264685,3
8,0.091,0.9973213940692779,0.002678605930722111,0.6974296234000507,1.8952186287264685,3
8,0.092,0.9972622921102564,0.0027377078897435903,0.6974296234000507,1.8952186287264685,3
8,0.093,0.9972025482672072,0.0027974517327927773,0.6974296234000507,1.8952186287264685,3
8,0.094,0.9971421626716501,0.002857837328349877,0.6974296234000507,1.8952186287264685,3
8,0.095,0.9970811354564937,0.0029188645435063165,0.6974296234000507,1.8952186287264685,3
8,0.096,0.9970194667560653,0.0029805332439346577,0.6974296234000507,1.8952186287264685,3
8,0.097,0.9969571567060648,0.003042843293935227,0.6974296234000507,1.8952186287264685,3
8,0.098,0.996894205443676,0.003105794556323982,0.6974296234000507,1.8952186287264685,3
8,0.099,0.9968306131074206,0.0031693868925793955,0.6974296234000507,1.8952186287264685,3
8,0.1,0.9967663798372703,0.0032336201627296557,0.6974296234000507,1.8952186287264685,3
8,0.101,0.9967015057745761,0.0032984942254239424,0.6974296234000507,1.8952186287264685,3
8,0.102,0.9966359910621376,0.0033640089378623728,0.6974296234000507,1.8952186287264685,3
8,0.103,0.9965698358441215,0.00343016415587849,0.6974296234000507,1.8952186287264685,3
8,0.104,0.9965030402661254,0.0034969597338746494,0.6974296234000507,1.8952186287264685,3
8,0.105,0.9964356044751426,0.0035643955248574333,0.6974296234000507,1.8952186287264685,3
8,0.106,0.9963675286195784,0.0036324713804215536,0.6974296234000507,1.8952186287264685,3
8,0.107,0.9962988128492529,0.003701187150747076,0.6974296234000507,1.8952186287264685,3
8,0.108,0.9962294573153249,0.0037705426846751378,0.6974296234000507,1.8952186287264685,3
8,0.109,0.9961594621704818,0.003840537829518209,0.6974296234000507,1.8952186287264685,3
8,0.11,0.9960888275687166,0.003911172431283361,0.6974296234000507,1.8952186287264685,3
8,0.111,0.9960175536654685,0.0039824463345314864,0.6974296234000507,1.8952186287264685,3
8,0.112,0.9959456406175575,0.004054359382442474,0.6974296234000507,1.8952186287264685,3
8,0.113,0.9958730885832303,0.004126911416769685,0.6974296234000507,1.8952186287264685,3
8,0.114,0.9957998977221296,0.004200102277870377,0.6974296234000507,1.8952186287264685,3
8,0.115,0.9957260681952756,0.004273931804724351,0.6974296234000507,1.8952186287264685,3
8,0.116,0.9956516001651353,0.00434839983486468,0.6974296234000507,1.8952186287264685,3
8,0.117,0.9955764937955364,0.004423506204463634,0.6974296234000507,1.8952186287264685,3
8,0.118,0.995500749251743,0.004499250748256967,0.6974296234000507,1.8952186287264685,3
8,0.119,0.9954243667003936,0.004575633299606419,0.6974296234000507,1.8952186287264685,3
8,0.12,0.9953473463095249,0.004652653690475073,0.6974296234000507,1.8952186287264685,3
8,0.121,0.9952696882486028,0.004730311751397154,0.6974296234000507,1.8952186287264685,3
8,0.122,0.9951913926884699,0.0048086073115301,0.6974296234000507,1.8952186287264685,3
8,0.123,0.9951124598013709,0.004887540198629137,0.6974296234000507,1.8952186287264685,3
8,0.124,0.9950328897609512,0.004967110239048833,0.6974296234000507,1.8952186287264685,3
8,0.125,0.9949526827422555,0.0050473172577445435,0.6974296234000507,1.8952186287264685,3
8,0.126,0.9948718389217261,0.005128161078273852,0.6974296234000507,1.8952186287264685,3
8,0.127,0.9947903584771977,0.005209641522802344,0.6974296234000507,1.8952186287264685,3
8,0.128,0.9947082415878975,0.0052917584121024985,0.6974296234000507,1.8952186287264685,3
8,0.129,0.9946254884344632,0.00537451156553681,0.6974296234000507,1.8952186287264685,3
8,0.13,0.9945420991989274,0.005457900801072557,0.6974296234000507,1.8952186287264685,3
8,0.131,0.9944580740647663,0.005541925935233727,0.6974296234000507,1.8952186287264685,3
8,0.132,0.9943734132166189,0.005626586783381127,0.6974296234000507,1.8952186287264685,3
8,0.133,0.9942881168408795,0.005711883159120523,0.6974296234000507,1.8952186287264685,3
8,0.134,0.9942021851250712,0.005797814874928808,0.6974296234000507,1.8952186287264685,3
8,0.135,0.9941156182582163,0.00588438174178374,0.6974296234000507,1.8952186287264685,3
8,0.136,0.9940284164306963,0.005971583569303718,0.6974296234000507,1.8952186287264685,3
8,0.137,0.9939405798342927,0.006059420165707263,0.6974296234000507,1.8952186287264685,3
8,0.138,0.993852108662185,0.006147891337815015,0.6974296234000507,1.8952186287264685,3
8,0.139,0.9937630031089291,0.006236996891070934,0.6974296234000507,1.8952186287264685,3
8,0.14,0.9936732633704983,0.0063267366295016725,0.6974296234000507,1.8952186287264685,3
8,0.141,0.993582889644204,0.006417110355795952,0.6974296234000507,1.8952186287264685,3
8,0.142,0.9934918821288118,0.006508117871188213,0.6974296234000507,1.8952186287264685,3
8,0.143,0.9934002410244426,0.006599758975557424,0.6974296234000507,1.8952186287264685,3
8,0.144,0.9933079665326069,0.00669203346739311,0.6974296234000507,1.8952186287264685,3
8,0.145,0.9932150588562029,0.00678494114379713,0.6974296234000507,1.8952186287264685,3
8,0.146,0.9931215181995258,0.006878481800474234,0.6974296234000507,1.8952186287264685,3
8,0.147,0.9930273447682436,0.006972655231756386,0.6974296234000507,1.8952186287264685,3
8,0.148,0.9929325387694165,0.007067461230583549,0.6974296234000507,1.8952186287264685,3
8,0.149,0.9928371004115032,0.007162899588496807,0.6974296234000507,1.8952186287264685,3
8,0.15,0.9927410299043248,0.007258970095675221,0.6974296234000507,1.8952186287264685,3
8,0.151,0.9926443274591072,0.007355672540892755,0.6974296234000507,1.8952186287264685,3
8,0.152,0.9925469932884405,0.007453006711559462,0.6974296234000507,1.8952186287264685,3
8,0.153,0.9924490276063225,0.007550972393677524,0.6974296234000507,1.8952186287264685,3
8,0.154,0.9923504306281152,0.007649569371884768,0.6974296234000507,1.8952186287264685,3
8,0.155,0.9922512025705694,0.007748797429430576,0.6974296234000507,1.8952186287264685,3
8,0.156,0.992151343651811,0.007848656348188987,0.6974296234000507,1.8952186287264685,3
8,0.157,0.992050854091364,0.007949145908636046,0.6974296234000507,1.8952186287264685,3
8,0.158,0.9919497341101147,0.008050265889885333,0.6974296234000507,1.8952186287264685,3
8,0.159,0.9918479839303409,0.008152016069659096,0.6974296234000507,1.8952186287264685,3
8,0.16,0.9917456037756898,0.008254396224310234,0.6974296234000507,1.8952186287264685,3
8,0.161,0.9916425938711912,0.008357406128808753,0.6974296234000507,1.8952186287264685,3
8,0.162,0.9915389544432582,0.008461045556741764,0.6974296234000507,1.8952186287264685,3
8,0.163,0.9914346857196829,0.008565314280317149,0.6974296234000507,1.8952186287264685,3
8,0.164,0.9913297879296306,0.008670212070369443,0.6974296234000507,1.8952186287264685,3
8,0.165,0.9912242613036292,0.008775738696370827,0.6974296234000507,1.8952186287264685,3
8,0.166,0.9911181060736143,0.00888189392638572,0.6974296234000507,1.8952186287264685,3
8,0.167,0.9910113224728496,0.00898867752715038,0.6974296234000507,1.8952186287264685,3
8,0.168,0.9909039107360288,0.009096089263971208,0.6974296234000507,1.8952186287264685,3
8,0.169,0.9907958710991742,0.009204128900825781,0.6974296234000507,1.8952186287264685,3
8,0.17,0.9906872037997076,0.00931279620029235,0.6974296234000507,1.8952186287264685,3
8,0.171,0.9905779090764141,0.009422090923585924,0.6974296234000507,1.8952186287264685,3
8,0.172,0.9904679871694393,0.00953201283056071,0.6974296234000507,1.8952186287264685,3
8,0.173,0.9903574383203254,0.009642561679674588,0.6974296234000507,1.8952186287264685,3
8,0.174,0.9902462627719666,0.00975373722803341,0.6974296234000507,1.8952186287264685,3
8,0.175,0.9901344607686342,0.009865539231365794,0.6974296234000507,1.8952186287264685,3
8,0.176,0.9900220325559606,0.009977967444039448,0.6974296234000507,1.8952186287264685,3
8,0.177,0.9899089783809591,0.010091021619040852,0.6974296234000507,1.8952186287264685,3
8,0.178,0.9897952984919972,0.01020470150800279,0.6974296234000507,1.8952186287264685,3
8,0.179,0.9896809931388246,0.010319006861175373,0.6974296234000507,1.8952186287264685,3
8,0.18,0.9895660625725544,0.010433937427445583,0.6974296234000507,1.8952186287264685,3
8,0.181,0.989450507045643,0.010549492954357031,0.6974296234000507,1.8952186287264685,3
8,0.182,0.9893343268119463,0.01066567318805367,0.6974296234000507,1.8952186287264685,3
8,0.183,0.9892175221266728,0.010782477873327201,0.6974296234000507,1.8952186287264685,3
8,0.184,0.9891000932463706,0.010899906753629396,0.6974296234000507,1.8952186287264685,3
8,0.185,0.9889820404289916,0.011017959571008373,0.6974296234000507,1.8952186287264685,3
8,0.186,0.9888633639338249,0.011136636066175098,0.6974296234000507,1.8952186287264685,3
8,0.187,0.9887440640215194,0.011255935978480625,0.6974296234000507,1.8952186287264685,3
8,0.188,0.9886241409541006,0.011375859045899439,0.6974296234000507,1.8952186287264685,3
8,0.189,0.9885035949949428,0.01149640500505722,0.6974296234000507,1.8952186287264685,3
8,0.19,0.988382426408785,0.011617573591214958,0.6974296234000507,1.8952186287264685,3
8,0.191,0.9882606354617215,0.011739364538278507,0.6974296234000507,1.8952186287264685,3
8,0.192,0.9881382224212123,0.011861777578787702,0.6974296234000507,1.8952186287264685,3
8,0.193,0.98801518755606,0.011984812443940007,0.6974296234000507,1.8952186287264685,3
8,0.194,0.987891531136445,0.012108468863554989,0.6974296234000507,1.8952186287264685,3
8,0.195,0.9877672534338873,0.012232746566112729,0.6974296234000507,1.8952186287264685,3
8,0.196,0.9876423547212649,0.012357645278735063,0.6974296234000507,1.8952186287264685,3
8,0.197,0.9875168352728148,0.012483164727185248,0.6974296234000507,1.8952186287264685,3
8,0.198,0.9873906953641317,0.01260930463586829,0.6974296234000507,1.8952186287264685,3
8,0.199,0.9872639352721496,0.012736064727850382,0.6974296234000507,1.8952186287264685,3
8,0.2,0.9871365552751723,0.0128634447248277,0.6974296234000507,1.8952186287264685,3
8,0.201,0.9870085556528385,0.012991444347161485,0.6974296234000507,1.8952186287264685,3
8,0.202,0.9868799366861508,0.013120063313849184,0.6974296234000507,1.8952186287264685,3
8,0.203,0.9867506986574539,0.013249301342546094,0.6974296234000507,1.8952186287264685,3
8,0.204,0.986620841850448,0.01337915814955204,0.6974296234000507,1.8952186287264685,3
8,0.205,0.9864903665501757,0.013509633449824254,0.6974296234000507,1.8952186287264685,3
8,0.206,0.9863592730430336,0.013640726956966387,0.6974296234000507,1.8952186287264685,3
8,0.207,0.9862275616167633,0.013772438383236718,0.6974296234000507,1.8952186287264685,3
8,0.208,0.9860952325604446,0.013904767439555377,0.6974296234000507,1.8952186287264685,3
8,0.209,0.9859622861645239,0.01403771383547614,0.6974296234000507,1.8952186287264685,3
8,0.21,0.9858287227207608,0.01417127727923917,0.6974296234000507,1.8952186287264685,3
8,0.211,0.985694542522294,0.014305457477705952,0.6974296234000507,1.8952186287264685,3
8,0.212,0.985559745863574,0.014440254136426023,0.6974296234000507,1.8952186287264685,3
8,0.213,0.9854243330404204,0.01457566695957957,0.6974296234000507,1.8952186287264685,3
8,0.214,0.9852883043499746,0.014711695650025391,0.6974296234000507,1.8952186287264685,3
8,0.215,0.985151660090732,0.014848339909268038,0.6974296234000507,1.8952186287264685,3
8,0.216,0.9850144005625165,0.014985599437483454,0.6974296234000507,1.8952186287264685,3
8,0.217,0.9848765260664966,0.01512347393350344,0.6974296234000507,1.8952186287264685,3
8,0.218,0.9847380369051882,0.015261963094811759,0.6974296234000507,1.8952186287264685,3
8,0.219,0.9845989333824257,0.015401066617574344,0.6974296234000507,1.8952186287264685,3
8,0.22,0.9844592158033981,0.015540784196601876,0.6974296234000507,1.8952186287264685,3
8,0.221,0.9843188844746225,0.015681115525377542,0.6974296234000507,1.8952186287264685,3
8,0.222,0.9841779397039504,0.0158220602960496,0.6974296234000507,1.8952186287264685,3
8,0.223,0.9840363818005731,0.015963618199426932,0.6974296234000507,1.8952186287264685,3
8,0.224,0.9838942110750036,0.016105788924996367,0.6974296234000507,1.8952186287264685,3
8,0.225,0.9837514278391007,0.016248572160899255,0.6974296234000507,1.8952186287264685,3
8,0.226,0.9836080324060512,0.016391967593948786,0.6974296234000507,1.8952186287264685,3
8,0.227,0.9834640250903701,0.01653597490962988,0.6974296234000507,1.8952186287264685,3
8,0.228,0.9833194062079003,0.01668059379209974,0.6974296234000507,1.8952186287264685,3
8,0.229,0.983174176075824,0.016825823924175975,0.6974296234000507,1.8952186287264685,3
8,0.23,0.9830283350126392,0.0169716649873608,0.6974296234000507,1.8952186287264685,3
8,0.231,0.9828818833381825,0.017118116661817506,0.6974296234000507,1.8952186287264685,3
8,0.232,0.9827348213736111,0.017265178626388877,0.6974296234000507,1.8952186287264685,3
8,0.233,0.982587149441412,0.01741285055858799,0.6974296234000507,1.8952186287264685,3
8,0.234,0.9824388678653881,0.017561132134611857,0.6974296234000507,1.8952186287264685,3
8,0.235,0.9822899769706833,0.01771002302931668,0.6974296234000507,1.8952186287264685,3
8,0.236,0.9821404770837397,0.01785952291626025,0.6974296234000507,1.8952186287264685,3
8,0.237,0.9819903685323499,0.01800963146765011,0.6974296234000507,1.8952186287264685,3
8,0.238,0.9818396516456122,0.018160348354387845,0.6974296234000507,1.8952186287264685,3
8,0.239,0.9816883267539452,0.01831167324605476,0.6974296234000507,1.8952186287264685,3
8,0.24,0.9815363941890911,0.01846360581090889,0.6974296234000507,1.8952186287264685,3
8,0.241,0.9813838542841112,0.018616145715888766,0.6974296234000507,1.8952186287264685,3
8,0.242,0.9812307073733842,0.018769292626615752,0.6974296234000507,1.8952186287264685,3
8,0.243,0.981076953792604,0.018923046207396044,0.6974296234000507,1.8952186287264685,3
8,0.244,0.9809225938787804,0.019077406121219553,0.6974296234000507,1.8952186287264685,3
8,0.245,0.9807676279702467,0.019232372029753253,0.6974296234000507,1.8952186287264685,3
8,0.246,0.9806120564066328,0.019387943593367152,0.6974296234000507,1.8952186287264685,3
8,0.247,0.9804558795289031,0.019544120471096882,0.6974296234000507,1.8952186287264685,3
8,0.248,0.9802990976793231,0.019700902320676894,0.6974296234000507,1.8952186287264685,3
8,0.249,0.9801417112014661,0.019858288798533907,0.6974296234000507,1.8952186287264685,3
8,0.25,0.9799837204402316,0.02001627955976837,0.6974296234000507,1.8952186287264685,3
8,0.251,0.9798251257418028,0.020174874258197195,0.6974296234000507,1.8952186287264685,3
8,0.252,0.9796659274537024,0.0203340725462976,0.6974296234000507,1.8952186287264685,3
8,0.253,0.979506125924749,0.02049387407525105,0.6974296234000507,1.8952186287264685,3
8,0.254,0.9793457215050434,0.0206542784949566,0.6974296234000507,1.8952186287264685,3
8,0.255,0.9791847145460355,0.020815285453964494,0.6974296234000507,1.8952186287264685,3
8,0.256,0.9790231054004523,0.020976894599547657,0.6974296234000507,1.8952186287264685,3
8,0.257,0.9788608944223338,0.021139105577666184,0.6974296234000507,1.8952186287264685,3
8,0.258,0.9786980819670226,0.02130191803297743,0.6974296234000507,1.8952186287264685,3
8,0.259,0.9785346683911589,0.02146533160884112,0.6974296234000507,1.8952186287264685,3
8,0.26,0.9783706540526886,0.021629345947311363,0.6974296234000507,1.8952186287264685,3
8,0.261,0.9782060393108583,0.021793960689141745,0.6974296234000507,1.8952186287264685,3
8,0.262,0.9780408245262144,0.021959175473785564,0.6974296234000507,1.8952186287264685,3
8,0.263,0.9778750100606006,0.022124989939399375,0.6974296234000507,1.8952186287264685,3
8,0.264,0.977708596277148,0.022291403722851988,0.6974296234000507,1.8952186287264685,3
8,0.265,0.9775415835403102,0.022458416459689823,0.6974296234000507,1.8952186287264685,3
8,0.266,0.9773739722158026,0.022626027784197422,0.6974296234000507,1.8952186287264685,3
8,0.267,0.9772057626706635,0.022794237329336497,0.6974296234000507,1.8952186287264685,3
8,0.268,0.9770369552732122,0.022963044726787785,0.6974296234000507,1.8952186287264685,3
8,0.269,0.9768675503930613,0.02313244960693872,0.6974296234000507,1.8952186287264685,3
8,0.27,0.9766975484011208,0.023302451598879226,0.6974296234000507,1.8952186287264685,3
8,0.271,0.9765269496695717,0.023473050330428347,0.6974296234000507,1.8952186287264685,3
8,0.272,0.9763557545719127,0.023644245428087296,0.6974296234000507,1.8952186287264685,3
8,0.273,0.9761839634829128,0.02381603651708719,0.6974296234000507,1.8952186287264685,3
8,0.274,0.9760115767786349,0.023988423221365074,0.6974296234000507,1.8952186287264685,3
8,0.275,0.9758385948364255,0.024161405163574456,0.6974296234000507,1.8952186287264685,3
8,0.276,0.9756650180349208,0.024334981965079217,0.6974296234000507,1.8952186287264685,3
8,0.277,0.9754908467540332,0.024509153245966808,0.6974296234000507,1.8952186287264685,3
8,0.278,0.97531608137497,0.024683918625030055,0.6974296234000507,1.8952186287264685,3
8,0.279,0.975140722280214,0.02485927771978602,0.6974296234000507,1.8952186287264685,3
8,0.28,0.9749647698535288,0.025035230146471243,0.6974296234000507,1.8952186287264685,3
8,0.281,0.9747882244799594,0.025211775520040614,0.6974296234000507,1.8952186287264685,3
8,0.282,0.974611086545836,0.025388913454164053,0.6974296234000507,1.8952186287264685,3
8,0.283,0.9744333564387601,0.025566643561239943,0.6974296234000507,1.8952186287264685,3
8,0.284,0.9742550345476133,0.025744965452386692,0.6974296234000507,1.8952186287264685,3
8,0.285,0.974076121262553,0.025923878737446948,0.6974296234000507,1.8952186287264685,3
8,0.286,0.9738966169750121,0.026103383024987936,0.6974296234000507,1.8952186287264685,3
8,0.287,0.9737165220776982,0.02628347792230179,0.6974296234000507,1.8952186287264685,3
8,0.288,0.9735358369645921,0.026464163035407884,0.6974296234000507,1.8952186287264685,3
8,0.289,0.9733545620309464,0.02664543796905361,0.6974296234000507,1.8952186287264685,3
8,0.29,0.9731726976732904,0.0268273023267096,0.6974296234000507,1.8952186287264685,3
8,0.291,0.9729902442894011,0.027009755710598937,0.6974296234000507,1.8952186287264685,3
8,0.292,0.9728072022783552,0.027192797721644846,0.6974296234000507,1.8952186287264685,3
8,0.293,0.9726235720404806,0.027376427959519445,0.6974296234000507,1.8952186287264685,3
8,0.294,0.9724393539773751,0.02756064602262487,0.6974296234000507,1.8952186287264685,3
8,0.295,0.9722545484919004,0.027745451508099594,0.6974296234000507,1.8952186287264685,3
8,0.296,0.9720691559881854,0.02793084401181456,0.6974296234000507,1.8952186287264685,3
8,0.297,0.9718831768716223,0.02811682312837771,0.6974296234000507,1.8952186287264685,3
8,0.298,0.9716966115488621,0.02830338845113789,0.6974296234000507,1.8952186287264685,3
8,0.299,0.9715094604278245,0.02849053957217551,0.6974296234000507,1.8952186287264685,3
8,0.3,0.9713217239176812,0.028678276082318765,0.6974296234000507,1.8952186287264685,3
8,0.301,0.9711334024288713,0.02886659757112875,0.6974296234000507,1.8952186287264685,3
8,0.302,0.9709444963730816,0.029055503626918444,0.6974296234000507,1.8952186287264685,3
8,0.303,0.9707550061632733,0.02924499383672674,0.6974296234000507,1.8952186287264685,3
8,0.304,0.9705649322136392,0.029435067786360847,0.6974296234000507,1.8952186287264685,3
8,0.305,0.9703742749396504,0.02962572506034955,0.6974296234000507,1.8952186287264685,3
8,0.306,0.9701830347580181,0.029816965241981852,0.6974296234000507,1.8952186287264685,3
8,0.307,0.9699912120867118,0.030008787913288204,0.6974296234000507,1.8952186287264685,3
8,0.308,0.9697988073449487,0.03020119265505128,0.6974296234000507,1.8952186287264685,3
8,0.309,0.9696058209531979,0.030394179046802083,0.6974296234000507,1.8952186287264685,3
8,0.31,0.969412253333179,0.03058774666682096,0.6974296234000507,1.8952186287264685,3
8,0.311,0.9692181049078606,0.030781895092139355,0.6974296234000507,1.8952186287264685,3
8,0.312,0.9690233761014524,0.030976623898547606,0.6974296234000507,1.8952186287264685,3
8,0.313,0.9688280673394176,0.03117193266058238,0.6974296234000507,1.8952186287264685,3
8,0.314,0.9686321790484604,0.03136782095153956,0.6974296234000507,1.8952186287264685,3
8,0.315,0.968435711656528,0.031564288343472025,0.6974296234000507,1.8952186287264685,3
8,0.316,0.9682386655928138,0.031761334407186204,0.6974296234000507,1.8952186287264685,3
8,0.317,0.9680410412877427,0.03195895871225729,0.6974296234000507,1.8952186287264685,3
8,0.318,0.9678428391729957,0.03215716082700426,0.6974296234000507,1.8952186287264685,3
8,0.319,0.9676440596814773,0.032355940318522736,0.6974296234000507,1.8952186287264685,3
8,0.32,0.9674447032473403,0.03255529675265967,0.6974296234000507,1.8952186287264685,3
8,0.321,0.9672447703059718,0.03275522969402822,0.6974296234000507,1.8952186287264685,3
8,0.322,0.967044261293987,0.03295573870601298,0.6974296234000507,1.8952186287264685,3
8,0.323,0.9668431766492481,0.033156823350751874,0.6974296234000507,1.8952186287264685,3
8,0.324,0.9666415168108425,0.03335848318915746,0.6974296234000507,1.8952186287264685,3
8,0.325,0.9664392822190897,0.0335607177809103,0.6974296234000507,1.8952186287264685,3
8,0.326,0.9662364733155442,0.033763526684455814,0.6974296234000507,1.8952186287264685,3
8,0.327,0.966033090542984,0.03396690945701597,0.6974296234000507,1.8952186287264685,3
8,0.328,0.9658291343454235,0.0341708656545765,0.6974296234000507,1.8952186287264685,3
8,0.329,0.965624605168098,0.034375394831901995,0.6974296234000507,1.8952186287264685,3
8,0.33,0.9654195034574727,0.03458049654252726,0.6974296234000507,1.8952186287264685,3
8,0.331,0.9652138296612355,0.03478617033876452,0.6974296234000507,1.8952186287264685,3
8,0.332,0.965007584228298,0.03499241577170198,0.6974296234000507,1.8952186287264685,3
8,0.333,0.9648007676087972,0.03519923239120282,0.6974296234000507,1.8952186287264685,3
8,0.334,0.96459338025409,0.03540661974590997,0.6974296234000507,1.8952186287264685,3
8,0.335,0.9643854226167519,0.035614577383248136,0.6974296234000507,1.8952186287264685,3
8,0.336,0.9641768951505802,0.03582310484941975,0.6974296234000507,1.8952186287264685,3
8,0.337,0.9639677983105852,0.03603220168941479,0.6974296234000507,1.8952186287264685,3
8,0.338,0.9637581325529984,0.03624186744700164,0.6974296234000507,1.8952186287264685,3
8,0.339,0.9635478983352687,0.03645210166473134,0.6974296234000507,1.8952186287264685,3
8,0.34,0.9633370961160503,0.03666290388394966,0.6974296234000507,1.8952186287264685,3
8,0.341,0.9631257263552198,0.03687427364478024,0.6974296234000507,1.8952186287264685,3
8,0.342,0.9629137895138652,0.03708621048613481,0.6974296234000507,1.8952186287264685,3
8,0.343,0.962701286054266,0.03729871394573403,0.6974296234000507,1.8952186287264685,3
8,0.344,0.9624882164399419,0.03751178356005813,0.6974296234000507,1.8952186287264685,3
8,0.345,0.962274581135598,0.03772541886440195,0.6974296234000507,1.8952186287264685,3
8,0.346,0.9620603806071552,0.03793961939284485,0.6974296234000507,1.8952186287264685,3
8,0.347,0.9618456153217362,0.03815438467826382,0.6974296234000507,1.8952186287264685,3
8,0.348,0.9616302857476713,0.03836971425232871,0.6974296234000507,1.8952186287264685,3
8,0.349,0.9614143923544894,0.038585607645510556,0.6974296234000507,1.8952186287264685,3
8,0.35,0.9611979356129255,0.03880206438707445,0.6974296234000507,1.8952186287264685,3
8,0.351,0.9609809159949144,0.03901908400508558,0.6974296234000507,1.8952186287264685,3
8,0.352,0.9607633339735873,0.039236666026412736,0.6974296234000507,1.8952186287264685,3
8,0.353,0.9605451900232771,0.039454809976722904,0.6974296234000507,1.8952186287264685,3
8,0.354,0.9603264846195109,0.03967351538048913,0.6974296234000507,1.8952186287264685,3
8,0.355,0.9601072182390137,0.03989278176098632,0.6974296234000507,1.8952186287264685,3
8,0.356,0.9598873913597004,0.04011260864029964,0.6974296234000507,1.8952186287264685,3
8,0.357,0.9596670044606823,0.040332995539317684,0.6974296234000507,1.8952186287264685,3
8,0.358,0.9594460580222639,0.0405539419777361,0.6974296234000507,1.8952186287264685,3
8,0.359,0.9592245525259387,0.040775447474061255,0.6974296234000507,1.8952186287264685,3
8,0.36,0.9590024884543842,0.04099751154561582,0.6974296234000507,1.8952186287264685,3
8,0.361,0.9587798662914775,0.04122013370852251,0.6974296234000507,1.8952186287264685,3
8,0.362,0.9585566865222628,0.04144331347773722,0.6974296234000507,1.8952186287264685,3
8,0.363,0.9583329496329938,0.04166705036700624,0.6974296234000507,1.8952186287264685,3
8,0.364,0.9581086561110915,0.04189134388890847,0.6974296234000507,1.8952186287264685,3
8,0.365,0.957883806445164,0.04211619355483598,0.6974296234000507,1.8952186287264685,3
8,0.366,0.9576584011250027,0.04234159887499733,0.6974296234000507,1.8952186287264685,3
8,0.367,0.957432440641576,0.042567559358424045,0.6974296234000507,1.8952186287264685,3
8,0.368,0.9572059254870333,0.042794074512966684,0.6974296234000507,1.8952186287264685,3
8,0.369,0.9569788561546991,0.04302114384530087,0.6974296234000507,1.8952186287264685,3
8,0.37,0.9567512331390777,0.04324876686092227,0.6974296234000507,1.8952186287264685,3
8,0.371,0.9565230569358455,0.043476943064154505,0.6974296234000507,1.8952186287264685,3
8,0.372,0.9562943280418532,0.043705671958146786,0.6974296234000507,1.8952186287264685,3
8,0.373,0.9560650469551261,0.04393495304487394,0.6974296234000507,1.8952186287264685,3
8,0.374,0.9558352141748536,0.04416478582514638,0.6974296234000507,1.8952186287264685,3
8,0.375,0.9556048302014016,0.044395169798598366,0.6974296234000507,1.8952186287264685,3
8,0.376,0.9553738955363029,0.04462610446369708,0.6974296234000507,1.8952186287264685,3
8,0.377,0.955142410682255,0.04485758931774497,0.6974296234000507,1.8952186287264685,3
8,0.378,0.9549103761431226,0.045089623856877425,0.6974296234000507,1.8952186287264685,3
8,0.379,0.9546777924239336,0.04532220757606642,0.6974296234000507,1.8952186287264685,3
8,0.38,0.9544446600308808,0.0455553399691192,0.6974296234000507,1.8952186287264685,3
8,0.381,0.9542109794713154,0.04578902052868461,0.6974296234000507,1.8952186287264685,3
8,0.382,0.9539767512537517,0.0460232487462483,0.6974296234000507,1.8952186287264685,3
8,0.383,0.9537419758878626,0.04625802411213742,0.6974296234000507,1.8952186287264685,3
8,0.384,0.9535066538844763,0.04649334611552369,0.6974296234000507,1.8952186287264685,3
8,0.385,0.9532707857555801,0.04672921424441989,0.6974296234000507,1.8952186287264685,3
8,0.386,0.9530343720143142,0.04696562798568582,0.6974296234000507,1.8952186287264685,3
8,0.387,0.9527974131749715,0.047202586825028536,0.6974296234000507,1.8952186287264685,3
8,0.388,0.9525599097530012,0.0474400902469988,0.6974296234000507,1.8952186287264685,3
8,0.389,0.9523218622649965,0.04767813773500351,0.6974296234000507,1.8952186287264685,3
8,0.39,0.9520832712287068,0.04791672877129316,0.6974296234000507,1.8952186287264685,3
8,0.391,0.9518441371630256,0.04815586283697437,0.6974296234000507,1.8952186287264685,3
8,0.392,0.9516044605879942,0.048395539412005806,0.6974296234000507,1.8952186287264685,3
8,0.393,0.9513642420248005,0.04863575797519948,0.6974296234000507,1.8952186287264685,3
8,0.394,0.9511234819957679,0.048876518004232095,0.6974296234000507,1.8952186287264685,3
8,0.395,0.9508821810243779,0.04911781897562206,0.6974296234000507,1.8952186287264685,3
8,0.396,0.950640339635237,0.049359660364763025,0.6974296234000507,1.8952186287264685,3
8,0.397,0.9503979583541043,0.049602041645895656,0.6974296234000507,1.8952186287264685,3
8,0.398,0.9501550377078665,0.04984496229213353,0.6974296234000507,1.8952186287264685,3
8,0.399,0.9499115782245555,0.05008842177544448,0.6974296234000507,1.8952186287264685,3
8,0.4,0.9496675804333358,0.05033241956666423,0.6974296234000507,1.8952186287264685,3
8,0.401,0.9494230448645021,0.05057695513549787,0.6974296234000507,1.8952186287264685,3
8,0.402,0.9491779720494891,0.05082202795051094,0.6974296234000507,1.8952186287264685,3
8,0.403,0.9489323625208579,0.051067637479142114,0.6974296234000507,1.8952186287264685,3
8,0.404,0.948686216812299,0.05131378318770097,0.6974296234000507,1.8952186287264685,3
8,0.405,0.9484395354586358,0.051560464541364204,0.6974296234000507,1.8952186287264685,3
8,0.406,0.9481923189958154,0.05180768100418465,0.6974296234000507,1.8952186287264685,3
8,0.407,0.9479445679609114,0.05205543203908858,0.6974296234000507,1.8952186287264685,3
8,0.408,0.9476962828921178,0.052303717107882175,0.6974296234000507,1.8952186287264685,3
8,0.409,0.9474474643287591,0.05255253567124085,0.6974296234000507,1.8952186287264685,3
8,0.41,0.9471981128112763,0.052801887188723695,0.6974296234000507,1.8952186287264685,3
8,0.411,0.9469482288812316,0.053051771118768354,0.6974296234000507,1.8952186287264685,3
8,0.412,0.9466978130813076,0.053302186918692374,0.6974296234000507,1.8952186287264685,3
8,0.413,0.9464468659552933,0.05355313404470674,0.6974296234000507,1.8952186287264685,3
8,0.414,0.9461953880481093,0.05380461195189068,0.6974296234000507,1.8952186287264685,3
8,0.415,0.94594337990578,0.054056620094219965,0.6974296234000507,1.8952186287264685,3
8,0.416,0.945690842075448,0.05430915792455204,0.6974296234000507,1.8952186287264685,3
8,0.417,0.9454377751053635,0.05456222489463647,0.6974296234000507,1.8952186287264685,3
8,0.418,0.9451841795448866,0.05481582045511335,0.6974296234000507,1.8952186287264685,3
8,0.419,0.9449300559444888,0.055069944055511244,0.6974296234000507,1.8952186287264685,3
8,0.42,0.9446754048557454,0.055324595144254585,0.6974296234000507,1.8952186287264685,3
8,0.421,0.9444202268313399,0.05557977316866014,0.6974296234000507,1.8952186287264685,3
8,0.422,0.9441645224250567,0.05583547757494334,0.6974296234000507,1.8952186287264685,3
8,0.423,0.9439082921917862,0.05609170780821382,0.6974296234000507,1.8952186287264685,3
8,0.424,0.9436515366875183,0.05634846331248167,0.6974296234000507,1.8952186287264685,3
8,0.425,0.9433942564693447,0.056605743530655284,0.6974296234000507,1.8952186287264685,3
8,0.426,0.9431364520954449,0.056863547904555056,0.6974296234000507,1.8952186287264685,3
8,0.427,0.942878124125113,0.05712187587488704,0.6974296234000507,1.8952186287264685,3
8,0.428,0.942619273118725,0.057380726881275046,0.6974296234000507,1.8952186287264685,3
8,0.429,0.9423598996377525,0.05764010036224754,0.6974296234000507,1.8952186287264685,3
8,0.43,0.9421000042447654,0.057899995755234634,0.6974296234000507,1.8952186287264685,3
8,0.431,0.9418395875034188,0.058160412496581215,0.6974296234000507,1.8952186287264685,3
8,0.432,0.9415786499784563,0.058421350021543694,0.6974296234000507,1.8952186287264685,3
8,0.433,0.9413171922357141,0.058682807764285916,0.6974296234000507,1.8952186287264685,3
8,0.434,0.9410552148421119,0.05894478515788815,0.6974296234000507,1.8952186287264685,3
8,0.435,0.9407927183656535,0.05920728163434652,0.6974296234000507,1.8952186287264685,3
8,0.436,0.940529703375429,0.05947029662457104,0.6974296234000507,1.8952186287264685,3
8,0.437,0.9402661704416069,0.059733829558393126,0.6974296234000507,1.8952186287264685,3
8,0.438,0.9400021201354387,0.05999787986456129,0.6974296234000507,1.8952186287264685,3
8,0.439,0.9397375530292527,0.06026244697074734,0.6974296234000507,1.8952186287264685,3
8,0.44,0.9394724696964551,0.06052753030354485,0.6974296234000507,1.8952186287264685,3
8,0.441,0.939206870711529,0.060793129288471026,0.6974296234000507,1.8952186287264685,3
8,0.442,0.9389407566500317,0.06105924334996826,0.6974296234000507,1.8952186287264685,3
8,0.443,0.9386741280885904,0.06132587191140959,0.6974296234000507,1.8952186287264685,3
8,0.444,0.9384069856049077,0.06159301439509235,0.6974296234000507,1.8952186287264685,3
8,0.445,0.9381393297777526,0.061860670222247394,0.6974296234000507,1.8952186287264685,3
8,0.446,0.9378711611869647,0.062128838813035325,0.6974296234000507,1.8952186287264685,3
8,0.447,0.9376024804134493,0.06239751958655071,0.6974296234000507,1.8952186287264685,3
8,0.448,0.9373332880391758,0.06266671196082418,0.6974296234000507,1.8952186287264685,3
8,0.449,0.9370635846471788,0.06293641535282124,0.6974296234000507,1.8952186287264685,3
8,0.45,0.9367933708215542,0.06320662917844577,0.6974296234000507,1.8952186287264685,3
8,0.451,0.9365226471474584,0.06347735285254164,0.6974296234000507,1.8952186287264685,3
8,0.452,0.9362514142111079,0.06374858578889209,0.6974296234000507,1.8952186287264685,3
8,0.453,0.935979672599775,0.06402032740022501,0.6974296234000507,1.8952186287264685,3
8,0.454,0.9357074229017887,0.06429257709821135,0.6974296234000507,1.8952186287264685,3
8,0.455,0.9354346657065326,0.06456533429346745,0.6974296234000507,1.8952186287264685,3
8,0.456,0.9351614016044416,0.06483859839555839,0.6974296234000507,1.8952186287264685,3
8,0.457,0.9348876311870055,0.06511236881299454,0.6974296234000507,1.8952186287264685,3
8,0.458,0.9346133550467592,0.06538664495324076,0.6974296234000507,1.8952186287264685,3
8,0.459,0.9343385737772887,0.06566142622271132,0.6974296234000507,1.8952186287264685,3
8,0.46,0.9340632879732262,0.06593671202677376,0.6974296234000507,1.8952186287264685,3
8,0.461,0.9337874982302488,0.06621250176975124,0.6974296234000507,1.8952186287264685,3
8,0.462,0.9335112051450759,0.0664887948549241,0.6974296234000507,1.8952186287264685,3
8,0.463,0.9332344093154682,0.0667655906845318,0.6974296234000507,1.8952186287264685,3
8,0.464,0.9329571113402313,0.0670428886597687,0.6974296234000507,1.8952186287264685,3
8,0.465,0.9326793118192049,0.06732068818079506,0.6974296234000507,1.8952186287264685,3
8,0.466,0.9324010113532671,0.06759898864673286,0.6974296234000507,1.8952186287264685,3
8,0.467,0.9321222105443322,0.0678777894556678,0.6974296234000507,1.8952186287264685,3
8,0.468,0.9318429099953486,0.06815709000465142,0.6974296234000507,1.8952186287264685,3
8,0.469,0.9315631103102967,0.0684368896897033,0.6974296234000507,1.8952186287264685,3
8,0.47,0.9312828120941853,0.06871718790581471,0.6974296234000507,1.8952186287264685,3
8,0.471,0.9310020159530565,0.06899798404694346,0.6974296234000507,1.8952186287264685,3
8,0.472,0.9307207224939791,0.06927927750602092,0.6974296234000507,1.8952186287264685,3
8,0.473,0.9304389323250467,0.06956106767495329,0.6974296234000507,1.8952186287264685,3
8,0.474,0.9301566460553777,0.06984335394462227,0.6974296234000507,1.8952186287264685,3
8,0.475,0.9298738642951125,0.07012613570488746,0.6974296234000507,1.8952186287264685,3
8,0.476,0.929590587655415,0.07040941234458498,0.6974296234000507,1.8952186287264685,3
8,0.477,0.9293068167484665,0.07069318325153351,0.6974296234000507,1.8952186287264685,3
8,0.478,0.9290225521874677,0.07097744781253235,0.6974296234000507,1.8952186287264685,3
8,0.479,0.9287377945866357,0.07126220541336425,0.6974296234000507,1.8952186287264685,3
8,0.48,0.928452544561202,0.07154745543879804,0.6974296234000507,1.8952186287264685,3
8,0.481,0.9281668027274109,0.07183319727258908,0.6974296234000507,1.8952186287264685,3
8,0.482,0.9278805697025188,0.07211943029748125,0.6974296234000507,1.8952186287264685,3
8,0.483,0.9275938461047915,0.07240615389520855,0.6974296234000507,1.8952186287264685,3
8,0.484,0.9273066325535052,0.0726933674464948,0.6974296234000507,1.8952186287264685,3
8,0.485,0.9270189296689392,0.07298107033106083,0.6974296234000507,1.8952186287264685,3
8,0.486,0.9267307380723807,0.07326926192761929,0.6974296234000507,1.8952186287264685,3
8,0.487,0.9264420583861206,0.07355794161387941,0.6974296234000507,1.8952186287264685,3
8,0.488,0.9261528912334496,0.07384710876655043,0.6974296234000507,1.8952186287264685,3
8,0.489,0.925863237238659,0.07413676276134096,0.6974296234000507,1.8952186287264685,3
8,0.49,0.9255730970270419,0.07442690297295806,0.6974296234000507,1.8952186287264685,3
8,0.491,0.9252824712248809,0.07471752877511906,0.6974296234000507,1.8952186287264685,3
8,0.492,0.9249913604594622,0.07500863954053782,0.6974296234000507,1.8952186287264685,3
8,0.493,0.9246997653590616,0.07530023464093838,0.6974296234000507,1.8952186287264685,3
8,0.494,0.9244076865529467,0.0755923134470533,0.6974296234000507,1.8952186287264685,3
8,0.495,0.9241151246713777,0.07588487532862231,0.6974296234000507,1.8952186287264685,3
8,0.496,0.923822080345599,0.07617791965440102,0.6974296234000507,1.8952186287264685,3
8,0.497,0.9235285542078472,0.07647144579215281,0.6974296234000507,1.8952186287264685,3
8,0.498,0.9232345468913404,0.07676545310865956,0.6974296234000507,1.8952186287264685,3
8,0.499,0.9229400590302832,0.0770599409697168,0.6974296234000507,1.8952186287264685,3
8,0.5,0.9226450912598605,0.0773549087401395,0.6974296234000507,1.8952186287264685,3
9,0.001,0.9999997117882028,2.8821179720583956e-07,0.6021579275023511,1.7662220761896443,3
9,0.002,0.9999988471534681,1.1528465319043946e-06,0.6021579275023511,1.7662220761896443,3
9,0.003,0.9999974060977659,2.59390223411593e-06,0.6021579275023511,1.7662220761896443,3
9,0.004,0.9999953874747225,4.61252527750311e-06,0.6021579275023511,1.7662220761896443,3
9,0.005,0.9999927929400801,7.207059919855929e-06,0.6021579275023511,1.7662220761896443,3
9,0.006,0.9999896218587092,1.0378141290789955e-05,0.6021579275023511,1.7662220761896443,3
9,0.007,0.9999858742267443,1.412577325565767e-05,0.6021579275023511,1.7662220761896443,3
9,0.008,0.9999815500628683,1.8449937131737038e-05,0.6021579275023511,1.7662220761896443,3
9,0.009,0.9999766493748667,2.335062513325603e-05,0.6021579275023511,1.7662220761896443,3
9,0.01,0.9999711721714443,2.882782855573307e-05,0.6021579275023511,1.7662220761896443,3
9,0.011,0.999965118464337,3.488153566300056e-05,0.6021579275023511,1.7662220761896443,3
9,0.012,0.9999584882707592,4.1511729240828465e-05,0.6021579275023511,1.7662220761896443,3
9,0.013,0.9999512816041117,4.871839588826976e-05,0.6021579275023511,1.7662220761896443,3
9,0.014,0.9999434984806743,5.650151932568015e-05,0.6021579275023511,1.7662220761896443,3
9,0.015,0.9999351389184411,6.486108155889792e-05,0.6021579275023511,1.7662220761896443,3
9,0.016,0.999926202936295,7.379706370502781e-05,0.6021579275023511,1.7662220761896443,3
9,0.017,0.9999166905543487,8.330944565126952e-05,0.6021579275023511,1.7662220761896443,3
9,0.018,0.9999066017949183,9.339820508169616e-05,0.6021579275023511,1.7662220761896443,3
9,0.019,0.9998959366795938,0.00010406332040624466,0.6021579275023511,1.7662220761896443,3
9,0.02,0.9998846952338645,0.00011530476613552665,0.6021579275023511,1.7662220761896443,3
9,0.021,0.9998728774828876,0.0001271225171124435,0.6021579275023511,1.7662220761896443,3
9,0.022,0.9998604834535645,0.00013951654643551414,0.6021579275023511,1.7662220761896443,3
9,0.023,0.9998475131739598,0.00015248682604018793,0.6021579275023511,1.7662220761896443,3
9,0.024,0.9998339666738333,0.00016603332616671462,0.6021579275023511,1.7662220761896443,3
9,0.025,0.999819843983606,0.00018015601639398415,0.6021579275023511,1.7662220761896443,3
9,0.026,0.999805145135494,0.00019485486450598888,0.6021579275023511,1.7662220761896443,3
9,0.027,0.9997898701631758,0.00021012983682422437,0.6021579275023511,1.7662220761896443,3
9,0.028,0.9997740191012757,0.00022598089872427618,0.6021579275023511,1.7662220761896443,3
9,0.029,0.9997575919853593,0.00024240801464070483,0.6021579275023511,1.7662220761896443,3
9,0.03,0.9997405888534332,0.0002594111465668014,0.6021579275023511,1.7662220761896443,3
9,0.031,0.9997230097437337,0.00027699025626626295,0.6021579275023511,1.7662220761896443,3
9,0.032,0.99970485469649,0.0002951453035100471,0.6021579275023511,1.7662220761896443,3
9,0.033,0.9996861237527945,0.00031387624720546903,0.6021579275023511,1.7662220761896443,3
9,0.034,0.9996668169553572,0.0003331830446428041,0.6021579275023511,1.7662220761896443,3
9,0.035,0.9996469343479829,0.0003530656520170927,0.6021579275023511,1.7662220761896443,3
9,0.036,0.9996264759759026,0.0003735240240974047,0.6021579275023511,1.7662220761896443,3
9,0.037,0.9996054418856487,0.0003945581143512955,0.6021579275023511,1.7662220761896443,3
9,0.038,0.9995838321249583,0.0004161678750417286,0.6021579275023511,1.7662220761896443,3
9,0.039,0.9995616467430367,0.0004383532569632864,0.6021579275023511,1.7662220761896443,3
9,0.04,0.9995388857903724,0.00046111420962757776,0.6021579275023511,1.7662220761896443,3
9,0.041,0.9995155493184691,0.0004844506815309124,0.6021579275023511,1.7662220761896443,3
9,0.042,0.9994916373806004,0.0005083626193995716,0.6021579275023511,1.7662220761896443,3
9,0.043,0.9994671500310035,0.0005328499689964961,0.6021579275023511,1.7662220761896443,3
9,0.044,0.9994420873255664,0.0005579126744336138,0.6021579275023511,1.7662220761896443,3
9,0.045,0.9994164493208146,0.0005835506791853629,0.6021579275023511,1.7662220761896443,3
9,0.046,0.9993902360754136,0.0006097639245864483,0.6021579275023511,1.7662220761896443,3
9,0.047,0.9993634476488383,0.0006365523511616678,0.6021579275023511,1.7662220761896443,3
9,0.048,0.9993360841019866,0.0006639158980134008,0.6021579275023511,1.7662220761896443,3
9,0.049,0.9993081454970181,0.0006918545029819256,0.6021579275023511,1.7662220761896443,3
9,0.05,0.9992796318974656,0.0007203681025343966,0.6021579275023511,1.7662220761896443,3
9,0.051,0.9992505433681266,0.0007494566318734242,0.6021579275023511,1.7662220761896443,3
9,0.052,0.9992208799751461,0.0007791200248539187,0.6021579275023511,1.7662220761896443,3
9,0.053,0.9991906417859063,0.0008093582140936695,0.6021579275023511,1.7662220761896443,3
9,0.054,0.9991598288691407,0.000840171130859324,0.6021579275023511,1.7662220761896443,3
9,0.055,0.9991284412949306,0.0008715587050693863,0.6021579275023511,1.7662220761896443,3
9,0.056,0.9990964791345325,0.000903520865467522,0.6021579275023511,1.7662220761896443,3
9,0.057,0.9990639424606593,0.0009360575393406734,0.6021579275023511,1.7662220761896443,3
9,0.058,0.9990308313472164,0.0009691686527836252,0.6021579275023511,1.7662220761896443,3
9,0.059,0.9989971458694806,0.0010028541305193706,0.6021579275023511,1.7662220761896443,3
9,0.06,0.9989628861039984,0.0010371138960015847,0.6021579275023511,1.7662220761896443,3
9,0.061,0.9989280521286305,0.0010719478713695496,0.6021579275023511,1.7662220761896443,3
9,0.062,0.9988926440225273,0.0011073559774726904,0.6021579275023511,1.7662220761896443,3
9,0.063,0.9988566618661815,0.0011433381338185056,0.6021579275023511,1.7662220761896443,3
9,0.064,0.9988201057413363,0.0011798942586637162,0.6021579275023511,1.7662220761896443,3
9,0.065,0.9987829757310674,0.0012170242689325539,0.6021579275023511,1.7662220761896443,3
9,0.066,0.9987452719197637,0.0012547280802363003,0.6021579275023511,1.7662220761896443,3
9,0.067,0.9987069943930937,0.0012930056069062612,0.6021579275023511,1.7662220761896443,3
9,0.068,0.9986681432380429,0.0013318567619571287,0.6021579275023511,1.7662220761896443,3
9,0.069,0.9986287185429499,0.001371281457050122,0.6021579275023511,1.7662220761896443,3
9,0.07,0.9985887203972376,0.0014112796027624386,0.6021579275023511,1.7662220761896443,3
9,0.071,0.9985481488919291,0.0014518511080708896,0.6021579275023511,1.7662220761896443,3
9,0.072,0.9985070041191713,0.0014929958808287402,0.6021579275023511,1.7662220761896443,3
9,0.073,0.998465286172457,0.0015347138275429995,0.6021579275023511,1.7662220761896443,3
9,0.074,0.998422995146595,0.0015770048534049508,0.6021579275023511,1.7662220761896443,3
9,0.075,0.9983801311375906,0.0016198688624093904,0.6021579275023511,1.7662220761896443,3
9,0.076,0.9983366942429216,0.0016633057570784038,0.6021579275023511,1.7662220761896443,3
9,0.077,0.9982926845612304,0.0017073154387695633,0.6021579275023511,1.7662220761896443,3
9,0.078,0.9982481021925407,0.0017518978074593239,0.6021579275023511,1.7662220761896443,3
9,0.079,0.9982029472380709,0.0017970527619290966,0.6021579275023511,1.7662220761896443,3
9,0.08,0.9981572198004224,0.0018427801995776205,0.6021579275023511,1.7662220761896443,3
9,0.081,0.9981109199834871,0.0018890800165128896,0.6021579275023511,1.7662220761896443,3
9,0.082,0.9980640478924766,0.0019359521075233976,0.6021579275023511,1.7662220761896443,3
9,0.083,0.9980166036338365,0.0019833963661635146,0.6021579275023511,1.7662220761896443,3
9,0.084,0.9979685873153583,0.002031412684641687,0.6021579275023511,1.7662220761896443,3
9,0.085,0.9979199990460996,0.002080000953900374,0.6021579275023511,1.7662220761896443,3
9,0.086,0.9978708389364139,0.0021291610635860714,0.6021579275023511,1.7662220761896443,3
9,0.087,0.9978211070979985,0.0021788929020014614,0.6021579275023511,1.7662220761896443,3
9,0.088,0.997770803643797,0.0022291963562030004,0.6021579275023511,1.7662220761896443,3
9,0.089,0.9977199286880615,0.002280071311938525,0.6021579275023511,1.7662220761896443,3
9,0.09,0.9976684823463481,0.0023315176536519155,0.6021579275023511,1.7662220761896443,3
9,0.091,0.9976164647355047,0.0023835352644953067,0.6021579275023511,1.7662220761896443,3
9,0.092,0.9975638759736744,0.002436124026325648,0.6021579275023511,1.7662220761896443,3
9,0.093,0.9975107161802939,0.002489283819706145,0.6021579275023511,1.7662220761896443,3
9,0.094,0.9974569854760708,0.0025430145239292434,0.6021579275023511,1.7662220761896443,3
9,0.095,0.9974026839830434,0.0025973160169565634,0.6021579275023511,1.7662220761896443,3
9,0.096,0.9973478118245255,0.0026521881754745236,0.6021579275023511,1.7662220761896443,3
9,0.097,0.9972923691251325,0.0027076308748674727,0.6021579275023511,1.7662220761896443,3
9,0.098,0.9972363560107566,0.0027636439892434472,0.6021579275023511,1.7662220761896443,3
9,0.099,0.9971797726085948,0.0028202273914051945,0.6021579275023511,1.7662220761896443,3
9,0.1,0.9971226190471215,0.0028773809528784833,0.6021579275023511,1.7662220761896443,3
9,0.101,0.9970648954561356,0.002935104543864364,0.6021579275023511,1.7662220761896443,3
9,0.102,0.9970066019666657,0.0029933980333343158,0.6021579275023511,1.7662220761896443,3
9,0.103,0.9969477387110773,0.003052261288922664,0.6021579275023511,1.7662220761896443,3
9,0.104,0.9968883058230323,0.003111694176967661,0.6021579275023511,1.7662220761896443,3
9,0.105,0.9968283034374661,0.00317169656253391,0.6021579275023511,1.7662220761896443,3
9,0.106,0.9967677316905942,0.003232268309405817,0.6021579275023511,1.7662220761896443,3
9,0.107,0.9967065907199177,0.00329340928008226,0.6021579275023511,1.7662220761896443,3
9,0.108,0.9966448806642583,0.0033551193357417297,0.6021579275023511,1.7662220761896443,3
9,0.109,0.9965826016636973,0.003417398336302724,0.6021579275023511,1.7662220761896443,3
9,0.11,0.9965197538596167,0.0034802461403833362,0.6021579275023511,1.7662220761896443,3
9,0.111,0.9964563373946579,0.0035436626053421127,0.6021579275023511,1.7662220761896443,3
9,0.112,0.9963923524127932,0.003607647587206775,0.6021579275023511,1.7662220761896443,3
9,0.113,0.9963277990592924,0.0036722009407076373,0.6021579275023511,1.7662220761896443,3
9,0.114,0.9962626774805505,0.003737322519449471,0.6021579275023511,1.7662220761896443,3
9,0.115,0.9961969878245021,0.003803012175497944,0.6021579275023511,1.7662220761896443,3
9,0.116,0.9961307302401916,0.0038692697598083914,0.6021579275023511,1.7662220761896443,3
9,0.117,0.9960639048779979,0.003936095122002103,0.6021579275023511,1.7662220761896443,3
9,0.118,0.9959965118895748,0.0040034881104251685,0.6021579275023511,1.7662220761896443,3
9,0.119,0.9959285514278696,0.004071448572130376,0.6021579275023511,1.7662220761896443,3
9,0.12,0.9958600236471148,0.004139976352885211,0.6021579275023511,1.7662220761896443,3
9,0.121,0.9957909287027895,0.004209071297210487,0.6021579275023511,1.7662220761896443,3
9,0.122,0.9957212667517115,0.004278733248288535,0.6021579275023511,1.7662220761896443,3
9,0.123,0.9956510379519381,0.0043489620480618996,0.6021579275023511,1.7662220761896443,3
9,0.124,0.9955802424628273,0.004419757537172719,0.6021579275023511,1.7662220761896443,3
9,0.125,0.9955088804450087,0.004491119554991263,0.6021579275023511,1.7662220761896443,3
9,0.126,0.9954369520603963,0.004563047939603715,0.6021579275023511,1.7662220761896443,3
9,0.127,0.9953644574721552,0.004635542527844816,0.6021579275023511,1.7662220761896443,3
9,0.128,0.9952913968447874,0.004708603155212598,0.6021579275023511,1.7662220761896443,3
9,0.129,0.9952177703440238,0.004782229655976189,0.6021579275023511,1.7662220761896443,3
9,0.13,0.9951435781369019,0.004856421863098093,0.6021579275023511,1.7662220761896443,3
9,0.131,0.9950688203917194,0.0049311796082806,0.6021579275023511,1.7662220761896443,3
9,0.132,0.9949934972780466,0.005006502721953354,0.6021579275023511,1.7662220761896443,3
9,0.133,0.994917608966752,0.005082391033248035,0.6021579275023511,1.7662220761896443,3
9,0.134,0.9948411556299681,0.00515884437003189,0.6021579275023511,1.7662220761896443,3
9,0.135,0.9947641374410914,0.005235862558908622,0.6021579275023511,1.7662220761896443,3
9,0.136,0.9946865545748098,0.005313445425190189,0.6021579275023511,1.7662220761896443,3
9,0.137,0.9946084072070773,0.005391592792922673,0.6021579275023511,1.7662220761896443,3
9,0.138,0.9945296955151247,0.005470304484875288,0.6021579275023511,1.7662220761896443,3
9,0.139,0.9944504196774552,0.005549580322544823,0.6021579275023511,1.7662220761896443,3
9,0.14,0.9943705798738408,0.00562942012615919,0.6021579275023511,1.7662220761896443,3
9,0.141,0.9942901762853292,0.00570982371467077,0.6021579275023511,1.7662220761896443,3
9,0.142,0.9942092090942447,0.005790790905755294,0.6021579275023511,1.7662220761896443,3
9,0.143,0.9941276784841672,0.005872321515832835,0.6021579275023511,1.7662220761896443,3
9,0.144,0.9940455846399476,0.0059544153600523675,0.6021579275023511,1.7662220761896443,3
9,0.145,0.9939629277477477,0.006037072252252251,0.6021579275023511,1.7662220761896443,3
9,0.146,0.9938797079949198,0.006120292005080241,0.6021579275023511,1.7662220761896443,3
9,0.147,0.9937959255701541,0.0062040744298459405,0.6021579275023511,1.7662220761896443,3
9,0.148,0.9937115806633895,0.006288419336610507,0.6021579275023511,1.7662220761896443,3
9,0.149,0.9936266734658211,0.00637332653417888,0.6021579275023511,1.7662220761896443,3
9,0.15,0.9935412041699218,0.0064587958300782455,0.6021579275023511,1.7662220761896443,3
9,0.151,0.9934551729694119,0.006544827030588118,0.6021579275023511,1.7662220761896443,3
9,0.152,0.9933685800593051,0.006631419940694938,0.6021579275023511,1.7662220761896443,3
9,0.153,0.9932814256358644,0.006718574364135588,0.6021579275023511,1.7662220761896443,3
9,0.154,0.9931937098966089,0.006806290103391066,0.6021579275023511,1.7662220761896443,3
9,0.155,0.9931054330403355,0.006894566959664505,0.6021579275023511,1.7662220761896443,3
9,0.156,0.9930165952671041,0.006983404732895937,0.6021579275023511,1.7662220761896443,3
9,0.157,0.9929271967782338,0.007072803221766177,0.6021579275023511,1.7662220761896443,3
9,0.158,0.9928372377762928,0.007162762223707153,0.6021579275023511,1.7662220761896443,3
9,0.159,0.9927467184651451,0.007253281534854938,0.6021579275023511,1.7662220761896443,3
9,0.16,0.9926556390498524,0.007344360950147566,0.6021579275023511,1.7662220761896443,3
9,0.161,0.9925639997368146,0.0074360002631853606,0.6021579275023511,1.7662220761896443,3
9,0.162,0.9924718007336352,0.007528199266364832,0.6021579275023511,1.7662220761896443,3
9,0.163,0.9923790422491948,0.0076209577508051796,0.6021579275023511,1.7662220761896443,3
9,0.164,0.9922857244936327,0.007714275506367274,0.6021579275023511,1.7662220761896443,3
9,0.165,0.9921918476783439,0.007808152321656103,0.6021579275023511,1.7662220761896443,3
9,0.166,0.9920974120159793,0.00790258798402066,0.6021579275023511,1.7662220761896443,3
9,0.167,0.9920024177204437,0.00799758227955627,0.6021579275023511,1.7662220761896443,3
9,0.168,0.991906865006902,0.00809313499309805,0.6021579275023511,1.7662220761896443,3
9,0.169,0.9918107540917707,0.008189245908229337,0.6021579275023511,1.7662220761896443,3
9,0.17,0.991714085192723,0.008285914807277028,0.6021579275023511,1.7662220761896443,3
9,0.171,0.9916168585286769,0.00838314147132313,0.6021579275023511,1.7662220761896443,3
9,0.172,0.9915190743198181,0.008480925680181883,0.6021579275023511,1.7662220761896443,3
9,0.173,0.991420732787569,0.008579267212430963,0.6021579275023511,1.7662220761896443,3
9,0.174,0.9913218341546142,0.008678165845385832,0.6021579275023511,1.7662220761896443,3
9,0.175,0.9912223786448898,0.008777621355110177,0.6021579275023511,1.7662220761896443,3
9,0.176,0.9911223664835586,0.008877633516441441,0.6021579275023511,1.7662220761896443,3
9,0.177,0.9910217978970648,0.008978202102935207,0.6021579275023511,1.7662220761896443,3
9,0.178,0.9909206731130906,0.009079326886909378,0.6021579275023511,1.7662220761896443,3
9,0.179,0.9908189923605484,0.009181007639451622,0.6021579275023511,1.7662220761896443,3
9,0.18,0.990716755869623,0.009283244130376955,0.6021579275023511,1.7662220761896443,3
9,0.181,0.9906139638717284,0.009386036128271602,0.6021579275023511,1.7662220761896443,3
9,0.182,0.9905106165995361,0.009489383400463902,0.6021579275023511,1.7662220761896443,3
9,0.183,0.9904067142869556,0.009593285713044408,0.6021579275023511,1.7662220761896443,3
9,0.184,0.9903022571691196,0.00969774283088043,0.6021579275023511,1.7662220761896443,3
9,0.185,0.990197245482454,0.009802754517545975,0.6021579275023511,1.7662220761896443,3
9,0.186,0.9900916794645898,0.009908320535410242,0.6021579275023511,1.7662220761896443,3
9,0.187,0.9899855593544081,0.010014440645591871,0.6021579275023511,1.7662220761896443,3
9,0.188,0.9898788853920336,0.010121114607966386,0.6021579275023511,1.7662220761896443,3
9,0.189,0.9897716578188317,0.010228342181168304,0.6021579275023511,1.7662220761896443,3
9,0.19,0.9896638768774079,0.010336123122592134,0.6021579275023511,1.7662220761896443,3
9,0.191,0.9895555428115851,0.010444457188414913,0.6021579275023511,1.7662220761896443,3
9,0.192,0.9894466558664702,0.010553344133529818,0.6021579275023511,1.7662220761896443,3
9,0.193,0.989337216288372,0.010662783711627988,0.6021579275023511,1.7662220761896443,3
9,0.194,0.9892272243248525,0.01077277567514745,0.6021579275023511,1.7662220761896443,3
9,0.195,0.9891166802246862,0.01088331977531376,0.6021579275023511,1.7662220761896443,3
9,0.196,0.9890055842379103,0.010994415762089704,0.6021579275023511,1.7662220761896443,3
9,0.197,0.9888939366157862,0.011106063384213827,0.6021579275023511,1.7662220761896443,3
9,0.198,0.9887817376108068,0.011218262389193212,0.6021579275023511,1.7662220761896443,3
9,0.199,0.9886689874766961,0.01133101252330393,0.6021579275023511,1.7662220761896443,3
9,0.2,0.9885556864684192,0.011444313531580819,0.6021579275023511,1.7662220761896443,3
9,0.201,0.9884418348421574,0.011558165157842581,0.6021579275023511,1.7662220761896443,3
9,0.202,0.9883274328553412,0.011672567144658808,0.6021579275023511,1.7662220761896443,3
9,0.203,0.9882124807666041,0.011787519233395938,0.6021579275023511,1.7662220761896443,3
9,0.204,0.988096978835842,0.011903021164157979,0.6021579275023511,1.7662220761896443,3
9,0.205,0.9879809273241559,0.012019072675844122,0.6021579275023511,1.7662220761896443,3
9,0.206,0.9878643264938792,0.01213567350612077,0.6021579275023511,1.7662220761896443,3
9,0.207,0.9877471766085768,0.012252823391423195,0.6021579275023511,1.7662220761896443,3
9,0.208,0.9876294779330242,0.012370522066975753,0.6021579275023511,1.7662220761896443,3
9,0.209,0.9875112307332418,0.012488769266758237,0.6021579275023511,1.7662220761896443,3
9,0.21,0.9873924352764599,0.012607564723540077,0.6021579275023511,1.7662220761896443,3
9,0.211,0.9872730918311352,0.012726908168864792,0.6021579275023511,1.7662220761896443,3
9,0.212,0.9871532006669526,0.012846799333047443,0.6021579275023511,1.7662220761896443,3
9,0.213,0.987032762054802,0.012967237945198051,0.6021579275023511,1.7662220761896443,3
9,0.214,0.9869117762668163,0.013088223733183746,0.6021579275023511,1.7662220761896443,3
9,0.215,0.9867902435763358,0.013209756423664176,0.6021579275023511,1.7662220761896443,3
9,0.216,0.9866681642579134,0.013331835742086628,0.6021579275023511,1.7662220761896443,3
9,0.217,0.9865455385873342,0.013454461412665819,0.6021579275023511,1.7662220761896443,3
9,0.218,0.9864223668415917,0.01357763315840832,0.6021579275023511,1.7662220761896443,3
9,0.219,0.9862986492989091,0.013701350701090909,0.6021579275023511,1.7662220761896443,3
9,0.22,0.9861743862386771,0.013825613761322852,0.6021579275023511,1.7662220761896443,3
9,0.221,0.9860495779415687,0.013950422058431333,0.6021579275023511,1.7662220761896443,3
9,0.222,0.9859242246894334,0.014075775310566585,0.6021579275023511,1.7662220761896443,3
9,0.223,0.9857983267653382,0.014201673234661816,0.6021579275023511,1.7662220761896443,3
9,0.224,0.9856718844535594,0.014328115546440645,0.6021579275023511,1.7662220761896443,3
9,0.225,0.9855448980395914,0.014455101960408556,0.6021579275023511,1.7662220761896443,3
9,0.226,0.9854173678101291,0.014582632189870881,0.6021579275023511,1.7662220761896443,3
9,0.227,0.9852892940530897,0.014710705946910263,0.6021579275023511,1.7662220761896443,3
9,0.228,0.9851606770575845,0.014839322942415523,0.6021579275023511,1.7662220761896443,3
9,0.229,0.9850315171139449,0.014968482886055123,0.6021579275023511,1.7662220761896443,3
9,0.23,0.9849018145137011,0.015098185486298932,0.6021579275023511,1.7662220761896443,3
9,0.231,0.9847715695496048,0.015228430450395236,0.6021579275023511,1.7662220761896443,3
9,0.232,0.9846407825155509,0.015359217484449128,0.6021579275023511,1.7662220761896443,3
9,0.233,0.9845094537067359,0.015490546293264074,0.6021579275023511,1.7662220761896443,3
9,0.234,0.984377583419495,0.015622416580505005,0.6021579275023511,1.7662220761896443,3
9,0.235,0.9842451719513665,0.015754828048633485,0.6021579275023511,1.7662220761896443,3
9,0.236,0.9841122196011185,0.0158877803988815,0.6021579275023511,1.7662220761896443,3
9,0.237,0.9839787266686909,0.016021273331309094,0.6021579275023511,1.7662220761896443,3
9,0.238,0.9838446934552405,0.016155306544759496,0.6021579275023511,1.7662220761896443,3
9,0.239,0.9837101202631156,0.01628987973688445,0.6021579275023511,1.7662220761896443,3
9,0.24,0.9835750073958635,0.016424992604136546,0.6021579275023511,1.7662220761896443,3
9,0.241,0.9834393551582234,0.01656064484177655,0.6021579275023511,1.7662220761896443,3
9,0.242,0.9833031638561377,0.016696836143862304,0.6021579275023511,1.7662220761896443,3
9,0.243,0.9831664337967342,0.016833566203265815,0.6021579275023511,1.7662220761896443,3
9,0.244,0.9830291652883418,0.016970834711658167,0.6021579275023511,1.7662220761896443,3
9,0.245,0.9828913586404786,0.017108641359521393,0.6021579275023511,1.7662220761896443,3
9,0.246,0.9827530141638544,0.01724698583614559,0.6021579275023511,1.7662220761896443,3
9,0.247,0.9826141321703671,0.017385867829632917,0.6021579275023511,1.7662220761896443,3
9,0.248,0.9824747129731081,0.017525287026891934,0.6021579275023511,1.7662220761896443,3
9,0.249,0.9823347568863569,0.017665243113643148,0.6021579275023511,1.7662220761896443,3
9,0.25,0.9821942642255764,0.01780573577442357,0.6021579275023511,1.7662220761896443,3
9,0.251,0.9820532353074221,0.017946764692577943,0.6021579275023511,1.7662220761896443,3
9,0.252,0.9819116704497308,0.018088329550269178,0.6021579275023511,1.7662220761896443,3
9,0.253,0.9817695699715261,0.01823043002847391,0.6021579275023511,1.7662220761896443,3
9,0.254,0.9816269341930107,0.018373065806989275,0.6021579275023511,1.7662220761896443,3
9,0.255,0.9814837634355762,0.018516236564423805,0.6021579275023511,1.7662220761896443,3
9,0.256,0.981340058021796,0.018659941978203975,0.6021579275023511,1.7662220761896443,3
9,0.257,0.9811958182754196,0.018804181724580427,0.6021579275023511,1.7662220761896443,3
9,0.258,0.9810510445213695,0.018948955478630514,0.6021579275023511,1.7662220761896443,3
9,0.259,0.9809057370857656,0.01909426291423444,0.6021579275023511,1.7662220761896443,3
9,0.26,0.980759896295893,0.019240103704107003,0.6021579275023511,1.7662220761896443,3
9,0.261,0.9806135224802096,0.01938647751979039,0.6021579275023511,1.7662220761896443,3
9,0.262,0.9804666159683603,0.019533384031639733,0.6021579275023511,1.7662220761896443,3
9,0.263,0.9803191770911566,0.01968082290884343,0.6021579275023511,1.7662220761896443,3
9,0.264,0.9801712061805848,0.019828793819415158,0.6021579275023511,1.7662220761896443,3
9,0.265,0.9800227035697978,0.019977296430202185,0.6021579275023511,1.7662220761896443,3
9,0.266,0.9798736695931362,0.020126330406863846,0.6021579275023511,1.7662220761896443,3
9,0.267,0.9797241045860994,0.020275895413900624,0.6021579275023511,1.7662220761896443,3
9,0.268,0.9795740088853477,0.020425991114652264,0.6021579275023511,1.7662220761896443,3
9,0.269,0.9794233828287329,0.02057661717126713,0.6021579275023511,1.7662220761896443,3
9,0.27,0.97927222675525,0.020727773244749947,0.6021579275023511,1.7662220761896443,3
9,0.271,0.9791205410050717,0.02087945899492827,0.6021579275023511,1.7662220761896443,3
9,0.272,0.9789683259195409,0.02103167408045914,0.6021579275023511,1.7662220761896443,3
9,0.273,0.9788155818411521,0.021184418158847862,0.6021579275023511,1.7662220761896443,3
9,0.274,0.9786623091135709,0.021337690886429117,0.6021579275023511,1.7662220761896443,3
9,0.275,0.9785085080816228,0.02149149191837718,0.6021579275023511,1.7662220761896443,3
9,0.276,0.9783541790912944,0.021645820908705593,0.6021579275023511,1.7662220761896443,3
9,0.277,0.9781993224897317,0.021800677510268263,0.6021579275023511,1.7662220761896443,3
9,0.278,0.978043938625227,0.021956061374773017,0.6021579275023511,1.7662220761896443,3
9,0.279,0.9778880278472584,0.022111972152741632,0.6021579275023511,1.7662220761896443,3
9,0.28,0.9777315905064329,0.02226840949356712,0.6021579275023511,1.7662220761896443,3
9,0.281,0.9775746269545293,0.022425373045470653,0.6021579275023511,1.7662220761896443,3
9,0.282,0.977417137544474,0.022582862455525987,0.6021579275023511,1.7662220761896443,3
9,0.283,0.9772591226303466,0.022740877369653356,0.6021579275023511,1.7662220761896443,3
9,0.284,0.9771005825673791,0.022899417432620917,0.6021579275023511,1.7662220761896443,3
9,0.285,0.9769415177119518,0.023058482288048188,0.6021579275023511,1.7662220761896443,3
9,0.286,0.9767819284216006,0.02321807157839939,0.6021579275023511,1.7662220761896443,3
9,0.287,0.9766218150550077,0.02337818494499233,0.6021579275023511,1.7662220761896443,3
9,0.288,0.9764611779720008,0.023538822027999173,0.6021579275023511,1.7662220761896443,3
9,0.289,0.9763000175335563,0.02369998246644367,0.6021579275023511,1.7662220761896443,3
9,0.29,0.9761383341017907,0.02386166589820926,0.6021579275023511,1.7662220761896443,3
9,0.291,0.9759761280399725,0.024023871960027532,0.6021579275023511,1.7662220761896443,3
9,0.292,0.9758133997125091,0.024186600287490867,0.6021579275023511,1.7662220761896443,3
9,0.293,0.975650149484947,0.024349850515053006,0.6021579275023511,1.7662220761896443,3
9,0.294,0.975486377723978,0.02451362227602205,0.6021579275023511,1.7662220761896443,3
9,0.295,0.975322084797434,0.024677915202566014,0.6021579275023511,1.7662220761896443,3
9,0.296,0.9751572710742743,0.0248427289257257,0.6021579275023511,1.7662220761896443,3
9,0.297,0.9749919369246126,0.025008063075387388,0.6021579275023511,1.7662220761896443,3
9,0.298,0.9748260827196856,0.025173917280314373,0.6021579275023511,1.7662220761896443,3
9,0.299,0.9746597088318707,0.025340291168129303,0.6021579275023511,1.7662220761896443,3
9,0.3,0.9744928156346774,0.02550718436532262,0.6021579275023511,1.7662220761896443,3
9,0.301,0.9743254035027462,0.025674596497253788,0.6021579275023511,1.7662220761896443,3
9,0.302,0.9741574728118515,0.0258425271881485,0.6021579275023511,1.7662220761896443,3
9,0.303,0.9739890239388969,0.02601097606110314,0.6021579275023511,1.7662220761896443,3
9,0.304,0.9738200572619136,0.026179942738086437,0.6021579275023511,1.7662220761896443,3
9,0.305,0.9736505731600679,0.026349426839932133,0.6021579275023511,1.7662220761896443,3
9,0.306,0.9734805720136329,0.026519427986367083,0.6021579275023511,1.7662220761896443,3
9,0.307,0.9733100542040352,0.026689945795964842,0.6021579275023511,1.7662220761896443,3
9,0.308,0.9731390201138035,0.026860979886196512,0.6021579275023511,1.7662220761896443,3
9,0.309,0.9729674701266028,0.027032529873397215,0.6021579275023511,1.7662220761896443,3
9,0.31,0.9727954046272067,0.027204595372793294,0.6021579275023511,1.7662220761896443,3
9,0.311,0.9726228240015243,0.027377175998475667,0.6021579275023511,1.7662220761896443,3
9,0.312,0.9724497286365733,0.027550271363426693,0.6021579275023511,1.7662220761896443,3
9,0.313,0.972276118920495,0.027723881079504964,0.6021579275023511,1.7662220761896443,3
9,0.314,0.9721019952425429,0.027898004757457073,0.6021579275023511,1.7662220761896443,3
9,0.315,0.9719273579930915,0.02807264200690851,0.6021579275023511,1.7662220761896443,3
9,0.316,0.9717522075636275,0.028247792436372543,0.6021579275023511,1.7662220761896443,3
9,0.317,0.9715765443467498,0.028423455653250218,0.6021579275023511,1.7662220761896443,3
9,0.318,0.9714003687361709,0.02859963126382914,0.6021579275023511,1.7662220761896443,3
9,0.319,0.9712236811267159,0.028776318873284135,0.6021579275023511,1.7662220761896443,3
9,0.32,0.9710464819143094,0.028953518085690577,0.6021579275023511,1.7662220761896443,3
9,0.321,0.970868771495997,0.02913122850400296,0.6021579275023511,1.7662220761896443,3
9,0.322,0.9706905502699282,0.029309449730071768,0.6021579275023511,1.7662220761896443,3
9,0.323,0.9705118186353532,0.029488181364646815,0.6021579275023511,1.7662220761896443,3
9,0.324,0.9703325769926314,0.029667423007368576,0.6021579275023511,1.7662220761896443,3
9,0.325,0.970152825743224,0.029847174256775966,0.6021579275023511,1.7662220761896443,3
9,0.326,0.9699725652896932,0.030027434710306777,0.6021579275023511,1.7662220761896443,3
9,0.327,0.9697917960357039,0.030208203964296132,0.6021579275023511,1.7662220761896443,3
9,0.328,0.9696105183860199,0.03038948161398014,0.6021579275023511,1.7662220761896443,3
9,0.329,0.9694287327465014,0.03057126725349857,0.6021579275023511,1.7662220761896443,3
9,0.33,0.9692464395241082,0.03075356047589184,0.6021579275023511,1.7662220761896443,3
9,0.331,0.9690636391268945,0.030936360873105473,0.6021579275023511,1.7662220761896443,3
9,0.332,0.9688803319640085,0.031119668035991532,0.6021579275023511,1.7662220761896443,3
9,0.333,0.9686965184456922,0.031303481554307844,0.6021579275023511,1.7662220761896443,3
9,0.334,0.9685121989832797,0.03148780101672033,0.6021579275023511,1.7662220761896443,3
9,0.335,0.9683273739891934,0.03167262601080656,0.6021579275023511,1.7662220761896443,3
9,0.336,0.9681420438769505,0.031857956123049536,0.6021579275023511,1.7662220761896443,3
9,0.337,0.967956209061145,0.03204379093885501,0.6021579275023511,1.7662220761896443,3
9,0.338,0.9677698699574705,0.0322301300425295,0.6021579275023511,1.7662220761896443,3
9,0.339,0.9675830269826978,0.032416973017302175,0.6021579275023511,1.7662220761896443,3
9,0.34,0.967395680554684,0.032604319445316055,0.6021579275023511,1.7662220761896443,3
9,0.341,0.9672078310923685,0.03279216890763148,0.6021579275023511,1.7662220761896443,3
9,0.342,0.9670194790157736,0.032980520984226436,0.6021579275023511,1.7662220761896443,3
9,0.343,0.9668306247459972,0.033169375254002764,0.6021579275023511,1.7662220761896443,3
9,0.344,0.9666412687052232,0.033358731294776844,0.6021579275023511,1.7662220761896443,3
9,0.345,0.9664514113167038,0.03354858868329624,0.6021579275023511,1.7662220761896443,3
9,0.346,0.9662610530047737,0.03373894699522628,0.6021579275023511,1.7662220761896443,3
9,0.347,0.9660701941948415,0.033929805805158475,0.6021579275023511,1.7662220761896443,3
9,0.348,0.9658788353133871,0.03412116468661286,0.6021579275023511,1.7662220761896443,3
9,0.349,0.9656869767879634,0.03431302321203655,0.6021579275023511,1.7662220761896443,3
9,0.35,0.9654946190471945,0.03450538095280553,0.6021579275023511,1.7662220761896443,3
9,0.351,0.9653017625207739,0.03469823747922607,0.6021579275023511,1.7662220761896443,3
9,0.352,0.9651084076394594,0.034891592360540624,0.6021579275023511,1.7662220761896443,3
9,0.353,0.9649145548350789,0.03508544516492107,0.6021579275023511,1.7662220761896443,3
9,0.354,0.9647202045405273,0.035279795459472685,0.6021579275023511,1.7662220761896443,3
9,0.355,0.9645253571897586,0.035474642810241375,0.6021579275023511,1.7662220761896443,3
9,0.356,0.9643300132177951,0.0356699867822049,0.6021579275023511,1.7662220761896443,3
9,0.357,0.96413417306071,0.03586582693928997,0.6021579275023511,1.7662220761896443,3
9,0.358,0.9639378371556481,0.03606216284435193,0.6021579275023511,1.7662220761896443,3
9,0.359,0.9637410059408067,0.036258994059193306,0.6021579275023511,1.7662220761896443,3
9,0.36,0.9635436798554388,0.03645632014456124,0.6021579275023511,1.7662220761896443,3
9,0.361,0.9633458593398568,0.036654140660143164,0.6021579275023511,1.7662220761896443,3
9,0.362,0.9631475448354231,0.036852455164576914,0.6021579275023511,1.7662220761896443,3
9,0.363,0.9629487367845573,0.03705126321544272,0.6021579275023511,1.7662220761896443,3
9,0.364,0.9627494356307266,0.03725056436927343,0.6021579275023511,1.7662220761896443,3
9,0.365,0.9625496418184482,0.037450358181551846,0.6021579275023511,1.7662220761896443,3
9,0.366,0.9623493557932936,0.037650644206706385,0.6021579275023511,1.7662220761896443,3
9,0.367,0.9621485780018737,0.0378514219981263,0.6021579275023511,1.7662220761896443,3
9,0.368,0.9619473088918532,0.0380526911081468,0.6021579275023511,1.7662220761896443,3
9,0.369,0.9617455489119245,0.03825445108807546,0.6021579275023511,1.7662220761896443,3
9,0.37,0.9615432985118488,0.03845670148815117,0.6021579275023511,1.7662220761896443,3
9,0.371,0.9613405581424087,0.03865944185759129,0.6021579275023511,1.7662220761896443,3
9,0.372,0.9611373282554345,0.03886267174456548,0.6021579275023511,1.7662220761896443,3
9,0.373,0.9609336093037943,0.039066390696205655,0.6021579275023511,1.7662220761896443,3
9,0.374,0.9607294017413911,0.0392705982586089,0.6021579275023511,1.7662220761896443,3
9,0.375,0.9605247060231679,0.03947529397683214,0.6021579275023511,1.7662220761896443,3
9,0.376,0.9603195226050959,0.0396804773949041,0.6021579275023511,1.7662220761896443,3
9,0.377,0.9601138519441882,0.03988614805581181,0.6021579275023511,1.7662220761896443,3
9,0.378,0.9599076944984772,0.04009230550152276,0.6021579275023511,1.7662220761896443,3
9,0.379,0.9597010507270376,0.0402989492729624,0.6021579275023511,1.7662220761896443,3
9,0.38,0.9594939210899659,0.040506078910034105,0.6021579275023511,1.7662220761896443,3
9,0.381,0.9592863060483852,0.04071369395161484,0.6021579275023511,1.7662220761896443,3
9,0.382,0.9590782060644526,0.0409217939355474,0.6021579275023511,1.7662220761896443,3
9,0.383,0.9588696216013262,0.04113037839867384,0.6021579275023511,1.7662220761896443,3
9,0.384,0.95866055312322,0.04133944687678004,0.6021579275023511,1.7662220761896443,3
9,0.385,0.9584510010953473,0.04154899890465269,0.6021579275023511,1.7662220761896443,3
9,0.386,0.9582409659839443,0.04175903401605574,0.6021579275023511,1.7662220761896443,3
9,0.387,0.9580304482562688,0.04196955174373118,0.6021579275023511,1.7662220761896443,3
9,0.388,0.9578194483805962,0.04218055161940382,0.6021579275023511,1.7662220761896443,3
9,0.389,0.9576079668262117,0.04239203317378826,0.6021579275023511,1.7662220761896443,3
9,0.39,0.9573960040634182,0.04260399593658182,0.6021579275023511,1.7662220761896443,3
9,0.391,0.957183560563533,0.04281643943646696,0.6021579275023511,1.7662220761896443,3
9,0.392,0.9569706367988784,0.043029363201121607,0.6021579275023511,1.7662220761896443,3
9,0.393,0.9567572332427917,0.043242766757208284,0.6021579275023511,1.7662220761896443,3
9,0.394,0.9565433503696144,0.043456649630385646,0.6021579275023511,1.7662220761896443,3
9,0.395,0.9563289886546952,0.04367101134530482,0.6021579275023511,1.7662220761896443,3
9,0.396,0.9561141485743906,0.04388585142560941,0.6021579275023511,1.7662220761896443,3
9,0.397,0.9558988306060521,0.044101169393947925,0.6021579275023511,1.7662220761896443,3
9,0.398,0.9556830352280455,0.04431696477195446,0.6021579275023511,1.7662220761896443,3
9,0.399,0.9554667629197251,0.0445332370802749,0.6021579275023511,1.7662220761896443,3
9,0.4,0.9552500141614491,0.04474998583855094,0.6021579275023511,1.7662220761896443,3
9,0.401,0.9550327894345749,0.044967210565425075,0.6021579275023511,1.7662220761896443,3
9,0.402,0.9548150892214553,0.045184910778544696,0.6021579275023511,1.7662220761896443,3
9,0.403,0.9545969140054265,0.045403085994573544,0.6021579275023511,1.7662220761896443,3
9,0.404,0.9543782642708354,0.045621735729164614,0.6021579275023511,1.7662220761896443,3
9,0.405,0.9541591405030073,0.04584085949699268,0.6021579275023511,1.7662220761896443,3
9,0.406,0.9539395431882601,0.04606045681173987,0.6021579275023511,1.7662220761896443,3
9,0.407,0.9537194728139002,0.04628052718609976,0.6021579275023511,1.7662220761896443,3
9,0.408,0.9534989298682219,0.046501070131778066,0.6021579275023511,1.7662220761896443,3
9,0.409,0.9532779148405011,0.04672208515949894,0.6021579275023511,1.7662220761896443,3
9,0.41,0.9530564282209986,0.046943571779001436,0.6021579275023511,1.7662220761896443,3
9,0.411,0.952834470500958,0.04716552949904196,0.6021579275023511,1.7662220761896443,3
9,0.412,0.9526120421726025,0.047387957827397464,0.6021579275023511,1.7662220761896443,3
9,0.413,0.9523891437291331,0.04761085627086692,0.6021579275023511,1.7662220761896443,3
9,0.414,0.9521657756647302,0.04783422433526985,0.6021579275023511,1.7662220761896443,3
9,0.415,0.9519419384745456,0.04805806152545444,0.6021579275023511,1.7662220761896443,3
9,0.416,0.9517176326547101,0.0482823673452899,0.6021579275023511,1.7662220761896443,3
9,0.417,0.9514928587023228,0.04850714129767719,0.6021579275023511,1.7662220761896443,3
9,0.418,0.9512676171154538,0.04873238288454618,0.6021579275023511,1.7662220761896443,3
9,0.419,0.9510419083931466,0.04895809160685338,0.6021579275023511,1.7662220761896443,3
9,0.42,0.9508157330354077,0.04918426696459233,0.6021579275023511,1.7662220761896443,3
9,0.421,0.9505890915432125,0.04941090845678753,0.6021579275023511,1.7662220761896443,3
9,0.422,0.950361984418498,0.04963801558150205,0.6021579275023511,1.7662220761896443,3
9,0.423,0.9501344121641673,0.049865587835832725,0.6021579275023511,1.7662220761896443,3
9,0.424,0.9499063752840824,0.050093624715917606,0.6021579275023511,1.7662220761896443,3
9,0.425,0.949677874283066,0.05032212571693395,0.6021579275023511,1.7662220761896443,3
9,0.426,0.9494489096668977,0.050551090333102344,0.6021579275023511,1.7662220761896443,3
9,0.427,0.9492194819423156,0.050780518057684354,0.6021579275023511,1.7662220761896443,3
9,0.428,0.9489895916170104,0.05101040838298965,0.6021579275023511,1.7662220761896443,3
9,0.429,0.9487592391996271,0.051240760800372875,0.6021579275023511,1.7662220761896443,3
9,0.43,0.9485284251997621,0.051471574800237896,0.6021579275023511,1.7662220761896443,3
9,0.431,0.9482971501279627,0.051702849872037326,0.6021579275023511,1.7662220761896443,3
9,0.432,0.9480654144957199,0.051934585504280095,0.6021579275023511,1.7662220761896443,3
9,0.433,0.9478332188154782,0.05216678118452178,0.6021579275023511,1.7662220761896443,3
9,0.434,0.9476005636006242,0.05239943639937583,0.6021579275023511,1.7662220761896443,3
9,0.435,0.9473674493654854,0.05263255063451455,0.6021579275023511,1.7662220761896443,3
9,0.436,0.9471338766253343,0.052866123374665674,0.6021579275023511,1.7662220761896443,3
9,0.437,0.9468998458963839,0.053100154103616126,0.6021579275023511,1.7662220761896443,3
9,0.438,0.9466653576957798,0.05333464230422025,0.6021579275023511,1.7662220761896443,3
9,0.439,0.9464304125416141,0.053569587458385914,0.6021579275023511,1.7662220761896443,3
9,0.44,0.946195010952907,0.053804989047092966,0.6021579275023511,1.7662220761896443,3
9,0.441,0.9459591534496123,0.054040846550387656,0.6021579275023511,1.7662220761896443,3
9,0.442,0.9457228405526175,0.05427715944738254,0.6021579275023511,1.7662220761896443,3
9,0.443,0.9454860727837424,0.054513927216257585,0.6021579275023511,1.7662220761896443,3
9,0.444,0.9452488506657317,0.05475114933426828,0.6021579275023511,1.7662220761896443,3
9,0.445,0.9450111747222588,0.05498882527774118,0.6021579275023511,1.7662220761896443,3
9,0.446,0.9447730454779214,0.0552269545220786,0.6021579275023511,1.7662220761896443,3
9,0.447,0.944534463458242,0.05546553654175801,0.6021579275023511,1.7662220761896443,3
9,0.448,0.9442954291896627,0.055704570810337306,0.6021579275023511,1.7662220761896443,3
9,0.449,0.9440559431995486,0.05594405680045145,0.6021579275023511,1.7662220761896443,3
9,0.45,0.9438160060161814,0.05618399398381857,0.6021579275023511,1.7662220761896443,3
9,0.451,0.9435756181687591,0.05642438183124088,0.6021579275023511,1.7662220761896443,3
9,0.452,0.9433347801873944,0.05666521981260564,0.6021579275023511,1.7662220761896443,3
9,0.453,0.9430934926031167,0.0569065073968833,0.6021579275023511,1.7662220761896443,3
9,0.454,0.9428517559478663,0.0571482440521337,0.6021579275023511,1.7662220761896443,3
9,0.455,0.942609570754488,0.057390429245511965,0.6021579275023511,1.7662220761896443,3
9,0.456,0.942366937556743,0.057633062443257055,0.6021579275023511,1.7662220761896443,3
9,0.457,0.9421238568892925,0.057876143110707545,0.6021579275023511,1.7662220761896443,3
9,0.458,0.9418803292877067,0.05811967071229329,0.6021579275023511,1.7662220761896443,3
9,0.459,0.9416363552884572,0.05836364471154276,0.6021579275023511,1.7662220761896443,3
9,0.46,0.9413919354289171,0.05860806457108292,0.6021579275023511,1.7662220761896443,3
9,0.461,0.9411470702473599,0.058852929752640115,0.6021579275023511,1.7662220761896443,3
9,0.462,0.9409017602829539,0.059098239717046086,0.6021579275023511,1.7662220761896443,3
9,0.463,0.9406560060757699,0.059343993924230065,0.6021579275023511,1.7662220761896443,3
9,0.464,0.9404098081667683,0.059590191833231665,0.6021579275023511,1.7662220761896443,3
9,0.465,0.9401631670978027,0.05983683290219732,0.6021579275023511,1.7662220761896443,3
9,0.466,0.939916083411622,0.06008391658837797,0.6021579275023511,1.7662220761896443,3
9,0.467,0.9396685576518552,0.060331442348144804,0.6021579275023511,1.7662220761896443,3
9,0.468,0.9394205903630308,0.06057940963696917,0.6021579275023511,1.7662220761896443,3
9,0.469,0.9391721820905541,0.060827817909445914,0.6021579275023511,1.7662220761896443,3
9,0.47,0.9389233333807205,0.06107666661927946,0.6021579275023511,1.7662220761896443,3
9,0.471,0.9386740447806993,0.06132595521930073,0.6021579275023511,1.7662220761896443,3
9,0.472,0.9384243168385517,0.06157568316144835,0.6021579275023511,1.7662220761896443,3
9,0.473,0.9381741501032088,0.061825849896791185,0.6021579275023511,1.7662220761896443,3
9,0.474,0.937923545124483,0.06207645487551705,0.6021579275023511,1.7662220761896443,3
9,0.475,0.9376725024530617,0.06232749754693834,0.6021579275023511,1.7662220761896443,3
9,0.476,0.9374210226405034,0.06257897735949658,0.6021579275023511,1.7662220761896443,3
9,0.477,0.9371691062392407,0.06283089376075934,0.6021579275023511,1.7662220761896443,3
9,0.478,0.9369167538025762,0.06308324619742378,0.6021579275023511,1.7662220761896443,3
9,0.479,0.9366639658846804,0.06333603411531963,0.6021579275023511,1.7662220761896443,3
9,0.48,0.9364107430405884,0.06358925695941164,0.6021579275023511,1.7662220761896443,3
9,0.481,0.9361570858262017,0.06384291417379828,0.6021579275023511,1.7662220761896443,3
9,0.482,0.9359029947982866,0.06409700520171335,0.6021579275023511,1.7662220761896443,3
9,0.483,0.9356484705144658,0.06435152948553424,0.6021579275023511,1.7662220761896443,3
9,0.484,0.9353935135332254,0.06460648646677458,0.6021579275023511,1.7662220761896443,3
9,0.485,0.9351381244139081,0.06486187558609191,0.6021579275023511,1.7662220761896443,3
9,0.486,0.9348823037167097,0.06511769628329034,0.6021579275023511,1.7662220761896443,3
9,0.487,0.9346260520026832,0.06537394799731677,0.6021579275023511,1.7662220761896443,3
9,0.488,0.9343693698337321,0.06563063016626791,0.6021579275023511,1.7662220761896443,3
9,0.489,0.9341122577726122,0.0658877422273878,0.6021579275023511,1.7662220761896443,3
9,0.49,0.9338547163829236,0.06614528361707639,0.6021579275023511,1.7662220761896443,3
9,0.491,0.9335967462291169,0.06640325377088308,0.6021579275023511,1.7662220761896443,3
9,0.492,0.9333383478764876,0.06666165212351238,0.6021579275023511,1.7662220761896443,3
9,0.493,0.9330795218911696,0.0669204781088304,0.6021579275023511,1.7662220761896443,3
9,0.494,0.9328202688401454,0.06717973115985465,0.6021579275023511,1.7662220761896443,3
9,0.495,0.9325605892912289,0.06743941070877113,0.6021579275023511,1.7662220761896443,3
9,0.496,0.9323004838130787,0.06769951618692127,0.6021579275023511,1.7662220761896443,3
9,0.497,0.9320399529751848,0.06796004702481517,0.6021579275023511,1.7662220761896443,3
9,0.498,0.9317789973478724,0.0682210026521276,0.6021579275023511,1.7662220761896443,3
9,0.499,0.9315176175022994,0.06848238249770056,0.6021579275023511,1.7662220761896443,3
9,0.5,0.9312558140104522,0.06874418598954779,0.6021579275023511,1.7662220761896443,3
